review_type,source_ref,identity_key,logical_source,detail,recommended_action
COORDINATION_CLASS_REVIEW,KAPASITOR!10:UNBALANCE,ASSET|GI 150KV ANGKE|KAPASITOR SC|#1|ALSTOM|MICOM P14N|UNBALANCE,KAPASITOR,CAP_UNBALANCE is not classified by the prompt table.,Owner must classify or approve an explicit out-of-scope class.
COORDINATION_CLASS_REVIEW,KAPASITOR!10:UVR_OVR,ASSET|GI 150KV ANGKE|KAPASITOR SC|#1|ALSTOM|MICOM P94V|UVR_OVR,KAPASITOR,UVR_OVR is not classified by the prompt table.,Owner must classify or approve an explicit out-of-scope class.
COORDINATION_CLASS_REVIEW,KAPASITOR!11:UNBALANCE,SERIAL|344267/04/18,KAPASITOR,CAP_UNBALANCE is not classified by the prompt table.,Owner must classify or approve an explicit out-of-scope class.
COORDINATION_CLASS_REVIEW,KAPASITOR!11:UVR_OVR,SERIAL|34423266/04/18,KAPASITOR,UVR_OVR is not classified by the prompt table.,Owner must classify or approve an explicit out-of-scope class.
COORDINATION_CLASS_REVIEW,KAPASITOR!12:UNBALANCE,SERIAL|7SR21021AA870C0-CC,KAPASITOR,CAP_UNBALANCE is not classified by the prompt table.,Owner must classify or approve an explicit out-of-scope class.
COORDINATION_CLASS_REVIEW,KAPASITOR!12:UVR_OVR,SERIAL|BF1209066513,KAPASITOR,UVR_OVR is not classified by the prompt table.,Owner must classify or approve an explicit out-of-scope class.
COORDINATION_CLASS_REVIEW,KAPASITOR!13:UNBALANCE,SERIAL|NRJB2088871540030,KAPASITOR,CAP_UNBALANCE is not classified by the prompt table.,Owner must classify or approve an explicit out-of-scope class.
COORDINATION_CLASS_REVIEW,KAPASITOR!13:UVR_OVR,SERIAL|NRJB2088871540040,KAPASITOR,UVR_OVR is not classified by the prompt table.,Owner must classify or approve an explicit out-of-scope class.
COORDINATION_CLASS_REVIEW,KAPASITOR!14:UNBALANCE,SERIAL|I0100235,KAPASITOR,CAP_UNBALANCE is not classified by the prompt table.,Owner must classify or approve an explicit out-of-scope class.
COORDINATION_CLASS_REVIEW,KAPASITOR!14:UVR_OVR,SERIAL|3702380,KAPASITOR,UVR_OVR is not classified by the prompt table.,Owner must classify or approve an explicit out-of-scope class.
COORDINATION_CLASS_REVIEW,KAPASITOR!15:UNBALANCE,ASSET|GI 150KV CENGKARENG|KAPASITOR SC|#1|NOKIAN CAPACITORS|NUR 36|UNBALANCE,KAPASITOR,CAP_UNBALANCE is not classified by the prompt table.,Owner must classify or approve an explicit out-of-scope class.
COORDINATION_CLASS_REVIEW,KAPASITOR!16:UNBALANCE,SERIAL|33980381/02/17,KAPASITOR,CAP_UNBALANCE is not classified by the prompt table.,Owner must classify or approve an explicit out-of-scope class.
COORDINATION_CLASS_REVIEW,KAPASITOR!17:UNBALANCE,SERIAL|NRJB2088871542350,KAPASITOR,CAP_UNBALANCE is not classified by the prompt table.,Owner must classify or approve an explicit out-of-scope class.
COORDINATION_CLASS_REVIEW,KAPASITOR!17:UVR_OVR,SERIAL|NRJB2088871542370,KAPASITOR,UVR_OVR is not classified by the prompt table.,Owner must classify or approve an explicit out-of-scope class.
COORDINATION_CLASS_REVIEW,KAPASITOR!18:UNBALANCE,SERIAL|607785,KAPASITOR,CAP_UNBALANCE is not classified by the prompt table.,Owner must classify or approve an explicit out-of-scope class.
COORDINATION_CLASS_REVIEW,KAPASITOR!18:UVR_OVR,SERIAL|2505095,KAPASITOR,UVR_OVR is not classified by the prompt table.,Owner must classify or approve an explicit out-of-scope class.
COORDINATION_CLASS_REVIEW,KAPASITOR!19:UNBALANCE,ASSET|GI 150KV TANGERANG|KAPASITOR SC|#1|ABB|SPAJ 160 C|UNBALANCE,KAPASITOR,CAP_UNBALANCE is not classified by the prompt table.,Owner must classify or approve an explicit out-of-scope class.
COORDINATION_CLASS_REVIEW,KAPASITOR!19:UVR_OVR,SERIAL|201074,KAPASITOR,UVR_OVR is not classified by the prompt table.,Owner must classify or approve an explicit out-of-scope class.
IDENTITY_METADATA_CONFLICT,AR!63:AR | DIST!65:DIST | LCD!65:LCD,SERIAL|197931U,,bay=PHT 150KV DAAN MOGOT#1 <> PHT 150KV GIS MUARAKARANG BARU#1,Verify source rows; do not link until conflict is resolved.
IDENTITY_METADATA_CONFLICT,AR!92:AR | DIST!88:DIST | LCD!88:LCD,SERIAL|31830604/07/11,,bay=PHT 150KV CIKUPA#1 <> PHT 150KV MAXIMANGANDO#1,Verify source rows; do not link until conflict is resolved.
IDENTITY_METADATA_CONFLICT,CBF!10:CBF | CBF&CCP!11:SZP | CBF&CCP!8:CBF | SZP!10:SZP,SERIAL|3307182,,gi=GITET 500KV BALARAJA <> GITET BALARAJA; bay=CUT-OFF 1 DIAMETER 1 <> IBT,Verify source rows; do not link until conflict is resolved.
IDENTITY_METADATA_CONFLICT,CBF!11:CBF | CBF&CCP!27:CBF | CBF&CCP!30:SZP | SZP!11:SZP,SERIAL|3307172,,gi=GITET 500KV BALARAJA <> GITET BALARAJA; bay=CUT-OFF 1 DIAMETER 2 <> IBT,Verify source rows; do not link until conflict is resolved.
IDENTITY_METADATA_CONFLICT,CBF!12:CBF | CBF&CCP!84:CBF_7A5 | CBF&CCP!87:SZP_7A5 | SZP!12:SZP,SERIAL|BF1201064272,,gi=GITET 500KV BALARAJA <> GITET BALARAJA; bay=DIAMETER 5 <> IBT; model=7VK61 <> SIPROTEC 7VK61,Verify source rows; do not link until conflict is resolved.
IDENTITY_METADATA_CONFLICT,CBF!13:CBF | CBF&CCP!101:SZP_7A6 | CBF&CCP!98:CBF_7A6 | SZP!13:SZP,SERIAL|32687102/10/13,,gi=GITET 500KV BALARAJA <> GITET BALARAJA; bay=DIAMETER 6 <> IBT; manufacturer=ALSTOM <> AREVA; model=MICOM P821 <> MICOM P841,Verify source rows; do not link until conflict is resolved.
IDENTITY_METADATA_CONFLICT,CBF!14:CBF | CBF&CCP!39:CBF | CBF&CCP!42:SZP | SZP!14:SZP,SERIAL|3307181,,gi=GITET 500KV BALARAJA <> GITET BALARAJA; bay=CUT-OFF 3 DIAMETER 2 <> PHT 500KV JAWA 7,Verify source rows; do not link until conflict is resolved.
IDENTITY_METADATA_CONFLICT,CBF!16:CBF | CBF&CCP!46:CBF | CBF&CCP!49:SZP | SZP!16:SZP,SERIAL|3307179,,gi=GITET 500KV BALARAJA <> GITET BALARAJA; bay=CUT-OFF 1 DIAMETER 3 <> PHT 500KV LENGKONG,Verify source rows; do not link until conflict is resolved.
IDENTITY_METADATA_CONFLICT,CBF!17:CBF | CBF&CCP!65:CBF | CBF&CCP!68:SZP | SZP!17:SZP,SERIAL|3307174,,gi=GITET 500KV BALARAJA <> GITET BALARAJA; bay=CUT-OFF 1 DIAMETER 4 <> PHT 500KV LENGKONG,Verify source rows; do not link until conflict is resolved.
IDENTITY_METADATA_CONFLICT,CBF!19:CBF | CBF&CCP!77:CBF | CBF&CCP!80:SZP | SZP!19:SZP,SERIAL|3307180,,gi=GITET 500KV BALARAJA <> GITET BALARAJA; bay=CUT-OFF 3 DIAMETER 4 <> PHT 500KV SURALAYA,Verify source rows; do not link until conflict is resolved.
IDENTITY_METADATA_CONFLICT,CBF!22:CBF | CBF&CCP!15:CBF | CBF&CCP!18:SZP | SZP!22:SZP,SERIAL|3307173,,gi=GITET 500KV BALARAJA <> GITET BALARAJA,Verify source rows; do not link until conflict is resolved.
IDENTITY_METADATA_CONFLICT,CBF!23:CBF | CBF&CCP!34:CBF | CBF&CCP!37:SZP | SZP!23:SZP,SERIAL|3307171,,gi=GITET 500KV BALARAJA <> GITET BALARAJA,Verify source rows; do not link until conflict is resolved.
IDENTITY_METADATA_CONFLICT,CBF!24:CBF | CBF&CCP!53:CBF | CBF&CCP!56:SZP | SZP!24:SZP,SERIAL|3307176,,gi=GITET 500KV BALARAJA <> GITET BALARAJA,Verify source rows; do not link until conflict is resolved.
IDENTITY_METADATA_CONFLICT,CBF!25:CBF | CBF&CCP!72:CBF | CBF&CCP!75:SZP | SZP!25:SZP,SERIAL|3307177,,gi=GITET 500KV BALARAJA <> GITET BALARAJA,Verify source rows; do not link until conflict is resolved.
IDENTITY_METADATA_CONFLICT,CBF!26:CBF | CBF&CCP!93:CBF_7AB5 | CBF&CCP!96:SZP_7AB5 | SZP!26:SZP,SERIAL|BF1201064277,,gi=GITET 500KV BALARAJA <> GITET BALARAJA; model=7VK61 <> SIPROTEC 7VK61,Verify source rows; do not link until conflict is resolved.
IDENTITY_METADATA_CONFLICT,CBF!27:CBF | CBF&CCP!107:CBF_7AB6 | CBF&CCP!110:SZP_7AB6 | SZP!27:SZP,SERIAL|32687103/10/13,,gi=GITET 500KV BALARAJA <> GITET BALARAJA; manufacturer=ALSTOM <> AREVA; model=MICOM P821 <> MICOM P841,Verify source rows; do not link until conflict is resolved.
IDENTITY_METADATA_CONFLICT,CBF!341:CBF | CBF&CCP!155:CBF,SERIAL|7430100901001,,gi=GIS 150KV LONTAR <> GIS LONTAR; bay=PHT 150KV TANGERANG BARU <> PMT 5B2,Verify source rows; do not link until conflict is resolved.
IDENTITY_METADATA_CONFLICT,CBF!342:CBF | CBF&CCP!142:CBF,SERIAL|7430100900401,,gi=GIS 150KV LONTAR <> GIS LONTAR; bay=PHT 150KV TANGERANG BARU <> PMT 5B1,Verify source rows; do not link until conflict is resolved.
IDENTITY_METADATA_CONFLICT,CBF!343:CBF | CBF&CCP!181:CBF,SERIAL|7430100900701,,gi=GIS 150KV LONTAR <> GIS LONTAR; bay=PHT 150KV DADAP <> PMT 5B4,Verify source rows; do not link until conflict is resolved.
IDENTITY_METADATA_CONFLICT,CBF!344:CBF | CBF&CCP!168:CBF,SERIAL|7430100900101,,gi=GIS 150KV LONTAR <> GIS LONTAR; bay=PHT 150KV DADAP <> PMT 5B3,Verify source rows; do not link until conflict is resolved.
IDENTITY_METADATA_CONFLICT,CBF!345:CBF | CBF&CCP!139:CBF,SERIAL|7430100900801,,gi=GIS 150KV LONTAR <> GIS LONTAR,Verify source rows; do not link until conflict is resolved.
IDENTITY_METADATA_CONFLICT,CBF!346:CBF | CBF&CCP!152:CBF,SERIAL|7430100900301,,gi=GIS 150KV LONTAR <> GIS LONTAR,Verify source rows; do not link until conflict is resolved.
IDENTITY_METADATA_CONFLICT,CBF!347:CBF | CBF&CCP!165:CBF,SERIAL|7430100901201,,gi=GIS 150KV LONTAR <> GIS LONTAR,Verify source rows; do not link until conflict is resolved.
IDENTITY_METADATA_CONFLICT,CBF!348:CBF | CBF&CCP!178:CBF,SERIAL|7430100900201,,gi=GIS 150KV LONTAR <> GIS LONTAR,Verify source rows; do not link until conflict is resolved.
IDENTITY_METADATA_CONFLICT,CBF!349:CBF | CBF!350:CBF | CBF&CCP!134:CBF | CBF&CCP!147:CBF,SERIAL|7430100900901,,gi=GIS 150KV LONTAR <> GIS LONTAR; bay=PMT 5A1 <> PMT 5A2,Verify source rows; do not link until conflict is resolved.
IDENTITY_METADATA_CONFLICT,CBF!351:CBF | CBF&CCP!160:CBF,SERIAL|7430100900501,,gi=GIS 150KV LONTAR <> GIS LONTAR,Verify source rows; do not link until conflict is resolved.
IDENTITY_METADATA_CONFLICT,CBF!352:CBF | CBF&CCP!173:CBF,SERIAL|7430100900601,,gi=GIS 150KV LONTAR <> GIS LONTAR,Verify source rows; do not link until conflict is resolved.
IDENTITY_METADATA_CONFLICT,CBF&CCP!103:CCP_1_F871 | CCP!13:CCP_1,SERIAL|32677515/09/13,,gi=GITET 500KV BALARAJA <> GITET BALARAJA; bay=DIAMETER 6 <> IBT,Verify source rows; do not link until conflict is resolved.
IDENTITY_METADATA_CONFLICT,CBF&CCP!105:CCP_1_F872 | CCP!13:CCP_2,SERIAL|32677514/09/13,,gi=GITET 500KV BALARAJA <> GITET BALARAJA; bay=DIAMETER 6 <> IBT,Verify source rows; do not link until conflict is resolved.
IDENTITY_METADATA_CONFLICT,CBF&CCP!13:CCP_1 | CCP!10:CCP_1,SERIAL|10025276/08/07,,gi=GITET 500KV BALARAJA <> GITET BALARAJA; bay=CUT-OFF 1 DIAMETER 1 <> IBT,Verify source rows; do not link until conflict is resolved.
IDENTITY_METADATA_CONFLICT,CBF&CCP!14:CCP_2 | CCP!10:CCP_2,SERIAL|10025277/08/07,,gi=GITET 500KV BALARAJA <> GITET BALARAJA; bay=CUT-OFF 1 DIAMETER 1 <> IBT,Verify source rows; do not link until conflict is resolved.
IDENTITY_METADATA_CONFLICT,CBF&CCP!20:CBF | CBF&CCP!23:SZP | SZP!15:SZP,SERIAL|3307175,,gi=GITET 500KV BALARAJA <> GITET BALARAJA; bay=CUT-OFF 3 DIAMETER 1 <> PHT 500KV JAWA 7,Verify source rows; do not link until conflict is resolved.
IDENTITY_METADATA_CONFLICT,CBF&CCP!25:CCP_1 | CCP!15:CCP_1,SERIAL|10025312/08/07,,gi=GITET 500KV BALARAJA <> GITET BALARAJA; bay=CUT-OFF 3 DIAMETER 1 <> PHT 500KV JAWA 7,Verify source rows; do not link until conflict is resolved.
IDENTITY_METADATA_CONFLICT,CBF&CCP!26:CCP_2 | CCP!15:CCP_2,SERIAL|10025321/08/07,,gi=GITET 500KV BALARAJA <> GITET BALARAJA; bay=CUT-OFF 3 DIAMETER 1 <> PHT 500KV JAWA 7,Verify source rows; do not link until conflict is resolved.
IDENTITY_METADATA_CONFLICT,CBF&CCP!32:CCP_1 | CCP!11:CCP_1,SERIAL|10025273/08/07,,gi=GITET 500KV BALARAJA <> GITET BALARAJA; bay=CUT-OFF 1 DIAMETER 2 <> IBT,Verify source rows; do not link until conflict is resolved.
IDENTITY_METADATA_CONFLICT,CBF&CCP!33:CCP_2 | CCP!11:CCP_2,SERIAL|10025318/08/07,,gi=GITET 500KV BALARAJA <> GITET BALARAJA; bay=CUT-OFF 1 DIAMETER 2 <> IBT,Verify source rows; do not link until conflict is resolved.
IDENTITY_METADATA_CONFLICT,CBF&CCP!44:CCP_1 | CCP!14:CCP_1,SERIAL|10025274/08/07,,gi=GITET 500KV BALARAJA <> GITET BALARAJA; bay=CUT-OFF 3 DIAMETER 2 <> PHT 500KV JAWA 7,Verify source rows; do not link until conflict is resolved.
IDENTITY_METADATA_CONFLICT,CBF&CCP!45:CCP_2 | CCP!14:CCP_2,SERIAL|10025278/08/07,,gi=GITET 500KV BALARAJA <> GITET BALARAJA; bay=CUT-OFF 3 DIAMETER 2 <> PHT 500KV JAWA 7,Verify source rows; do not link until conflict is resolved.
IDENTITY_METADATA_CONFLICT,CBF&CCP!51:CCP_1 | CCP!16:CCP_1,SERIAL|10025315/08/07,,gi=GITET 500KV BALARAJA <> GITET BALARAJA; bay=CUT-OFF 1 DIAMETER 3 <> PHT 500KV LENGKONG,Verify source rows; do not link until conflict is resolved.
IDENTITY_METADATA_CONFLICT,CBF&CCP!52:CCP_2 | CCP!16:CCP_2,SERIAL|10025275/08/07,,gi=GITET 500KV BALARAJA <> GITET BALARAJA; bay=CUT-OFF 1 DIAMETER 3 <> PHT 500KV LENGKONG,Verify source rows; do not link until conflict is resolved.
IDENTITY_METADATA_CONFLICT,CBF&CCP!58:CBF | CBF&CCP!61:SZP | SZP!18:SZP,SERIAL|3307178,,gi=GITET 500KV BALARAJA <> GITET BALARAJA; bay=CUT-OFF 3 DIAMETER 3 <> PHT 500KV SURALAYA,Verify source rows; do not link until conflict is resolved.
IDENTITY_METADATA_CONFLICT,CBF&CCP!63:CCP_1 | CCP!18:CCP_1,SERIAL|10025279/08/07,,gi=GITET 500KV BALARAJA <> GITET BALARAJA; bay=CUT-OFF 3 DIAMETER 3 <> PHT 500KV SURALAYA,Verify source rows; do not link until conflict is resolved.
IDENTITY_METADATA_CONFLICT,CBF&CCP!64:CCP_2 | CCP!18:CCP_2,SERIAL|10025317/08/07,,gi=GITET 500KV BALARAJA <> GITET BALARAJA; bay=CUT-OFF 3 DIAMETER 3 <> PHT 500KV SURALAYA,Verify source rows; do not link until conflict is resolved.
IDENTITY_METADATA_CONFLICT,CBF&CCP!70:CCP_1 | CCP!17:CCP_1,SERIAL|10025316/08/07,,gi=GITET 500KV BALARAJA <> GITET BALARAJA; bay=CUT-OFF 1 DIAMETER 4 <> PHT 500KV LENGKONG,Verify source rows; do not link until conflict is resolved.
IDENTITY_METADATA_CONFLICT,CBF&CCP!71:CCP_2 | CCP!17:CCP_2,SERIAL|10025313/08/07,,gi=GITET 500KV BALARAJA <> GITET BALARAJA; bay=CUT-OFF 1 DIAMETER 4 <> PHT 500KV LENGKONG,Verify source rows; do not link until conflict is resolved.
IDENTITY_METADATA_CONFLICT,CBF&CCP!82:CCP_1 | CCP!19:CCP_1,SERIAL|10025311/08/07,,gi=GITET 500KV BALARAJA <> GITET BALARAJA; bay=CUT-OFF 3 DIAMETER 4 <> PHT 500KV SURALAYA,Verify source rows; do not link until conflict is resolved.
IDENTITY_METADATA_CONFLICT,CBF&CCP!83:CCP_2 | CCP!19:CCP_2,SERIAL|10025320/08/07,,gi=GITET 500KV BALARAJA <> GITET BALARAJA; bay=CUT-OFF 3 DIAMETER 4 <> PHT 500KV SURALAYA,Verify source rows; do not link until conflict is resolved.
IDENTITY_METADATA_CONFLICT,CBF&CCP!89:CCP_1_F871 | CCP!12:CCP_1,SERIAL|BF1201067964,,gi=GITET 500KV BALARAJA <> GITET BALARAJA; bay=DIAMETER 5 <> IBT; model=7UT61 <> SIPROTEC 7UT61,Verify source rows; do not link until conflict is resolved.
IDENTITY_METADATA_CONFLICT,CBF&CCP!91:CCP_1_F872 | CCP!12:CCP_2,SERIAL|BF1201067961,,gi=GITET 500KV BALARAJA <> GITET BALARAJA; bay=DIAMETER 5 <> IBT; model=7UT61 <> SIPROTEC 7UT61,Verify source rows; do not link until conflict is resolved.
IDENTITY_METADATA_CONFLICT,DIST!54:DIST | LCD!54:LCD | OCR_PHT!56:OCR,SERIAL|34724836/02/19,,bay=PHT 150KV MUARAKARANG BARU#2 <> PHT 150KV PANTAI INDAH KAPUK#2; model=MICOM P142 <> MICOM P545,Verify source rows; do not link until conflict is resolved.
LOW_IDENTITY_CONFIDENCE,AR!104:AR,ASSET|GI 150KV SINDANG JAYA|PHT 150KV SUVARNA SUTERA#1|#1|?|?|INTERNAL,AR,Serial absent and exact fallback attributes are incomplete.,Keep separate unless an authoritative exact identifier is found.
LOW_IDENTITY_CONFIDENCE,AR!105:AR,ASSET|GI 150KV SINDANG JAYA|PHT 150KV SUVARNA SUTERA#2|#2|?|?|INTERNAL,AR,Serial absent and exact fallback attributes are incomplete.,Keep separate unless an authoritative exact identifier is found.
LOW_IDENTITY_CONFIDENCE,AR!124:AR,ASSET|GI 150KV CENGKARENG|PHT 150KV DURIKOSAMBI#1|#1|?|?|INTERNAL,AR,Serial absent and exact fallback attributes are incomplete.,Keep separate unless an authoritative exact identifier is found.
LOW_IDENTITY_CONFIDENCE,AR!125:AR,ASSET|GI 150KV CENGKARENG|PHT 150KV DURIKOSAMBI#2|#2|?|?|INTERNAL,AR,Serial absent and exact fallback attributes are incomplete.,Keep separate unless an authoritative exact identifier is found.
LOW_IDENTITY_CONFIDENCE,AR!126:AR,ASSET|GI 150KV CENGKARENG|PHT 150KV CENGKARENG BARU#1|#1|?|?|TIDAK AKTIF,AR,Serial absent and exact fallback attributes are incomplete.,Keep separate unless an authoritative exact identifier is found.
LOW_IDENTITY_CONFIDENCE,AR!127:AR,ASSET|GI 150KV CENGKARENG|PHT 150KV CENGKARENG BARU#2|#2|?|?|TIDAK AKTIF,AR,Serial absent and exact fallback attributes are incomplete.,Keep separate unless an authoritative exact identifier is found.
LOW_IDENTITY_CONFIDENCE,AR!130:AR,ASSET|GI 150KV CENGKARENG BARU|PHT 150KV BANDARA SOEKARNO HATTA#1|#1|?|?|TIDAK AKTIF,AR,Serial absent and exact fallback attributes are incomplete.,Keep separate unless an authoritative exact identifier is found.
LOW_IDENTITY_CONFIDENCE,AR!131:AR,ASSET|GI 150KV CENGKARENG BARU|PHT 150KV BANDARA SOEKARNO HATTA#2|#2|?|?|TIDAK AKTIF,AR,Serial absent and exact fallback attributes are incomplete.,Keep separate unless an authoritative exact identifier is found.
LOW_IDENTITY_CONFIDENCE,AR!132:AR,ASSET|GI 150KV CENGKARENG BARU|PHT 150KV CENGKARENG#1|#1|?|?|TIDAK AKTIF,AR,Serial absent and exact fallback attributes are incomplete.,Keep separate unless an authoritative exact identifier is found.
LOW_IDENTITY_CONFIDENCE,AR!133:AR,ASSET|GI 150KV CENGKARENG BARU|PHT 150KV CENGKARENG#2|#2|?|?|TIDAK AKTIF,AR,Serial absent and exact fallback attributes are incomplete.,Keep separate unless an authoritative exact identifier is found.
LOW_IDENTITY_CONFIDENCE,AR!134:AR,ASSET|GI 150KV CENGKARENG BARU|PHT 150KV ITS|#1|?|?|INTERNAL,AR,Serial absent and exact fallback attributes are incomplete.,Keep separate unless an authoritative exact identifier is found.
LOW_IDENTITY_CONFIDENCE,AR!135:AR,ASSET|GI 150KV CENGKARENG BARU|PHT 150KV TANGERANG BARU|#1|?|?|INTERNAL,AR,Serial absent and exact fallback attributes are incomplete.,Keep separate unless an authoritative exact identifier is found.
LOW_IDENTITY_CONFIDENCE,AR!136:AR,ASSET|GI 150KV CILEDUG|PHT 150KV ALAM SUTERA#1|#1|?|?|TIDAK AKTIF,AR,Serial absent and exact fallback attributes are incomplete.,Keep separate unless an authoritative exact identifier is found.
LOW_IDENTITY_CONFIDENCE,AR!137:AR,ASSET|GI 150KV CILEDUG|PHT 150KV ALAM SUTERA#2|#2|?|?|TIDAK AKTIF,AR,Serial absent and exact fallback attributes are incomplete.,Keep separate unless an authoritative exact identifier is found.
LOW_IDENTITY_CONFIDENCE,AR!138:AR,ASSET|GI 150KV CILEDUG|PHT 150KV METLAND#1|#1|?|?|TIDAK AKTIF,AR,Serial absent and exact fallback attributes are incomplete.,Keep separate unless an authoritative exact identifier is found.
LOW_IDENTITY_CONFIDENCE,AR!139:AR,ASSET|GI 150KV CILEDUG|PHT 150KV METLAND#2|#2|?|?|TIDAK AKTIF,AR,Serial absent and exact fallback attributes are incomplete.,Keep separate unless an authoritative exact identifier is found.
LOW_IDENTITY_CONFIDENCE,AR!13:AR,ASSET|GI 150KV ANGKE|PHT 150KV KARET LAMA#1|#1|?|?|INTERNAL,AR,Serial absent and exact fallback attributes are incomplete.,Keep separate unless an authoritative exact identifier is found.
LOW_IDENTITY_CONFIDENCE,AR!145:AR,ASSET|GI 150KV DURIKOSAMBI|PHT 150KV KEBON JERUK#1|#1|?|?|TIDAK AKTIF,AR,Serial absent and exact fallback attributes are incomplete.,Keep separate unless an authoritative exact identifier is found.
LOW_IDENTITY_CONFIDENCE,AR!146:AR,ASSET|GI 150KV DURIKOSAMBI|PHT 150KV KEBON JERUK#2|#2|?|?|TIDAK AKTIF,AR,Serial absent and exact fallback attributes are incomplete.,Keep separate unless an authoritative exact identifier is found.
LOW_IDENTITY_CONFIDENCE,AR!147:AR,ASSET|GI 150KV DURIKOSAMBI|PHT 150KV KEMBANGAN#1|#1|?|?|TIDAK AKTIF,AR,Serial absent and exact fallback attributes are incomplete.,Keep separate unless an authoritative exact identifier is found.
LOW_IDENTITY_CONFIDENCE,AR!148:AR,ASSET|GI 150KV DURIKOSAMBI|PHT 150KV KEMBANGAN#2|#2|?|?|TIDAK AKTIF,AR,Serial absent and exact fallback attributes are incomplete.,Keep separate unless an authoritative exact identifier is found.
LOW_IDENTITY_CONFIDENCE,AR!14:AR,ASSET|GI 150KV ANGKE|PHT 150KV KARET LAMA#2|#2|?|?|INTERNAL,AR,Serial absent and exact fallback attributes are incomplete.,Keep separate unless an authoritative exact identifier is found.
LOW_IDENTITY_CONFIDENCE,AR!155:AR,ASSET|GIS 150KV ALAM SUTERA|PHT 150KV CILEDUG#1|#1|?|?|TIDAK AKTIF,AR,Serial absent and exact fallback attributes are incomplete.,Keep separate unless an authoritative exact identifier is found.
LOW_IDENTITY_CONFIDENCE,AR!156:AR,ASSET|GIS 150KV ALAM SUTERA|PHT 150KV CILEDUG#2|#2|?|?|TIDAK AKTIF,AR,Serial absent and exact fallback attributes are incomplete.,Keep separate unless an authoritative exact identifier is found.
LOW_IDENTITY_CONFIDENCE,AR!157:AR,ASSET|GIS 150KV ALAM SUTERA|PHT 150KV SUMMARECON GADING SERPONG#1|#1|?|?|TIDAK AKTIF,AR,Serial absent and exact fallback attributes are incomplete.,Keep separate unless an authoritative exact identifier is found.
LOW_IDENTITY_CONFIDENCE,AR!158:AR,ASSET|GIS 150KV ALAM SUTERA|PHT 150KV SUMMARECON GADING SERPONG#2|#2|?|?|TIDAK AKTIF,AR,Serial absent and exact fallback attributes are incomplete.,Keep separate unless an authoritative exact identifier is found.
LOW_IDENTITY_CONFIDENCE,AR!159:AR,ASSET|GIS 150KV KEMBANGAN|PHT 150KV METLAND#1|#1|?|?|TIDAK AKTIF,AR,Serial absent and exact fallback attributes are incomplete.,Keep separate unless an authoritative exact identifier is found.
LOW_IDENTITY_CONFIDENCE,AR!15:AR,ASSET|GI 150KV ANGKE|PHT 150KV KETAPANG#1|#1|?|?|TIDAK AKTIF,AR,Serial absent and exact fallback attributes are incomplete.,Keep separate unless an authoritative exact identifier is found.
LOW_IDENTITY_CONFIDENCE,AR!160:AR,ASSET|GIS 150KV KEMBANGAN|PHT 150KV METLAND#2|#2|?|?|TIDAK AKTIF,AR,Serial absent and exact fallback attributes are incomplete.,Keep separate unless an authoritative exact identifier is found.
LOW_IDENTITY_CONFIDENCE,AR!161:AR,ASSET|GIS 150KV KEMBANGAN|PHT 150KV DURIKOSAMBI#1|#1|?|?|TIDAK AKTIF,AR,Serial absent and exact fallback attributes are incomplete.,Keep separate unless an authoritative exact identifier is found.
LOW_IDENTITY_CONFIDENCE,AR!162:AR,ASSET|GIS 150KV KEMBANGAN|PHT 150KV DURIKOSAMBI#2|#2|?|?|TIDAK AKTIF,AR,Serial absent and exact fallback attributes are incomplete.,Keep separate unless an authoritative exact identifier is found.
LOW_IDENTITY_CONFIDENCE,AR!163:AR,ASSET|GIS 150KV KEMBANGAN|PHT 150KV NEW SENAYAN#1|#1|?|?|TIDAK AKTIF,AR,Serial absent and exact fallback attributes are incomplete.,Keep separate unless an authoritative exact identifier is found.
LOW_IDENTITY_CONFIDENCE,AR!164:AR,ASSET|GIS 150KV KEMBANGAN|PHT 150KV NEW SENAYAN#2|#2|?|?|TIDAK AKTIF,AR,Serial absent and exact fallback attributes are incomplete.,Keep separate unless an authoritative exact identifier is found.
LOW_IDENTITY_CONFIDENCE,AR!165:AR,ASSET|GIS 150KV KEMBANGAN|PHT 150KV PETUKANGAN#1|#1|?|?|INTERNAL,AR,Serial absent and exact fallback attributes are incomplete.,Keep separate unless an authoritative exact identifier is found.
LOW_IDENTITY_CONFIDENCE,AR!166:AR,ASSET|GIS 150KV KEMBANGAN|PHT 150KV PETUKANGAN#2|#2|?|?|INTERNAL,AR,Serial absent and exact fallback attributes are incomplete.,Keep separate unless an authoritative exact identifier is found.
LOW_IDENTITY_CONFIDENCE,AR!167:AR,ASSET|GIS 150KV METLAND|PHT 150KV KEMBANGAN#1|#1|?|?|TIDAK AKTIF,AR,Serial absent and exact fallback attributes are incomplete.,Keep separate unless an authoritative exact identifier is found.
LOW_IDENTITY_CONFIDENCE,AR!168:AR,ASSET|GIS 150KV METLAND|PHT 150KV KEMBANGAN#2|#2|?|?|TIDAK AKTIF,AR,Serial absent and exact fallback attributes are incomplete.,Keep separate unless an authoritative exact identifier is found.
LOW_IDENTITY_CONFIDENCE,AR!169:AR,ASSET|GIS 150KV METLAND|PHT 150KV CILEDUG#1|#1|?|?|TIDAK AKTIF,AR,Serial absent and exact fallback attributes are incomplete.,Keep separate unless an authoritative exact identifier is found.
LOW_IDENTITY_CONFIDENCE,AR!16:AR,ASSET|GI 150KV ANGKE|PHT 150KV KETAPANG#2|#2|?|?|TIDAK AKTIF,AR,Serial absent and exact fallback attributes are incomplete.,Keep separate unless an authoritative exact identifier is found.
LOW_IDENTITY_CONFIDENCE,AR!170:AR,ASSET|GIS 150KV METLAND|PHT 150KV CILEDUG#2|#2|?|?|TIDAK AKTIF,AR,Serial absent and exact fallback attributes are incomplete.,Keep separate unless an authoritative exact identifier is found.
LOW_IDENTITY_CONFIDENCE,AR!171:AR,ASSET|GIS 150KV SUMMARECON GADING SERPONG|PHT 150KV ALAM SUTERA#1|#1|?|?|TIDAK AKTIF,AR,Serial absent and exact fallback attributes are incomplete.,Keep separate unless an authoritative exact identifier is found.
LOW_IDENTITY_CONFIDENCE,AR!172:AR,ASSET|GIS 150KV SUMMARECON GADING SERPONG|PHT 150KV ALAM SUTERA#2|#2|?|?|TIDAK AKTIF,AR,Serial absent and exact fallback attributes are incomplete.,Keep separate unless an authoritative exact identifier is found.
LOW_IDENTITY_CONFIDENCE,AR!173:AR,ASSET|GIS 150KV SUMMARECON GADING SERPONG|PHT 150KV CURUG#1|#1|?|?|TIDAK AKTIF,AR,Serial absent and exact fallback attributes are incomplete.,Keep separate unless an authoritative exact identifier is found.
LOW_IDENTITY_CONFIDENCE,AR!174:AR,ASSET|GIS 150KV SUMMARECON GADING SERPONG|PHT 150KV CURUG#2|#2|?|?|TIDAK AKTIF,AR,Serial absent and exact fallback attributes are incomplete.,Keep separate unless an authoritative exact identifier is found.
LOW_IDENTITY_CONFIDENCE,AR!175:AR,ASSET|GISTET 500KV DURIKOSAMBI|PHT 500KV GANDUL#1|#1|?|?|EKSTERNAL,AR,Serial absent and exact fallback attributes are incomplete.,Keep separate unless an authoritative exact identifier is found.
LOW_IDENTITY_CONFIDENCE,AR!176:AR,ASSET|GISTET 500KV DURIKOSAMBI|PHT 500KV KEMBANGAN#2|#2|?|?|EKSTERNAL,AR,Serial absent and exact fallback attributes are incomplete.,Keep separate unless an authoritative exact identifier is found.
LOW_IDENTITY_CONFIDENCE,AR!177:AR,ASSET|GISTET 500KV DURIKOSAMBI|PHT 500KV MUARAKARANG#1|#1|?|?|EKSTERNAL,AR,Serial absent and exact fallback attributes are incomplete.,Keep separate unless an authoritative exact identifier is found.
LOW_IDENTITY_CONFIDENCE,AR!178:AR,ASSET|GISTET 500KV DURIKOSAMBI|PHT 500KV MUARAKARANG#2|#2|?|?|EKSTERNAL,AR,Serial absent and exact fallback attributes are incomplete.,Keep separate unless an authoritative exact identifier is found.
LOW_IDENTITY_CONFIDENCE,AR!179:AR,ASSET|GISTET 500KV DURIKOSAMBI|PHT 500KV GANDUL#1|#1|?|?|EKSTERNAL,AR,Serial absent and exact fallback attributes are incomplete.,Keep separate unless an authoritative exact identifier is found.
LOW_IDENTITY_CONFIDENCE,AR!17:AR,ASSET|GI 150KV ANGKE|PHT 150KV MUARAKARANG LAMA#1|#1|?|?|TIDAK AKTIF,AR,Serial absent and exact fallback attributes are incomplete.,Keep separate unless an authoritative exact identifier is found.
LOW_IDENTITY_CONFIDENCE,AR!180:AR,ASSET|GISTET 500KV DURIKOSAMBI|PHT 500KV KEMBANGAN#2|#2|?|?|EKSTERNAL,AR,Serial absent and exact fallback attributes are incomplete.,Keep separate unless an authoritative exact identifier is found.
LOW_IDENTITY_CONFIDENCE,AR!181:AR,ASSET|GISTET 500KV DURIKOSAMBI|PHT 500KV MUARAKARANG#1|#1|?|?|EKSTERNAL,AR,Serial absent and exact fallback attributes are incomplete.,Keep separate unless an authoritative exact identifier is found.
LOW_IDENTITY_CONFIDENCE,AR!182:AR,ASSET|GISTET 500KV DURIKOSAMBI|PHT 500KV MUARAKARANG#2|#2|?|?|EKSTERNAL,AR,Serial absent and exact fallback attributes are incomplete.,Keep separate unless an authoritative exact identifier is found.
LOW_IDENTITY_CONFIDENCE,AR!183:AR,ASSET|GISTET 500KV KEMBANGAN|PHT 500KV DURIKOSAMBI#1|#1|?|?|EKSTERNAL,AR,Serial absent and exact fallback attributes are incomplete.,Keep separate unless an authoritative exact identifier is found.
LOW_IDENTITY_CONFIDENCE,AR!184:AR,ASSET|GISTET 500KV KEMBANGAN|PHT 500KV DURIKOSAMBI#2|#2|?|?|EKSTERNAL,AR,Serial absent and exact fallback attributes are incomplete.,Keep separate unless an authoritative exact identifier is found.
LOW_IDENTITY_CONFIDENCE,AR!185:AR,ASSET|GISTET 500KV KEMBANGAN|PHT 500KV BALARAJA#1|#1|?|?|EKSTERNAL,AR,Serial absent and exact fallback attributes are incomplete.,Keep separate unless an authoritative exact identifier is found.
LOW_IDENTITY_CONFIDENCE,AR!186:AR,ASSET|GISTET 500KV KEMBANGAN|PHT 500KV BALARAJA#2|#2|?|?|EKSTERNAL,AR,Serial absent and exact fallback attributes are incomplete.,Keep separate unless an authoritative exact identifier is found.
LOW_IDENTITY_CONFIDENCE,AR!187:AR,ASSET|GISTET 500KV KEMBANGAN|PHT 500KV GANDUL#1|#1|?|?|EKSTERNAL,AR,Serial absent and exact fallback attributes are incomplete.,Keep separate unless an authoritative exact identifier is found.
LOW_IDENTITY_CONFIDENCE,AR!188:AR,ASSET|GISTET 500KV KEMBANGAN|PHT 500KV GANDUL#2|#2|?|?|EKSTERNAL,AR,Serial absent and exact fallback attributes are incomplete.,Keep separate unless an authoritative exact identifier is found.
LOW_IDENTITY_CONFIDENCE,AR!189:AR,ASSET|GISTET 500KV KEMBANGAN|PHT 500KV DURIKOSAMBI#1|#1|?|?|EKSTERNAL,AR,Serial absent and exact fallback attributes are incomplete.,Keep separate unless an authoritative exact identifier is found.
LOW_IDENTITY_CONFIDENCE,AR!18:AR,ASSET|GI 150KV ANGKE|PHT 150KV MUARAKARANG LAMA#2|#2|?|?|TIDAK AKTIF,AR,Serial absent and exact fallback attributes are incomplete.,Keep separate unless an authoritative exact identifier is found.
LOW_IDENTITY_CONFIDENCE,AR!190:AR,ASSET|GISTET 500KV KEMBANGAN|PHT 500KV DURIKOSAMBI#2|#2|?|?|EKSTERNAL,AR,Serial absent and exact fallback attributes are incomplete.,Keep separate unless an authoritative exact identifier is found.
LOW_IDENTITY_CONFIDENCE,AR!191:AR,ASSET|GISTET 500KV KEMBANGAN|PHT 500KV BALARAJA#1|#1|?|?|EKSTERNAL,AR,Serial absent and exact fallback attributes are incomplete.,Keep separate unless an authoritative exact identifier is found.
LOW_IDENTITY_CONFIDENCE,AR!192:AR,ASSET|GISTET 500KV KEMBANGAN|PHT 500KV BALARAJA#2|#2|?|?|EKSTERNAL,AR,Serial absent and exact fallback attributes are incomplete.,Keep separate unless an authoritative exact identifier is found.
LOW_IDENTITY_CONFIDENCE,AR!193:AR,ASSET|GISTET 500KV KEMBANGAN|PHT 500KV GANDUL#1|#1|?|?|EKSTERNAL,AR,Serial absent and exact fallback attributes are incomplete.,Keep separate unless an authoritative exact identifier is found.
LOW_IDENTITY_CONFIDENCE,AR!194:AR,ASSET|GISTET 500KV KEMBANGAN|PHT 500KV GANDUL#2|#2|?|?|EKSTERNAL,AR,Serial absent and exact fallback attributes are incomplete.,Keep separate unless an authoritative exact identifier is found.
LOW_IDENTITY_CONFIDENCE,AR!19:AR,ASSET|GI 150KV ANGKE|PHT 150KV UGC MUARAKARANG LAMA#1|#1|?|?|TIDAK AKTIF,AR,Serial absent and exact fallback attributes are incomplete.,Keep separate unless an authoritative exact identifier is found.
LOW_IDENTITY_CONFIDENCE,AR!20:AR,ASSET|GI 150KV ANGKE|PHT 150KV UGC MUARAKARANG LAMA#2|#2|?|?|TIDAK AKTIF,AR,Serial absent and exact fallback attributes are incomplete.,Keep separate unless an authoritative exact identifier is found.
LOW_IDENTITY_CONFIDENCE,AR!21:AR,ASSET|GI 150KV DADAP|PHT 150KV LONTAR#1|#1|?|?|INTERNAL,AR,Serial absent and exact fallback attributes are incomplete.,Keep separate unless an authoritative exact identifier is found.
LOW_IDENTITY_CONFIDENCE,AR!22:AR,ASSET|GI 150KV DADAP|PHT 150KV LONTAR#2|#2|?|?|INTERNAL,AR,Serial absent and exact fallback attributes are incomplete.,Keep separate unless an authoritative exact identifier is found.
LOW_IDENTITY_CONFIDENCE,AR!23:AR,ASSET|GI 150KV DADAP|PHT 150KV TELUK NAGA#1|#1|?|?|INTERNAL,AR,Serial absent and exact fallback attributes are incomplete.,Keep separate unless an authoritative exact identifier is found.
LOW_IDENTITY_CONFIDENCE,AR!24:AR,ASSET|GI 150KV DADAP|PHT 150KV TELUK NAGA#2|#2|?|?|INTERNAL,AR,Serial absent and exact fallback attributes are incomplete.,Keep separate unless an authoritative exact identifier is found.
LOW_IDENTITY_CONFIDENCE,AR!25:AR,ASSET|GI 150KV MUARAKARANG BARU|PHT 150KV GIS MUARAKARANG BARU#1|#1|?|?|TIDAK AKTIF,AR,Serial absent and exact fallback attributes are incomplete.,Keep separate unless an authoritative exact identifier is found.
LOW_IDENTITY_CONFIDENCE,AR!26:AR,ASSET|GI 150KV MUARAKARANG BARU|PHT 150KV GIS MUARAKARANG BARU#2|#2|?|?|TIDAK AKTIF,AR,Serial absent and exact fallback attributes are incomplete.,Keep separate unless an authoritative exact identifier is found.
LOW_IDENTITY_CONFIDENCE,AR!27:AR,ASSET|GI 150KV MUARAKARANG BARU|PHT 150KV MUARAKARANG LAMA#1|#1|?|?|TIDAK AKTIF,AR,Serial absent and exact fallback attributes are incomplete.,Keep separate unless an authoritative exact identifier is found.
LOW_IDENTITY_CONFIDENCE,AR!28:AR,ASSET|GI 150KV MUARAKARANG BARU|PHT 150KV MUARAKARANG LAMA#2|#2|?|?|TIDAK AKTIF,AR,Serial absent and exact fallback attributes are incomplete.,Keep separate unless an authoritative exact identifier is found.
LOW_IDENTITY_CONFIDENCE,AR!29:AR,ASSET|GI 150KV MUARAKARANG LAMA|PHT 150KV ANGKE#1|#1|?|?|TIDAK AKTIF,AR,Serial absent and exact fallback attributes are incomplete.,Keep separate unless an authoritative exact identifier is found.
LOW_IDENTITY_CONFIDENCE,AR!30:AR,ASSET|GI 150KV MUARAKARANG LAMA|PHT 150KV ANGKE#2|#2|?|?|TIDAK AKTIF,AR,Serial absent and exact fallback attributes are incomplete.,Keep separate unless an authoritative exact identifier is found.
LOW_IDENTITY_CONFIDENCE,AR!31:AR,ASSET|GI 150KV MUARAKARANG LAMA|PHT 150KV BUDIKEMULYAN#1|#1|?|?|TIDAK AKTIF,AR,Serial absent and exact fallback attributes are incomplete.,Keep separate unless an authoritative exact identifier is found.
LOW_IDENTITY_CONFIDENCE,AR!32:AR,ASSET|GI 150KV MUARAKARANG LAMA|PHT 150KV BUDIKEMULYAN#2|#2|?|?|TIDAK AKTIF,AR,Serial absent and exact fallback attributes are incomplete.,Keep separate unless an authoritative exact identifier is found.
LOW_IDENTITY_CONFIDENCE,AR!33:AR,ASSET|GI 150KV MUARAKARANG LAMA|PHT 150KV MUARAKARANG BARU#1|#1|?|?|TIDAK AKTIF,AR,Serial absent and exact fallback attributes are incomplete.,Keep separate unless an authoritative exact identifier is found.
LOW_IDENTITY_CONFIDENCE,AR!34:AR,ASSET|GI 150KV MUARAKARANG LAMA|PHT 150KV MUARAKARANG BARU#2|#2|?|?|TIDAK AKTIF,AR,Serial absent and exact fallback attributes are incomplete.,Keep separate unless an authoritative exact identifier is found.
LOW_IDENTITY_CONFIDENCE,AR!35:AR,ASSET|GI 150KV MUARAKARANG LAMA|PHT 150KV UGC ANGKE#1|#1|?|?|TIDAK AKTIF,AR,Serial absent and exact fallback attributes are incomplete.,Keep separate unless an authoritative exact identifier is found.
LOW_IDENTITY_CONFIDENCE,AR!36:AR,ASSET|GI 150KV MUARAKARANG LAMA|PHT 150KV UGC ANGKE#2|#2|?|?|TIDAK AKTIF,AR,Serial absent and exact fallback attributes are incomplete.,Keep separate unless an authoritative exact identifier is found.
LOW_IDENTITY_CONFIDENCE,AR!37:AR,ASSET|GIS 150KV DAAN MOGOT|PHT 150KV DURIKOSAMBI#1|#1|?|?|INTERNAL,AR,Serial absent and exact fallback attributes are incomplete.,Keep separate unless an authoritative exact identifier is found.
LOW_IDENTITY_CONFIDENCE,AR!38:AR,ASSET|GIS 150KV DAAN MOGOT|PHT 150KV DURIKOSAMBI#2|#2|?|?|INTERNAL,AR,Serial absent and exact fallback attributes are incomplete.,Keep separate unless an authoritative exact identifier is found.
LOW_IDENTITY_CONFIDENCE,AR!39:AR,ASSET|GIS 150KV DAAN MOGOT|PHT 150KV PANTAI INDAH KAPUK#1|#1|?|?|INTERNAL,AR,Serial absent and exact fallback attributes are incomplete.,Keep separate unless an authoritative exact identifier is found.
LOW_IDENTITY_CONFIDENCE,AR!40:AR,ASSET|GIS 150KV DAAN MOGOT|PHT 150KV PANTAI INDAH KAPUK#2|#2|?|?|INTERNAL,AR,Serial absent and exact fallback attributes are incomplete.,Keep separate unless an authoritative exact identifier is found.
LOW_IDENTITY_CONFIDENCE,AR!43:AR,ASSET|GIS 150KV GROGOL|PHT 150KV TOMANG#1|#1|?|?|TIDAK AKTIF,AR,Serial absent and exact fallback attributes are incomplete.,Keep separate unless an authoritative exact identifier is found.
LOW_IDENTITY_CONFIDENCE,AR!44:AR,ASSET|GIS 150KV GROGOL|PHT 150KV TOMANG#2|#2|?|?|TIDAK AKTIF,AR,Serial absent and exact fallback attributes are incomplete.,Keep separate unless an authoritative exact identifier is found.
LOW_IDENTITY_CONFIDENCE,AR!45:AR,ASSET|GIS 150KV GROGOL BARU|PHT 150KV DURIKOSAMBI#1|#1|?|?|INTERNAL,AR,Serial absent and exact fallback attributes are incomplete.,Keep separate unless an authoritative exact identifier is found.
LOW_IDENTITY_CONFIDENCE,AR!46:AR,ASSET|GIS 150KV GROGOL BARU|PHT 150KV DURIKOSAMBI#2|#2|?|?|INTERNAL,AR,Serial absent and exact fallback attributes are incomplete.,Keep separate unless an authoritative exact identifier is found.
LOW_IDENTITY_CONFIDENCE,AR!47:AR,ASSET|GIS 150KV GROGOL BARU|PHT 150KV GROGOL#1|#1|?|?|INTERNAL,AR,Serial absent and exact fallback attributes are incomplete.,Keep separate unless an authoritative exact identifier is found.
LOW_IDENTITY_CONFIDENCE,AR!48:AR,ASSET|GIS 150KV GROGOL BARU|PHT 150KV GROGOL#2|#2|?|?|INTERNAL,AR,Serial absent and exact fallback attributes are incomplete.,Keep separate unless an authoritative exact identifier is found.
LOW_IDENTITY_CONFIDENCE,AR!49:AR,ASSET|GIS 150KV KEBON JERUK|PHT 150KV DURIKOSAMBI#1|#1|?|?|TIDAK AKTIF,AR,Serial absent and exact fallback attributes are incomplete.,Keep separate unless an authoritative exact identifier is found.
LOW_IDENTITY_CONFIDENCE,AR!50:AR,ASSET|GIS 150KV KEBON JERUK|PHT 150KV DURIKOSAMBI#2|#2|?|?|TIDAK AKTIF,AR,Serial absent and exact fallback attributes are incomplete.,Keep separate unless an authoritative exact identifier is found.
LOW_IDENTITY_CONFIDENCE,AR!51:AR,ASSET|GIS 150KV KEBON JERUK|PHT 150KV KARET BARU#1|#1|?|?|TIDAK AKTIF,AR,Serial absent and exact fallback attributes are incomplete.,Keep separate unless an authoritative exact identifier is found.
LOW_IDENTITY_CONFIDENCE,AR!52:AR,ASSET|GIS 150KV KEBON JERUK|PHT 150KV KARET BARU#2|#2|?|?|TIDAK AKTIF,AR,Serial absent and exact fallback attributes are incomplete.,Keep separate unless an authoritative exact identifier is found.
LOW_IDENTITY_CONFIDENCE,AR!53:AR,ASSET|GIS 150KV MUARAKARANG BARU|PHT 150KV MUARAKARANG BARU#1|#1|?|?|TIDAK AKTIF,AR,Serial absent and exact fallback attributes are incomplete.,Keep separate unless an authoritative exact identifier is found.
LOW_IDENTITY_CONFIDENCE,AR!54:AR,ASSET|GIS 150KV MUARAKARANG BARU|PHT 150KV MUARAKARANG BARU#2|#2|?|?|TIDAK AKTIF,AR,Serial absent and exact fallback attributes are incomplete.,Keep separate unless an authoritative exact identifier is found.
LOW_IDENTITY_CONFIDENCE,AR!57:AR,ASSET|GIS 150KV NEW SENAYAN|PHT 150KV KEMBANGAN#1|#1|?|?|TIDAK AKTIF,AR,Serial absent and exact fallback attributes are incomplete.,Keep separate unless an authoritative exact identifier is found.
LOW_IDENTITY_CONFIDENCE,AR!58:AR,ASSET|GIS 150KV NEW SENAYAN|PHT 150KV KEMBANGAN#2|#2|?|?|TIDAK AKTIF,AR,Serial absent and exact fallback attributes are incomplete.,Keep separate unless an authoritative exact identifier is found.
LOW_IDENTITY_CONFIDENCE,AR!59:AR,ASSET|GIS 150KV NEW SENAYAN|PHT 150KV SENAYAN#1|#1|?|?|TIDAK AKTIF,AR,Serial absent and exact fallback attributes are incomplete.,Keep separate unless an authoritative exact identifier is found.
LOW_IDENTITY_CONFIDENCE,AR!60:AR,ASSET|GIS 150KV NEW SENAYAN|PHT 150KV SENAYAN#2|#2|?|?|TIDAK AKTIF,AR,Serial absent and exact fallback attributes are incomplete.,Keep separate unless an authoritative exact identifier is found.
LOW_IDENTITY_CONFIDENCE,AR!61:AR,ASSET|GIS 150KV NEW SENAYAN|PHT 150KV ULUJAMI#1|#1|?|?|TIDAK AKTIF,AR,Serial absent and exact fallback attributes are incomplete.,Keep separate unless an authoritative exact identifier is found.
LOW_IDENTITY_CONFIDENCE,AR!62:AR,ASSET|GIS 150KV NEW SENAYAN|PHT 150KV ULUJAMI#2|#2|?|?|TIDAK AKTIF,AR,Serial absent and exact fallback attributes are incomplete.,Keep separate unless an authoritative exact identifier is found.
LOW_IDENTITY_CONFIDENCE,AR!64:AR,ASSET|GIS 150KV PANTAI INDAH KAPUK|PHT 150KV DAAN MOGOT#2|#2|?|?|INTERNAL,AR,Serial absent and exact fallback attributes are incomplete.,Keep separate unless an authoritative exact identifier is found.
LOW_IDENTITY_CONFIDENCE,AR!65:AR,ASSET|GIS 150KV PANTAI INDAH KAPUK|PHT 150KV GIS MUARAKARANG BARU#1|#1|?|?|INTERNAL,AR,Serial absent and exact fallback attributes are incomplete.,Keep separate unless an authoritative exact identifier is found.
LOW_IDENTITY_CONFIDENCE,AR!66:AR,ASSET|GIS 150KV PANTAI INDAH KAPUK|PHT 150KV GIS MUARAKARANG BARU#2|#2|?|?|INTERNAL,AR,Serial absent and exact fallback attributes are incomplete.,Keep separate unless an authoritative exact identifier is found.
LOW_IDENTITY_CONFIDENCE,AR!67:AR,ASSET|GIS 150KV TOMANG|PHT 150KV GROGOL#1|#1|?|?|TIDAK AKTIF,AR,Serial absent and exact fallback attributes are incomplete.,Keep separate unless an authoritative exact identifier is found.
LOW_IDENTITY_CONFIDENCE,AR!68:AR,ASSET|GIS 150KV TOMANG|PHT 150KV GROGOL#2|#2|?|?|TIDAK AKTIF,AR,Serial absent and exact fallback attributes are incomplete.,Keep separate unless an authoritative exact identifier is found.
LOW_IDENTITY_CONFIDENCE,AR!69:AR,ASSET|GIS 150KV ULUJAMI|PHT 150KV NEW SENAYAN#1|#1|?|?|TIDAK AKTIF,AR,Serial absent and exact fallback attributes are incomplete.,Keep separate unless an authoritative exact identifier is found.
LOW_IDENTITY_CONFIDENCE,AR!70:AR,ASSET|GIS 150KV ULUJAMI|PHT 150KV NEW SENAYAN#2|#2|?|?|TIDAK AKTIF,AR,Serial absent and exact fallback attributes are incomplete.,Keep separate unless an authoritative exact identifier is found.
LOW_IDENTITY_CONFIDENCE,AR!71:AR,ASSET|GISTET 500KV MUARAKARANG BARU|PHT 500KV DURIKOSAMBI#1|#1|?|?|EKSTERNAL,AR,Serial absent and exact fallback attributes are incomplete.,Keep separate unless an authoritative exact identifier is found.
LOW_IDENTITY_CONFIDENCE,AR!72:AR,ASSET|GISTET 500KV MUARAKARANG BARU|PHT 500KV DURIKOSAMBI#2|#2|?|?|EKSTERNAL,AR,Serial absent and exact fallback attributes are incomplete.,Keep separate unless an authoritative exact identifier is found.
LOW_IDENTITY_CONFIDENCE,AR!73:AR,ASSET|GISTET 500KV MUARAKARANG BARU|PHT 500KV DURIKOSAMBI#1|#1|?|?|EKSTERNAL,AR,Serial absent and exact fallback attributes are incomplete.,Keep separate unless an authoritative exact identifier is found.
LOW_IDENTITY_CONFIDENCE,AR!74:AR,ASSET|GISTET 500KV MUARAKARANG BARU|PHT 500KV DURIKOSAMBI#2|#2|?|?|EKSTERNAL,AR,Serial absent and exact fallback attributes are incomplete.,Keep separate unless an authoritative exact identifier is found.
LOW_IDENTITY_CONFIDENCE,AR!75:AR,ASSET|GISTET 500KV MUARAKARANG BARU|PHT 500KV TANJUNG PRIOK#1|#1|?|?|EKSTERNAL,AR,Serial absent and exact fallback attributes are incomplete.,Keep separate unless an authoritative exact identifier is found.
LOW_IDENTITY_CONFIDENCE,AR!76:AR,ASSET|GISTET 500KV MUARAKARANG BARU|PHT 500KV TANJUNG PRIOK#2|#2|?|?|EKSTERNAL,AR,Serial absent and exact fallback attributes are incomplete.,Keep separate unless an authoritative exact identifier is found.
LOW_IDENTITY_CONFIDENCE,AR!77:AR,ASSET|GISTET 500KV MUARAKARANG BARU|PHT 500KV TANJUNG PRIOK#1|#1|?|?|EKSTERNAL,AR,Serial absent and exact fallback attributes are incomplete.,Keep separate unless an authoritative exact identifier is found.
LOW_IDENTITY_CONFIDENCE,AR!78:AR,ASSET|GISTET 500KV MUARAKARANG BARU|PHT 500KV TANJUNG PRIOK#2|#2|?|?|EKSTERNAL,AR,Serial absent and exact fallback attributes are incomplete.,Keep separate unless an authoritative exact identifier is found.
LOW_IDENTITY_CONFIDENCE,AR!79:AR,ASSET|GI 150KV CURUG|PHT 150KV CIKUPA#1|#1|?|?|TIDAK AKTIF,AR,Serial absent and exact fallback attributes are incomplete.,Keep separate unless an authoritative exact identifier is found.
LOW_IDENTITY_CONFIDENCE,AR!80:AR,ASSET|GI 150KV CURUG|PHT 150KV CIKUPA#2|#2|?|?|TIDAK AKTIF,AR,Serial absent and exact fallback attributes are incomplete.,Keep separate unless an authoritative exact identifier is found.
LOW_IDENTITY_CONFIDENCE,AR!81:AR,ASSET|GI 150KV CURUG|PHT 150KV SUMMARECON GADING SERPONG#1|#1|?|?|TIDAK AKTIF,AR,Serial absent and exact fallback attributes are incomplete.,Keep separate unless an authoritative exact identifier is found.
LOW_IDENTITY_CONFIDENCE,AR!82:AR,ASSET|GI 150KV CURUG|PHT 150KV SUMMARECON GADING SERPONG#2|#2|?|?|TIDAK AKTIF,AR,Serial absent and exact fallback attributes are incomplete.,Keep separate unless an authoritative exact identifier is found.
LOW_IDENTITY_CONFIDENCE,AR!83:AR,ASSET|GI 150KV GAJAH TUNGGAL|PHT 150KV PASAR KEMIS|#1|?|?|?,AR,Serial absent and exact fallback attributes are incomplete.,Keep separate unless an authoritative exact identifier is found.
LOW_IDENTITY_CONFIDENCE,AR!84:AR,ASSET|GI 150KV GAJAH TUNGGAL|PHT 150KV PASAR KEMIS BARU|#1|?|?|INTERNAL,AR,Serial absent and exact fallback attributes are incomplete.,Keep separate unless an authoritative exact identifier is found.
LOW_IDENTITY_CONFIDENCE,AR!85:AR,ASSET|GI 150KV ITS|PHT 150KV TANGERANG BARU|#1|?|?|INTERNAL,AR,Serial absent and exact fallback attributes are incomplete.,Keep separate unless an authoritative exact identifier is found.
LOW_IDENTITY_CONFIDENCE,AR!86:AR,ASSET|GI 150KV ITS|PHT 150KV CENGKARENG BARU|#1|?|?|INTERNAL,AR,Serial absent and exact fallback attributes are incomplete.,Keep separate unless an authoritative exact identifier is found.
LOW_IDENTITY_CONFIDENCE,AR!87:AR,ASSET|GI 150KV ITS|PHT 150KV KONSUMEN|#1|?|?|TIDAK AKTIF,AR,Serial absent and exact fallback attributes are incomplete.,Keep separate unless an authoritative exact identifier is found.
LOW_IDENTITY_CONFIDENCE,AR!88:AR,ASSET|GI 150KV JATAKE|PHT 150KV CIKUPA#1|#1|?|?|?,AR,Serial absent and exact fallback attributes are incomplete.,Keep separate unless an authoritative exact identifier is found.
LOW_IDENTITY_CONFIDENCE,AR!89:AR,ASSET|GI 150KV JATAKE|PHT 150KV CIKUPA#2|#2|?|?|?,AR,Serial absent and exact fallback attributes are incomplete.,Keep separate unless an authoritative exact identifier is found.
LOW_IDENTITY_CONFIDENCE,AR!90:AR,ASSET|GI 150KV JATAKE|PHT 150KV JATAKE BARU#1|#1|?|?|INTERNAL,AR,Serial absent and exact fallback attributes are incomplete.,Keep separate unless an authoritative exact identifier is found.
LOW_IDENTITY_CONFIDENCE,AR!91:AR,ASSET|GI 150KV JATAKE|PHT 150KV JATAKE BARU#2|#2|?|?|INTERNAL,AR,Serial absent and exact fallback attributes are incomplete.,Keep separate unless an authoritative exact identifier is found.
LOW_IDENTITY_CONFIDENCE,AR!94:AR,ASSET|GI 150KV JATAKE|PHT 150KV MAXIMANGANDO#1|#1|?|?|TIDAK AKTIF,AR,Serial absent and exact fallback attributes are incomplete.,Keep separate unless an authoritative exact identifier is found.
LOW_IDENTITY_CONFIDENCE,AR!95:AR,ASSET|GI 150KV JATAKE|PHT 150KV MAXIMANGANDO#2|#2|?|?|TIDAK AKTIF,AR,Serial absent and exact fallback attributes are incomplete.,Keep separate unless an authoritative exact identifier is found.
LOW_IDENTITY_CONFIDENCE,AR!98:AR,ASSET|GI 150KV MAXIMANGANDO|PHT 150KV JATAKE#1|#1|?|?|TIDAK AKTIF,AR,Serial absent and exact fallback attributes are incomplete.,Keep separate unless an authoritative exact identifier is found.
LOW_IDENTITY_CONFIDENCE,AR!99:AR,ASSET|GI 150KV MAXIMANGANDO|PHT 150KV JATAKE#2|#2|?|?|TIDAK AKTIF,AR,Serial absent and exact fallback attributes are incomplete.,Keep separate unless an authoritative exact identifier is found.
LOW_IDENTITY_CONFIDENCE,BUSPRO!10:BUSPRO,ASSET|GI 150KV ANGKE|MPU|?|ALSTOM|MICOM P746|MPU,BUSPRO,Serial absent and exact fallback attributes are incomplete.,Keep separate unless an authoritative exact identifier is found.
LOW_IDENTITY_CONFIDENCE,BUSPRO!11:BUSPRO,ASSET|GI 150KV DADAP|MPU|?|ALSTOM|MICOM P743|MPU,BUSPRO,Serial absent and exact fallback attributes are incomplete.,Keep separate unless an authoritative exact identifier is found.
LOW_IDENTITY_CONFIDENCE,BUSPRO!12:BUSPRO,ASSET|GI 150KV MUARAKARANG BARU|MPU|?|GEC ALSTHOM|MCAG 34|MPU,BUSPRO,Serial absent and exact fallback attributes are incomplete.,Keep separate unless an authoritative exact identifier is found.
LOW_IDENTITY_CONFIDENCE,BUSPRO!13:BUSPRO,ASSET|GI 150KV MUARAKARANG LAMA|MPU|?|SIEMENS|REYROLLE|MPU,BUSPRO,Serial absent and exact fallback attributes are incomplete.,Keep separate unless an authoritative exact identifier is found.
LOW_IDENTITY_CONFIDENCE,BUSPRO!14:BUSPRO,ASSET|GIS 150KV DAAN MOGOT|MPU|?|ABB|REB 670|MPU,BUSPRO,Serial absent and exact fallback attributes are incomplete.,Keep separate unless an authoritative exact identifier is found.
LOW_IDENTITY_CONFIDENCE,BUSPRO!15:BUSPRO,ASSET|GIS 150KV GROGOL|MPU|?|GEC ALSTHOM|MCAG 34|MPU,BUSPRO,Serial absent and exact fallback attributes are incomplete.,Keep separate unless an authoritative exact identifier is found.
LOW_IDENTITY_CONFIDENCE,BUSPRO!16:BUSPRO,ASSET|GIS 150KV GROGOL BARU|MPU|?|SIEMENS|7SS85|MPU,BUSPRO,Serial absent and exact fallback attributes are incomplete.,Keep separate unless an authoritative exact identifier is found.
LOW_IDENTITY_CONFIDENCE,BUSPRO!17:BUSPRO,ASSET|GIS 150KV KEBON JERUK|MPU|?|GE ALSTOM|MICOM P746|MPU,BUSPRO,Serial absent and exact fallback attributes are incomplete.,Keep separate unless an authoritative exact identifier is found.
LOW_IDENTITY_CONFIDENCE,BUSPRO!18:BUSPRO,ASSET|GIS 150KV MUARAKARANG BARU|MPU|?|?|?|MPU,BUSPRO,Serial absent and exact fallback attributes are incomplete.,Keep separate unless an authoritative exact identifier is found.
LOW_IDENTITY_CONFIDENCE,BUSPRO!19:BUSPRO,ASSET|GIS 150KV NEW SENAYAN|MPU|?|AREVA|MICOM P122|MPU,BUSPRO,Serial absent and exact fallback attributes are incomplete.,Keep separate unless an authoritative exact identifier is found.
LOW_IDENTITY_CONFIDENCE,BUSPRO!20:BUSPRO,ASSET|GIS 150KV PANTAI INDAH KAPUK|MPU|?|SIEMENS|7SS52|MPU,BUSPRO,Serial absent and exact fallback attributes are incomplete.,Keep separate unless an authoritative exact identifier is found.
LOW_IDENTITY_CONFIDENCE,BUSPRO!21:BUSPRO,ASSET|GIS 150KV TOMANG|MPU|?|SCHNEIDER|MICOM P741|MPU,BUSPRO,Serial absent and exact fallback attributes are incomplete.,Keep separate unless an authoritative exact identifier is found.
LOW_IDENTITY_CONFIDENCE,BUSPRO!22:BUSPRO,ASSET|GIS 150KV ULUJAMI|MPU|?|GE ALSTOM|MICOM P746|MPU,BUSPRO,Serial absent and exact fallback attributes are incomplete.,Keep separate unless an authoritative exact identifier is found.
LOW_IDENTITY_CONFIDENCE,BUSPRO!23:BUSPRO,ASSET|GISTET 500KV MUARAKARANG BARU|MPU-A|?|?|?|MPU-A,BUSPRO,Serial absent and exact fallback attributes are incomplete.,Keep separate unless an authoritative exact identifier is found.
LOW_IDENTITY_CONFIDENCE,BUSPRO!24:BUSPRO,ASSET|GISTET 500KV MUARAKARANG BARU|MPU-B|?|?|?|MPU-B,BUSPRO,Serial absent and exact fallback attributes are incomplete.,Keep separate unless an authoritative exact identifier is found.
LOW_IDENTITY_CONFIDENCE,BUSPRO!25:BUSPRO,ASSET|GI 150KV CURUG|MPU|?|GEC ALSTHOM|MCAG 34|MPU,BUSPRO,Serial absent and exact fallback attributes are incomplete.,Keep separate unless an authoritative exact identifier is found.
LOW_IDENTITY_CONFIDENCE,BUSPRO!26:BUSPRO,ASSET|GI 150KV GAJAH TUNGGAL|MPU|?|?|?|MPU,BUSPRO,Serial absent and exact fallback attributes are incomplete.,Keep separate unless an authoritative exact identifier is found.
LOW_IDENTITY_CONFIDENCE,BUSPRO!27:BUSPRO,ASSET|GI 150KV ITS|MPU|?|?|?|MPU,BUSPRO,Serial absent and exact fallback attributes are incomplete.,Keep separate unless an authoritative exact identifier is found.
LOW_IDENTITY_CONFIDENCE,BUSPRO!28:BUSPRO,ASSET|GI 150KV JATAKE|MPU|?|NR|PCS 915|MPU,BUSPRO,Serial absent and exact fallback attributes are incomplete.,Keep separate unless an authoritative exact identifier is found.
LOW_IDENTITY_CONFIDENCE,BUSPRO!29:BUSPRO,ASSET|GI 150KV MAXIMANGANDO|MPU|?|?|?|MPU,BUSPRO,Serial absent and exact fallback attributes are incomplete.,Keep separate unless an authoritative exact identifier is found.
LOW_IDENTITY_CONFIDENCE,BUSPRO!30:BUSPRO,ASSET|GI 150KV SINDANG JAYA|MPU|?|NR|PCS 915|MPU,BUSPRO,Serial absent and exact fallback attributes are incomplete.,Keep separate unless an authoritative exact identifier is found.
LOW_IDENTITY_CONFIDENCE,BUSPRO!31:BUSPRO,ASSET|GI 150KV TANGERANG BARU|MPU|?|AREVA|MICOM P741|MPU,BUSPRO,Serial absent and exact fallback attributes are incomplete.,Keep separate unless an authoritative exact identifier is found.
LOW_IDENTITY_CONFIDENCE,BUSPRO!32:BUSPRO,ASSET|GI 150KV TELUK NAGA|MPU|?|AREVA|MICOM P741|MPU,BUSPRO,Serial absent and exact fallback attributes are incomplete.,Keep separate unless an authoritative exact identifier is found.
LOW_IDENTITY_CONFIDENCE,BUSPRO!33:BUSPRO,ASSET|GIS 150KV JATAKE BARU|MPU|?|NR|PCS 915|MPU,BUSPRO,Serial absent and exact fallback attributes are incomplete.,Keep separate unless an authoritative exact identifier is found.
LOW_IDENTITY_CONFIDENCE,BUSPRO!34:BUSPRO,ASSET|GIS 150KV LONTAR|MPU-A|?|NR|RCS 915|MPU-A,BUSPRO,Serial absent and exact fallback attributes are incomplete.,Keep separate unless an authoritative exact identifier is found.
LOW_IDENTITY_CONFIDENCE,BUSPRO!35:BUSPRO,ASSET|GIS 150KV LONTAR|MPU-B|?|NR|RCS 915|MPU-B,BUSPRO,Serial absent and exact fallback attributes are incomplete.,Keep separate unless an authoritative exact identifier is found.
LOW_IDENTITY_CONFIDENCE,BUSPRO!36:BUSPRO,ASSET|GI 150KV CENGKARENG|MPU|?|AREVA|MICOM P741|MPU,BUSPRO,Serial absent and exact fallback attributes are incomplete.,Keep separate unless an authoritative exact identifier is found.
LOW_IDENTITY_CONFIDENCE,BUSPRO!37:BUSPRO,ASSET|GI 150KV CENGKARENG BARU|MPU|?|ALSTOM|MICOM P746|MPU,BUSPRO,Serial absent and exact fallback attributes are incomplete.,Keep separate unless an authoritative exact identifier is found.
LOW_IDENTITY_CONFIDENCE,BUSPRO!38:BUSPRO,ASSET|GI 150KV CILEDUG|MPU|?|GEC ALSTHOM|MCAG 34|MPU,BUSPRO,Serial absent and exact fallback attributes are incomplete.,Keep separate unless an authoritative exact identifier is found.
LOW_IDENTITY_CONFIDENCE,BUSPRO!40:BUSPRO,ASSET|GI 150KV TANGERANG|MPU|?|ALSTOM|MICOM P746|MPU,BUSPRO,Serial absent and exact fallback attributes are incomplete.,Keep separate unless an authoritative exact identifier is found.
LOW_IDENTITY_CONFIDENCE,BUSPRO!41:BUSPRO,ASSET|GIS 150KV ALAM SUTERA|MPU|?|ALSTOM|MICOM P746|MPU,BUSPRO,Serial absent and exact fallback attributes are incomplete.,Keep separate unless an authoritative exact identifier is found.
LOW_IDENTITY_CONFIDENCE,BUSPRO!42:BUSPRO,ASSET|GIS 150KV KEMBANGAN|MPU|?|GEC ALSTHOM|MCAG 34|MPU,BUSPRO,Serial absent and exact fallback attributes are incomplete.,Keep separate unless an authoritative exact identifier is found.
LOW_IDENTITY_CONFIDENCE,BUSPRO!44:BUSPRO,ASSET|GIS 150KV METLAND|MPU|?|?|?|MPU,BUSPRO,Serial absent and exact fallback attributes are incomplete.,Keep separate unless an authoritative exact identifier is found.
LOW_IDENTITY_CONFIDENCE,BUSPRO!45:BUSPRO,ASSET|GISTET 500KV DURIKOSAMBI|MPU-A|?|ALSTOM|MICOM P746|MPU-A,BUSPRO,Serial absent and exact fallback attributes are incomplete.,Keep separate unless an authoritative exact identifier is found.
LOW_IDENTITY_CONFIDENCE,BUSPRO!46:BUSPRO,ASSET|GISTET 500KV DURIKOSAMBI|MPU-B|?|GE|B90|MPU-B,BUSPRO,Serial absent and exact fallback attributes are incomplete.,Keep separate unless an authoritative exact identifier is found.
LOW_IDENTITY_CONFIDENCE,BUSPRO!47:BUSPRO,ASSET|GISTET 500KV KEMBANGAN|MPU-A|?|ALSTOM|MICOM P746|MPU-A,BUSPRO,Serial absent and exact fallback attributes are incomplete.,Keep separate unless an authoritative exact identifier is found.
LOW_IDENTITY_CONFIDENCE,BUSPRO!48:BUSPRO,ASSET|GISTET 500KV KEMBANGAN|MPU-B|?|GE|B90|MPU-B,BUSPRO,Serial absent and exact fallback attributes are incomplete.,Keep separate unless an authoritative exact identifier is found.
LOW_IDENTITY_CONFIDENCE,CBF!100:CBF,ASSET|GI 150KV CIKUPA|TRF|#3|?|?|CBF,CBF,Serial absent and exact fallback attributes are incomplete.,Keep separate unless an authoritative exact identifier is found.
LOW_IDENTITY_CONFIDENCE,CBF!101:CBF,ASSET|GI 150KV CIKUPA|PHT 150KV CURUG|#1|?|?|CBF,CBF,Serial absent and exact fallback attributes are incomplete.,Keep separate unless an authoritative exact identifier is found.
LOW_IDENTITY_CONFIDENCE,CBF!102:CBF,ASSET|GI 150KV CIKUPA|PHT 150KV CURUG|#2|?|?|CBF,CBF,Serial absent and exact fallback attributes are incomplete.,Keep separate unless an authoritative exact identifier is found.
LOW_IDENTITY_CONFIDENCE,CBF!103:CBF,ASSET|GI 150KV CIKUPA|PHT 150KV SUVARNA SUTERA|#1|?|?|CBF,CBF,Serial absent and exact fallback attributes are incomplete.,Keep separate unless an authoritative exact identifier is found.
LOW_IDENTITY_CONFIDENCE,CBF!104:CBF,ASSET|GI 150KV CIKUPA|PHT 150KV SUVARNA SUTERA|#2|?|?|CBF,CBF,Serial absent and exact fallback attributes are incomplete.,Keep separate unless an authoritative exact identifier is found.
LOW_IDENTITY_CONFIDENCE,CBF!105:CBF,ASSET|GI 150KV CIKUPA|PHT 150KV JATAKE|#1|?|?|CBF,CBF,Serial absent and exact fallback attributes are incomplete.,Keep separate unless an authoritative exact identifier is found.
LOW_IDENTITY_CONFIDENCE,CBF!106:CBF,ASSET|GI 150KV CIKUPA|PHT 150KV JATAKE|#2|?|?|CBF,CBF,Serial absent and exact fallback attributes are incomplete.,Keep separate unless an authoritative exact identifier is found.
LOW_IDENTITY_CONFIDENCE,CBF!107:CBF,ASSET|GI 150KV CIKUPA|PHT 150KV PASAR KEMIS|#1|?|?|CBF,CBF,Serial absent and exact fallback attributes are incomplete.,Keep separate unless an authoritative exact identifier is found.
LOW_IDENTITY_CONFIDENCE,CBF!108:CBF,ASSET|GI 150KV CIKUPA|PHT 150KV PASAR KEMIS|#2|?|?|CBF,CBF,Serial absent and exact fallback attributes are incomplete.,Keep separate unless an authoritative exact identifier is found.
LOW_IDENTITY_CONFIDENCE,CBF!109:CBF,ASSET|GI 150KV CILEDUG|TRF|#1|?|?|CBF,CBF,Serial absent and exact fallback attributes are incomplete.,Keep separate unless an authoritative exact identifier is found.
LOW_IDENTITY_CONFIDENCE,CBF!110:CBF,ASSET|GI 150KV CILEDUG|TRF|#2|?|?|CBF,CBF,Serial absent and exact fallback attributes are incomplete.,Keep separate unless an authoritative exact identifier is found.
LOW_IDENTITY_CONFIDENCE,CBF!111:CBF,ASSET|GI 150KV CILEDUG|TRF|#3|?|?|CBF,CBF,Serial absent and exact fallback attributes are incomplete.,Keep separate unless an authoritative exact identifier is found.
LOW_IDENTITY_CONFIDENCE,CBF!112:CBF,ASSET|GI 150KV CILEDUG|TRF|#4|?|?|CBF,CBF,Serial absent and exact fallback attributes are incomplete.,Keep separate unless an authoritative exact identifier is found.
LOW_IDENTITY_CONFIDENCE,CBF!113:CBF,ASSET|GI 150KV CILEDUG|PHT 150KV ALAM SUTERA|#1|?|?|CBF,CBF,Serial absent and exact fallback attributes are incomplete.,Keep separate unless an authoritative exact identifier is found.
LOW_IDENTITY_CONFIDENCE,CBF!114:CBF,ASSET|GI 150KV CILEDUG|PHT 150KV ALAM SUTERA|#2|?|?|CBF,CBF,Serial absent and exact fallback attributes are incomplete.,Keep separate unless an authoritative exact identifier is found.
LOW_IDENTITY_CONFIDENCE,CBF!115:CBF,ASSET|GI 150KV CILEDUG|PHT 150KV KEMBANGAN|#1|?|?|CBF,CBF,Serial absent and exact fallback attributes are incomplete.,Keep separate unless an authoritative exact identifier is found.
LOW_IDENTITY_CONFIDENCE,CBF!116:CBF,ASSET|GI 150KV CILEDUG|PHT 150KV KEMBANGAN|#2|?|?|CBF,CBF,Serial absent and exact fallback attributes are incomplete.,Keep separate unless an authoritative exact identifier is found.
LOW_IDENTITY_CONFIDENCE,CBF!117:CBF,ASSET|GI 150KV CITRA HABITAT|TRF|#1|?|?|CBF,CBF,Serial absent and exact fallback attributes are incomplete.,Keep separate unless an authoritative exact identifier is found.
LOW_IDENTITY_CONFIDENCE,CBF!118:CBF,ASSET|GI 150KV CITRA HABITAT|TRF|#2|?|?|CBF,CBF,Serial absent and exact fallback attributes are incomplete.,Keep separate unless an authoritative exact identifier is found.
LOW_IDENTITY_CONFIDENCE,CBF!119:CBF,ASSET|GI 150KV CITRA HABITAT|TRF|#3|?|?|CBF,CBF,Serial absent and exact fallback attributes are incomplete.,Keep separate unless an authoritative exact identifier is found.
LOW_IDENTITY_CONFIDENCE,CBF!120:CBF,ASSET|GI 150KV CITRA HABITAT|TRF|#4|?|?|CBF,CBF,Serial absent and exact fallback attributes are incomplete.,Keep separate unless an authoritative exact identifier is found.
LOW_IDENTITY_CONFIDENCE,CBF!121:CBF,ASSET|GI 150KV CITRA HABITAT|PHT 150KV LEGOK|#1|?|?|CBF,CBF,Serial absent and exact fallback attributes are incomplete.,Keep separate unless an authoritative exact identifier is found.
LOW_IDENTITY_CONFIDENCE,CBF!122:CBF,ASSET|GI 150KV CITRA HABITAT|PHT 150KV LEGOK|#2|?|?|CBF,CBF,Serial absent and exact fallback attributes are incomplete.,Keep separate unless an authoritative exact identifier is found.
LOW_IDENTITY_CONFIDENCE,CBF!123:CBF,ASSET|GI 150KV CITRA HABITAT|PHT 150KV MILENIUM|#1|?|?|CBF,CBF,Serial absent and exact fallback attributes are incomplete.,Keep separate unless an authoritative exact identifier is found.
LOW_IDENTITY_CONFIDENCE,CBF!124:CBF,ASSET|GI 150KV CITRA HABITAT|PHT 150KV MILENIUM|#2|?|?|CBF,CBF,Serial absent and exact fallback attributes are incomplete.,Keep separate unless an authoritative exact identifier is found.
LOW_IDENTITY_CONFIDENCE,CBF!125:CBF,ASSET|GI 150KV CITRA HABITAT|PHT 150KV TIGARAKSA|#1|?|?|CBF,CBF,Serial absent and exact fallback attributes are incomplete.,Keep separate unless an authoritative exact identifier is found.
LOW_IDENTITY_CONFIDENCE,CBF!126:CBF,ASSET|GI 150KV CITRA HABITAT|PHT 150KV TIGARAKSA|#2|?|?|CBF,CBF,Serial absent and exact fallback attributes are incomplete.,Keep separate unless an authoritative exact identifier is found.
LOW_IDENTITY_CONFIDENCE,CBF!127:CBF,ASSET|GI 150KV CURUG|TRF|#1|?|?|CBF,CBF,Serial absent and exact fallback attributes are incomplete.,Keep separate unless an authoritative exact identifier is found.
LOW_IDENTITY_CONFIDENCE,CBF!128:CBF,ASSET|GI 150KV CURUG|TRF|#2|?|?|CBF,CBF,Serial absent and exact fallback attributes are incomplete.,Keep separate unless an authoritative exact identifier is found.
LOW_IDENTITY_CONFIDENCE,CBF!129:CBF,ASSET|GI 150KV CURUG|TRF|#3|?|?|CBF,CBF,Serial absent and exact fallback attributes are incomplete.,Keep separate unless an authoritative exact identifier is found.
LOW_IDENTITY_CONFIDENCE,CBF!130:CBF,ASSET|GI 150KV CURUG|TRF|#4|?|?|CBF,CBF,Serial absent and exact fallback attributes are incomplete.,Keep separate unless an authoritative exact identifier is found.
LOW_IDENTITY_CONFIDENCE,CBF!131:CBF,ASSET|GI 150KV CURUG|PHT 150KV CIKUPA|#1|?|?|CBF,CBF,Serial absent and exact fallback attributes are incomplete.,Keep separate unless an authoritative exact identifier is found.
LOW_IDENTITY_CONFIDENCE,CBF!132:CBF,ASSET|GI 150KV CURUG|PHT 150KV CIKUPA|#2|?|?|CBF,CBF,Serial absent and exact fallback attributes are incomplete.,Keep separate unless an authoritative exact identifier is found.
LOW_IDENTITY_CONFIDENCE,CBF!133:CBF,ASSET|GI 150KV CURUG|PHT 150KV SUMMARECON GADING SERPONG|#1|?|?|CBF,CBF,Serial absent and exact fallback attributes are incomplete.,Keep separate unless an authoritative exact identifier is found.
LOW_IDENTITY_CONFIDENCE,CBF!134:CBF,ASSET|GI 150KV CURUG|PHT 150KV SUMMARECON GADING SERPONG|#2|?|?|CBF,CBF,Serial absent and exact fallback attributes are incomplete.,Keep separate unless an authoritative exact identifier is found.
LOW_IDENTITY_CONFIDENCE,CBF!135:CBF,ASSET|GI 150KV DURIKOSAMBI|TRF|#1|?|?|CBF,CBF,Serial absent and exact fallback attributes are incomplete.,Keep separate unless an authoritative exact identifier is found.
LOW_IDENTITY_CONFIDENCE,CBF!136:CBF,ASSET|GI 150KV DURIKOSAMBI|TRF|#2|?|?|CBF,CBF,Serial absent and exact fallback attributes are incomplete.,Keep separate unless an authoritative exact identifier is found.
LOW_IDENTITY_CONFIDENCE,CBF!137:CBF,ASSET|GI 150KV DURIKOSAMBI|TRF|#3|?|?|CBF,CBF,Serial absent and exact fallback attributes are incomplete.,Keep separate unless an authoritative exact identifier is found.
LOW_IDENTITY_CONFIDENCE,CBF!138:CBF,ASSET|GI 150KV DURIKOSAMBI|TRF|#4|?|?|CBF,CBF,Serial absent and exact fallback attributes are incomplete.,Keep separate unless an authoritative exact identifier is found.
LOW_IDENTITY_CONFIDENCE,CBF!139:CBF,ASSET|GI 150KV DURIKOSAMBI|TRF|#5|?|?|CBF,CBF,Serial absent and exact fallback attributes are incomplete.,Keep separate unless an authoritative exact identifier is found.
LOW_IDENTITY_CONFIDENCE,CBF!140:CBF,ASSET|GI 150KV DURIKOSAMBI|PHT 150KV CENGKARENG|#1|?|?|CBF,CBF,Serial absent and exact fallback attributes are incomplete.,Keep separate unless an authoritative exact identifier is found.
LOW_IDENTITY_CONFIDENCE,CBF!141:CBF,ASSET|GI 150KV DURIKOSAMBI|PHT 150KV CENGKARENG|#2|?|?|CBF,CBF,Serial absent and exact fallback attributes are incomplete.,Keep separate unless an authoritative exact identifier is found.
LOW_IDENTITY_CONFIDENCE,CBF!142:CBF,ASSET|GI 150KV DURIKOSAMBI|PHT 150KV GROGOL BARU|#1|?|?|CBF,CBF,Serial absent and exact fallback attributes are incomplete.,Keep separate unless an authoritative exact identifier is found.
LOW_IDENTITY_CONFIDENCE,CBF!143:CBF,ASSET|GI 150KV DURIKOSAMBI|PHT 150KV GROGOL BARU|#2|?|?|CBF,CBF,Serial absent and exact fallback attributes are incomplete.,Keep separate unless an authoritative exact identifier is found.
LOW_IDENTITY_CONFIDENCE,CBF!144:CBF,ASSET|GI 150KV DURIKOSAMBI|PHT 150KV KEBON JERUK|#1|?|?|CBF,CBF,Serial absent and exact fallback attributes are incomplete.,Keep separate unless an authoritative exact identifier is found.
LOW_IDENTITY_CONFIDENCE,CBF!145:CBF,ASSET|GI 150KV DURIKOSAMBI|PHT 150KV KEBON JERUK|#2|?|?|CBF,CBF,Serial absent and exact fallback attributes are incomplete.,Keep separate unless an authoritative exact identifier is found.
LOW_IDENTITY_CONFIDENCE,CBF!146:CBF,ASSET|GI 150KV DURIKOSAMBI|PHT 150KV KEMBANGAN|#1|?|?|CBF,CBF,Serial absent and exact fallback attributes are incomplete.,Keep separate unless an authoritative exact identifier is found.
LOW_IDENTITY_CONFIDENCE,CBF!147:CBF,ASSET|GI 150KV DURIKOSAMBI|PHT 150KV KEMBANGAN|#2|?|?|CBF,CBF,Serial absent and exact fallback attributes are incomplete.,Keep separate unless an authoritative exact identifier is found.
LOW_IDENTITY_CONFIDENCE,CBF!148:CBF,ASSET|GI 150KV DURIKOSAMBI|PHT 150KV LMK|?|?|?|CBF,CBF,Serial absent and exact fallback attributes are incomplete.,Keep separate unless an authoritative exact identifier is found.
LOW_IDENTITY_CONFIDENCE,CBF!149:CBF,ASSET|GI 150KV DURIKOSAMBI|PHT 150KV MUARAKARANG LAMA|#1|?|?|CBF,CBF,Serial absent and exact fallback attributes are incomplete.,Keep separate unless an authoritative exact identifier is found.
LOW_IDENTITY_CONFIDENCE,CBF!150:CBF,ASSET|GI 150KV DURIKOSAMBI|PHT 150KV MUARAKARANG LAMA|#2|?|?|CBF,CBF,Serial absent and exact fallback attributes are incomplete.,Keep separate unless an authoritative exact identifier is found.
LOW_IDENTITY_CONFIDENCE,CBF!151:CBF,ASSET|GI 150KV DURIKOSAMBI|PHT 150KV DAAN MOGOT|#1|?|?|CBF,CBF,Serial absent and exact fallback attributes are incomplete.,Keep separate unless an authoritative exact identifier is found.
LOW_IDENTITY_CONFIDENCE,CBF!152:CBF,ASSET|GI 150KV DURIKOSAMBI|PHT 150KV DAAN MOGOT|#2|?|?|CBF,CBF,Serial absent and exact fallback attributes are incomplete.,Keep separate unless an authoritative exact identifier is found.
LOW_IDENTITY_CONFIDENCE,CBF!153:CBF,ASSET|GI 150KV DURIKOSAMBI|PHT 150KV PETUKANGAN|#1|?|?|CBF,CBF,Serial absent and exact fallback attributes are incomplete.,Keep separate unless an authoritative exact identifier is found.
LOW_IDENTITY_CONFIDENCE,CBF!154:CBF,ASSET|GI 150KV DURIKOSAMBI|PHT 150KV PETUKANGAN|#2|?|?|CBF,CBF,Serial absent and exact fallback attributes are incomplete.,Keep separate unless an authoritative exact identifier is found.
LOW_IDENTITY_CONFIDENCE,CBF!155:CBF,ASSET|GI 150KV JATAKE|TRF|#1|?|?|CBF,CBF,Serial absent and exact fallback attributes are incomplete.,Keep separate unless an authoritative exact identifier is found.
LOW_IDENTITY_CONFIDENCE,CBF!156:CBF,ASSET|GI 150KV JATAKE|TRF|#2|?|?|CBF,CBF,Serial absent and exact fallback attributes are incomplete.,Keep separate unless an authoritative exact identifier is found.
LOW_IDENTITY_CONFIDENCE,CBF!157:CBF,ASSET|GI 150KV JATAKE|TRF|#3|?|?|CBF,CBF,Serial absent and exact fallback attributes are incomplete.,Keep separate unless an authoritative exact identifier is found.
LOW_IDENTITY_CONFIDENCE,CBF!158:CBF,ASSET|GI 150KV JATAKE|TRF|#4|?|?|CBF,CBF,Serial absent and exact fallback attributes are incomplete.,Keep separate unless an authoritative exact identifier is found.
LOW_IDENTITY_CONFIDENCE,CBF!159:CBF,ASSET|GI 150KV JATAKE|TRF|#5|?|?|CBF,CBF,Serial absent and exact fallback attributes are incomplete.,Keep separate unless an authoritative exact identifier is found.
LOW_IDENTITY_CONFIDENCE,CBF!160:CBF,ASSET|GI 150KV JATAKE|PHT 150KV MAXIMANGANDO|#1|?|?|CBF,CBF,Serial absent and exact fallback attributes are incomplete.,Keep separate unless an authoritative exact identifier is found.
LOW_IDENTITY_CONFIDENCE,CBF!161:CBF,ASSET|GI 150KV JATAKE|PHT 150KV MAXIMANGANDO|#2|?|?|CBF,CBF,Serial absent and exact fallback attributes are incomplete.,Keep separate unless an authoritative exact identifier is found.
LOW_IDENTITY_CONFIDENCE,CBF!162:CBF,ASSET|GI 150KV JATAKE|PHT 150KV TANGERANG|#1|?|?|CBF,CBF,Serial absent and exact fallback attributes are incomplete.,Keep separate unless an authoritative exact identifier is found.
LOW_IDENTITY_CONFIDENCE,CBF!163:CBF,ASSET|GI 150KV JATAKE|PHT 150KV TANGERANG|#2|?|?|CBF,CBF,Serial absent and exact fallback attributes are incomplete.,Keep separate unless an authoritative exact identifier is found.
LOW_IDENTITY_CONFIDENCE,CBF!170:CBF,ASSET|GI 150KV LAUTAN STEEL|TRF|#1|?|?|CBF,CBF,Serial absent and exact fallback attributes are incomplete.,Keep separate unless an authoritative exact identifier is found.
LOW_IDENTITY_CONFIDENCE,CBF!171:CBF,ASSET|GI 150KV LAUTAN STEEL|TRF|#2|?|?|CBF,CBF,Serial absent and exact fallback attributes are incomplete.,Keep separate unless an authoritative exact identifier is found.
LOW_IDENTITY_CONFIDENCE,CBF!172:CBF,ASSET|GI 150KV LAUTAN STEEL|PHT 150KV SPINMILL|#1|?|?|CBF,CBF,Serial absent and exact fallback attributes are incomplete.,Keep separate unless an authoritative exact identifier is found.
LOW_IDENTITY_CONFIDENCE,CBF!173:CBF,ASSET|GI 150KV LAUTAN STEEL|PHT 150KV SPINMILL|#2|?|?|CBF,CBF,Serial absent and exact fallback attributes are incomplete.,Keep separate unless an authoritative exact identifier is found.
LOW_IDENTITY_CONFIDENCE,CBF!174:CBF,ASSET|GI 150KV LAUTAN STEEL|PHT 150KV NEW BALARAJA|#1|?|?|CBF,CBF,Serial absent and exact fallback attributes are incomplete.,Keep separate unless an authoritative exact identifier is found.
LOW_IDENTITY_CONFIDENCE,CBF!175:CBF,ASSET|GI 150KV LAUTAN STEEL|PHT 150KV NEW BALARAJA|#2|?|?|CBF,CBF,Serial absent and exact fallback attributes are incomplete.,Keep separate unless an authoritative exact identifier is found.
LOW_IDENTITY_CONFIDENCE,CBF!176:CBF,ASSET|GI 150KV MAXIMANGANDO|TRF|#1|?|?|CBF,CBF,Serial absent and exact fallback attributes are incomplete.,Keep separate unless an authoritative exact identifier is found.
LOW_IDENTITY_CONFIDENCE,CBF!177:CBF,ASSET|GI 150KV MAXIMANGANDO|TRF|#2|?|?|CBF,CBF,Serial absent and exact fallback attributes are incomplete.,Keep separate unless an authoritative exact identifier is found.
LOW_IDENTITY_CONFIDENCE,CBF!178:CBF,ASSET|GI 150KV MAXIMANGANDO|PHT 150KV JATAKE|#1|?|?|CBF,CBF,Serial absent and exact fallback attributes are incomplete.,Keep separate unless an authoritative exact identifier is found.
LOW_IDENTITY_CONFIDENCE,CBF!179:CBF,ASSET|GI 150KV MAXIMANGANDO|PHT 150KV JATAKE|#2|?|?|CBF,CBF,Serial absent and exact fallback attributes are incomplete.,Keep separate unless an authoritative exact identifier is found.
LOW_IDENTITY_CONFIDENCE,CBF!180:CBF,ASSET|GI 150KV MILENIUM|TRF|#1|?|?|CBF,CBF,Serial absent and exact fallback attributes are incomplete.,Keep separate unless an authoritative exact identifier is found.
LOW_IDENTITY_CONFIDENCE,CBF!181:CBF,ASSET|GI 150KV MILENIUM|TRF|#2|?|?|CBF,CBF,Serial absent and exact fallback attributes are incomplete.,Keep separate unless an authoritative exact identifier is found.
LOW_IDENTITY_CONFIDENCE,CBF!182:CBF,ASSET|GI 150KV MILENIUM|TRF|#3|?|?|CBF,CBF,Serial absent and exact fallback attributes are incomplete.,Keep separate unless an authoritative exact identifier is found.
LOW_IDENTITY_CONFIDENCE,CBF!183:CBF,ASSET|GI 150KV MILENIUM|TRF|#4|?|?|CBF,CBF,Serial absent and exact fallback attributes are incomplete.,Keep separate unless an authoritative exact identifier is found.
LOW_IDENTITY_CONFIDENCE,CBF!184:CBF,ASSET|GI 150KV MILENIUM|PHT 150KV CITRA HABITAT|#1|?|?|CBF,CBF,Serial absent and exact fallback attributes are incomplete.,Keep separate unless an authoritative exact identifier is found.
LOW_IDENTITY_CONFIDENCE,CBF!185:CBF,ASSET|GI 150KV MILENIUM|PHT 150KV CITRA HABITAT|#2|?|?|CBF,CBF,Serial absent and exact fallback attributes are incomplete.,Keep separate unless an authoritative exact identifier is found.
LOW_IDENTITY_CONFIDENCE,CBF!186:CBF,ASSET|GI 150KV MILENIUM|PHT 150KV SPINMILL|#1|?|?|CBF,CBF,Serial absent and exact fallback attributes are incomplete.,Keep separate unless an authoritative exact identifier is found.
LOW_IDENTITY_CONFIDENCE,CBF!187:CBF,ASSET|GI 150KV MILENIUM|PHT 150KV SPINMILL|#2|?|?|CBF,CBF,Serial absent and exact fallback attributes are incomplete.,Keep separate unless an authoritative exact identifier is found.
LOW_IDENTITY_CONFIDENCE,CBF!188:CBF,ASSET|GI 150KV MUARAKARANG BARU|PHT 150KV PANTAI INDAH KAPUK|#1|?|?|CBF,CBF,Serial absent and exact fallback attributes are incomplete.,Keep separate unless an authoritative exact identifier is found.
LOW_IDENTITY_CONFIDENCE,CBF!189:CBF,ASSET|GI 150KV MUARAKARANG BARU|PHT 150KV PANTAI INDAH KAPUK|#2|?|?|CBF,CBF,Serial absent and exact fallback attributes are incomplete.,Keep separate unless an authoritative exact identifier is found.
LOW_IDENTITY_CONFIDENCE,CBF!190:CBF,ASSET|GI 150KV MUARAKARANG BARU|TRF|#1|?|?|CBF,CBF,Serial absent and exact fallback attributes are incomplete.,Keep separate unless an authoritative exact identifier is found.
LOW_IDENTITY_CONFIDENCE,CBF!191:CBF,ASSET|GI 150KV MUARAKARANG BARU|TRF|#2|?|?|CBF,CBF,Serial absent and exact fallback attributes are incomplete.,Keep separate unless an authoritative exact identifier is found.
LOW_IDENTITY_CONFIDENCE,CBF!192:CBF,ASSET|GI 150KV MUARAKARANG BARU|TRF|#3|?|?|CBF,CBF,Serial absent and exact fallback attributes are incomplete.,Keep separate unless an authoritative exact identifier is found.
LOW_IDENTITY_CONFIDENCE,CBF!193:CBF,ASSET|GI 150KV MUARAKARANG BARU|?|?|?|?|CBF,CBF,Serial absent and exact fallback attributes are incomplete.,Keep separate unless an authoritative exact identifier is found.
LOW_IDENTITY_CONFIDENCE,CBF!194:CBF,ASSET|GI 150KV MUARAKARANG BARU|?|?|?|?|CBF,CBF,Serial absent and exact fallback attributes are incomplete.,Keep separate unless an authoritative exact identifier is found.
LOW_IDENTITY_CONFIDENCE,CBF!195:CBF,ASSET|GI 150KV MUARAKARANG BARU|?|?|?|?|CBF,CBF,Serial absent and exact fallback attributes are incomplete.,Keep separate unless an authoritative exact identifier is found.
LOW_IDENTITY_CONFIDENCE,CBF!196:CBF,ASSET|GI 150KV MUARAKARANG BARU|?|?|?|?|CBF,CBF,Serial absent and exact fallback attributes are incomplete.,Keep separate unless an authoritative exact identifier is found.
LOW_IDENTITY_CONFIDENCE,CBF!197:CBF,ASSET|GI 150KV MUARAKARANG BARU|?|?|?|?|CBF,CBF,Serial absent and exact fallback attributes are incomplete.,Keep separate unless an authoritative exact identifier is found.
LOW_IDENTITY_CONFIDENCE,CBF!198:CBF,ASSET|GI 150KV MUARAKARANG BARU|?|?|?|?|CBF,CBF,Serial absent and exact fallback attributes are incomplete.,Keep separate unless an authoritative exact identifier is found.
LOW_IDENTITY_CONFIDENCE,CBF!199:CBF,ASSET|GI 150KV MUARAKARANG BARU|?|?|?|?|CBF,CBF,Serial absent and exact fallback attributes are incomplete.,Keep separate unless an authoritative exact identifier is found.
LOW_IDENTITY_CONFIDENCE,CBF!200:CBF,ASSET|GI 150KV MUARAKARANG BARU|?|?|?|?|CBF,CBF,Serial absent and exact fallback attributes are incomplete.,Keep separate unless an authoritative exact identifier is found.
LOW_IDENTITY_CONFIDENCE,CBF!201:CBF,ASSET|GI 150KV MUARAKARANG BARU|?|?|?|?|CBF,CBF,Serial absent and exact fallback attributes are incomplete.,Keep separate unless an authoritative exact identifier is found.
LOW_IDENTITY_CONFIDENCE,CBF!202:CBF,ASSET|GI 150KV MUARAKARANG BARU|?|?|?|?|CBF,CBF,Serial absent and exact fallback attributes are incomplete.,Keep separate unless an authoritative exact identifier is found.
LOW_IDENTITY_CONFIDENCE,CBF!203:CBF,ASSET|GI 150KV MUARAKARANG LAMA|PHT 150KV ANGKE|#1|?|?|CBF,CBF,Serial absent and exact fallback attributes are incomplete.,Keep separate unless an authoritative exact identifier is found.
LOW_IDENTITY_CONFIDENCE,CBF!204:CBF,ASSET|GI 150KV MUARAKARANG LAMA|PHT 150KV ANGKE|#2|?|?|CBF,CBF,Serial absent and exact fallback attributes are incomplete.,Keep separate unless an authoritative exact identifier is found.
LOW_IDENTITY_CONFIDENCE,CBF!205:CBF,ASSET|GI 150KV MUARAKARANG LAMA|PHT 150KV DURIKOSAMBI|#1|?|?|CBF,CBF,Serial absent and exact fallback attributes are incomplete.,Keep separate unless an authoritative exact identifier is found.
LOW_IDENTITY_CONFIDENCE,CBF!206:CBF,ASSET|GI 150KV MUARAKARANG LAMA|PHT 150KV DURIKOSAMBI|#2|?|?|CBF,CBF,Serial absent and exact fallback attributes are incomplete.,Keep separate unless an authoritative exact identifier is found.
LOW_IDENTITY_CONFIDENCE,CBF!207:CBF,ASSET|GI 150KV MUARAKARANG LAMA|PHT 150KV BUDIKEMULYAN|#1|?|?|CBF,CBF,Serial absent and exact fallback attributes are incomplete.,Keep separate unless an authoritative exact identifier is found.
LOW_IDENTITY_CONFIDENCE,CBF!208:CBF,ASSET|GI 150KV MUARAKARANG LAMA|PHT 150KV BUDIKEMULYAN|#2|?|?|CBF,CBF,Serial absent and exact fallback attributes are incomplete.,Keep separate unless an authoritative exact identifier is found.
LOW_IDENTITY_CONFIDENCE,CBF!209:CBF,ASSET|GI 150KV MUARAKARANG LAMA|PHT 150KV MUARAKARANG BARU|#1|?|?|CBF,CBF,Serial absent and exact fallback attributes are incomplete.,Keep separate unless an authoritative exact identifier is found.
LOW_IDENTITY_CONFIDENCE,CBF!210:CBF,ASSET|GI 150KV MUARAKARANG LAMA|PHT 150KV MUARAKARANG BARU|#2|?|?|CBF,CBF,Serial absent and exact fallback attributes are incomplete.,Keep separate unless an authoritative exact identifier is found.
LOW_IDENTITY_CONFIDENCE,CBF!211:CBF,ASSET|GI 150KV MUARAKARANG LAMA|PHT 150KV UGC ANGKE|#1|?|?|CBF,CBF,Serial absent and exact fallback attributes are incomplete.,Keep separate unless an authoritative exact identifier is found.
LOW_IDENTITY_CONFIDENCE,CBF!212:CBF,ASSET|GI 150KV MUARAKARANG LAMA|PHT 150KV UGC ANGKE|#2|?|?|CBF,CBF,Serial absent and exact fallback attributes are incomplete.,Keep separate unless an authoritative exact identifier is found.
LOW_IDENTITY_CONFIDENCE,CBF!213:CBF,ASSET|GI 150KV MUARAKARANG LAMA|?|?|?|?|CBF,CBF,Serial absent and exact fallback attributes are incomplete.,Keep separate unless an authoritative exact identifier is found.
LOW_IDENTITY_CONFIDENCE,CBF!214:CBF,ASSET|GI 150KV MUARAKARANG LAMA|?|?|?|?|CBF,CBF,Serial absent and exact fallback attributes are incomplete.,Keep separate unless an authoritative exact identifier is found.
LOW_IDENTITY_CONFIDENCE,CBF!215:CBF,ASSET|GI 150KV MUARAKARANG LAMA|?|?|?|?|CBF,CBF,Serial absent and exact fallback attributes are incomplete.,Keep separate unless an authoritative exact identifier is found.
LOW_IDENTITY_CONFIDENCE,CBF!216:CBF,ASSET|GI 150KV MUARAKARANG LAMA|?|?|?|?|CBF,CBF,Serial absent and exact fallback attributes are incomplete.,Keep separate unless an authoritative exact identifier is found.
LOW_IDENTITY_CONFIDENCE,CBF!217:CBF,ASSET|GI 150KV MUARAKARANG LAMA|?|?|?|?|CBF,CBF,Serial absent and exact fallback attributes are incomplete.,Keep separate unless an authoritative exact identifier is found.
LOW_IDENTITY_CONFIDENCE,CBF!218:CBF,ASSET|GI 150KV MUARAKARANG LAMA|?|?|?|?|CBF,CBF,Serial absent and exact fallback attributes are incomplete.,Keep separate unless an authoritative exact identifier is found.
LOW_IDENTITY_CONFIDENCE,CBF!219:CBF,ASSET|GI 150KV MUARAKARANG LAMA|?|?|?|?|CBF,CBF,Serial absent and exact fallback attributes are incomplete.,Keep separate unless an authoritative exact identifier is found.
LOW_IDENTITY_CONFIDENCE,CBF!220:CBF,ASSET|GI 150KV MUARAKARANG LAMA|?|?|?|?|CBF,CBF,Serial absent and exact fallback attributes are incomplete.,Keep separate unless an authoritative exact identifier is found.
LOW_IDENTITY_CONFIDENCE,CBF!221:CBF,ASSET|GI 150KV MUARAKARANG LAMA|?|?|?|?|CBF,CBF,Serial absent and exact fallback attributes are incomplete.,Keep separate unless an authoritative exact identifier is found.
LOW_IDENTITY_CONFIDENCE,CBF!222:CBF,ASSET|GI 150KV MUARAKARANG LAMA|?|?|?|?|CBF,CBF,Serial absent and exact fallback attributes are incomplete.,Keep separate unless an authoritative exact identifier is found.
LOW_IDENTITY_CONFIDENCE,CBF!223:CBF,ASSET|GI 150KV MUARAKARANG LAMA|?|?|?|?|CBF,CBF,Serial absent and exact fallback attributes are incomplete.,Keep separate unless an authoritative exact identifier is found.
LOW_IDENTITY_CONFIDENCE,CBF!224:CBF,ASSET|GI 150KV MUARAKARANG LAMA|?|?|?|?|CBF,CBF,Serial absent and exact fallback attributes are incomplete.,Keep separate unless an authoritative exact identifier is found.
LOW_IDENTITY_CONFIDENCE,CBF!225:CBF,ASSET|GI 150KV MUARAKARANG LAMA|?|?|?|?|CBF,CBF,Serial absent and exact fallback attributes are incomplete.,Keep separate unless an authoritative exact identifier is found.
LOW_IDENTITY_CONFIDENCE,CBF!226:CBF,ASSET|GI 150KV MUARAKARANG LAMA|?|?|?|?|CBF,CBF,Serial absent and exact fallback attributes are incomplete.,Keep separate unless an authoritative exact identifier is found.
LOW_IDENTITY_CONFIDENCE,CBF!227:CBF,ASSET|GI 150KV MUARAKARANG LAMA|?|?|?|?|CBF,CBF,Serial absent and exact fallback attributes are incomplete.,Keep separate unless an authoritative exact identifier is found.
LOW_IDENTITY_CONFIDENCE,CBF!228:CBF,ASSET|GI 150KV MUARAKARANG LAMA|?|?|?|?|CBF,CBF,Serial absent and exact fallback attributes are incomplete.,Keep separate unless an authoritative exact identifier is found.
LOW_IDENTITY_CONFIDENCE,CBF!229:CBF,ASSET|GI 150KV MUARAKARANG LAMA|?|?|?|?|CBF,CBF,Serial absent and exact fallback attributes are incomplete.,Keep separate unless an authoritative exact identifier is found.
LOW_IDENTITY_CONFIDENCE,CBF!230:CBF,ASSET|GI 150KV MUARAKARANG LAMA|?|?|?|?|CBF,CBF,Serial absent and exact fallback attributes are incomplete.,Keep separate unless an authoritative exact identifier is found.
LOW_IDENTITY_CONFIDENCE,CBF!231:CBF,ASSET|GI 150KV MUARAKARANG LAMA|?|?|?|?|CBF,CBF,Serial absent and exact fallback attributes are incomplete.,Keep separate unless an authoritative exact identifier is found.
LOW_IDENTITY_CONFIDENCE,CBF!232:CBF,ASSET|GI 150KV MUARAKARANG LAMA|?|?|?|?|CBF,CBF,Serial absent and exact fallback attributes are incomplete.,Keep separate unless an authoritative exact identifier is found.
LOW_IDENTITY_CONFIDENCE,CBF!233:CBF,ASSET|GI 150KV MUARAKARANG LAMA|?|?|?|?|CBF,CBF,Serial absent and exact fallback attributes are incomplete.,Keep separate unless an authoritative exact identifier is found.
LOW_IDENTITY_CONFIDENCE,CBF!234:CBF,ASSET|GI 150KV MUARAKARANG LAMA|?|?|?|?|CBF,CBF,Serial absent and exact fallback attributes are incomplete.,Keep separate unless an authoritative exact identifier is found.
LOW_IDENTITY_CONFIDENCE,CBF!235:CBF,ASSET|GI 150KV NEW BALARAJA|TRF|#1|?|?|CBF,CBF,Serial absent and exact fallback attributes are incomplete.,Keep separate unless an authoritative exact identifier is found.
LOW_IDENTITY_CONFIDENCE,CBF!236:CBF,ASSET|GI 150KV NEW BALARAJA|TRF|#2|?|?|CBF,CBF,Serial absent and exact fallback attributes are incomplete.,Keep separate unless an authoritative exact identifier is found.
LOW_IDENTITY_CONFIDENCE,CBF!237:CBF,ASSET|GI 150KV NEW BALARAJA|TRF|#3|?|?|CBF,CBF,Serial absent and exact fallback attributes are incomplete.,Keep separate unless an authoritative exact identifier is found.
LOW_IDENTITY_CONFIDENCE,CBF!238:CBF,ASSET|GI 150KV NEW BALARAJA|PHT 150KV BALARAJA|#1|?|?|CBF,CBF,Serial absent and exact fallback attributes are incomplete.,Keep separate unless an authoritative exact identifier is found.
LOW_IDENTITY_CONFIDENCE,CBF!239:CBF,ASSET|GI 150KV NEW BALARAJA|PHT 150KV BALARAJA|#2|?|?|CBF,CBF,Serial absent and exact fallback attributes are incomplete.,Keep separate unless an authoritative exact identifier is found.
LOW_IDENTITY_CONFIDENCE,CBF!240:CBF,ASSET|GI 150KV NEW BALARAJA|PHT 150KV LAUTAN STEEL|#1|?|?|CBF,CBF,Serial absent and exact fallback attributes are incomplete.,Keep separate unless an authoritative exact identifier is found.
LOW_IDENTITY_CONFIDENCE,CBF!241:CBF,ASSET|GI 150KV NEW BALARAJA|PHT 150KV LAUTAN STEEL|#2|?|?|CBF,CBF,Serial absent and exact fallback attributes are incomplete.,Keep separate unless an authoritative exact identifier is found.
LOW_IDENTITY_CONFIDENCE,CBF!242:CBF,ASSET|GI 150KV PASAR KEMIS|TRF|#1|?|?|CBF,CBF,Serial absent and exact fallback attributes are incomplete.,Keep separate unless an authoritative exact identifier is found.
LOW_IDENTITY_CONFIDENCE,CBF!243:CBF,ASSET|GI 150KV PASAR KEMIS|TRF|#2|?|?|CBF,CBF,Serial absent and exact fallback attributes are incomplete.,Keep separate unless an authoritative exact identifier is found.
LOW_IDENTITY_CONFIDENCE,CBF!244:CBF,ASSET|GI 150KV PASAR KEMIS|TRF|#3|?|?|CBF,CBF,Serial absent and exact fallback attributes are incomplete.,Keep separate unless an authoritative exact identifier is found.
LOW_IDENTITY_CONFIDENCE,CBF!245:CBF,ASSET|GI 150KV PASAR KEMIS|TRF|#4|?|?|CBF,CBF,Serial absent and exact fallback attributes are incomplete.,Keep separate unless an authoritative exact identifier is found.
LOW_IDENTITY_CONFIDENCE,CBF!246:CBF,ASSET|GI 150KV PASAR KEMIS|PHT 150KV CIKUPA|#1|?|?|CBF,CBF,Serial absent and exact fallback attributes are incomplete.,Keep separate unless an authoritative exact identifier is found.
LOW_IDENTITY_CONFIDENCE,CBF!247:CBF,ASSET|GI 150KV PASAR KEMIS|PHT 150KV CIKUPA|#2|?|?|CBF,CBF,Serial absent and exact fallback attributes are incomplete.,Keep separate unless an authoritative exact identifier is found.
LOW_IDENTITY_CONFIDENCE,CBF!248:CBF,ASSET|GI 150KV PASAR KEMIS|PHT 150KV PASAR KEMIS BARU|#1|?|?|CBF,CBF,Serial absent and exact fallback attributes are incomplete.,Keep separate unless an authoritative exact identifier is found.
LOW_IDENTITY_CONFIDENCE,CBF!249:CBF,ASSET|GI 150KV PASAR KEMIS|PHT 150KV PASAR KEMIS BARU|#2|?|?|CBF,CBF,Serial absent and exact fallback attributes are incomplete.,Keep separate unless an authoritative exact identifier is found.
LOW_IDENTITY_CONFIDENCE,CBF!250:CBF,ASSET|GI 150KV PASAR KEMIS BARU|TRF|#1|?|?|CBF,CBF,Serial absent and exact fallback attributes are incomplete.,Keep separate unless an authoritative exact identifier is found.
LOW_IDENTITY_CONFIDENCE,CBF!251:CBF,ASSET|GI 150KV PASAR KEMIS BARU|TRF|#2|?|?|CBF,CBF,Serial absent and exact fallback attributes are incomplete.,Keep separate unless an authoritative exact identifier is found.
LOW_IDENTITY_CONFIDENCE,CBF!252:CBF,ASSET|GI 150KV PASAR KEMIS BARU|TRF|#3|?|?|CBF,CBF,Serial absent and exact fallback attributes are incomplete.,Keep separate unless an authoritative exact identifier is found.
LOW_IDENTITY_CONFIDENCE,CBF!253:CBF,ASSET|GI 150KV PASAR KEMIS BARU|PHT 150KV PASAR KEMIS|#1|?|?|CBF,CBF,Serial absent and exact fallback attributes are incomplete.,Keep separate unless an authoritative exact identifier is found.
LOW_IDENTITY_CONFIDENCE,CBF!254:CBF,ASSET|GI 150KV PASAR KEMIS BARU|PHT 150KV PASAR KEMIS|#2|?|?|CBF,CBF,Serial absent and exact fallback attributes are incomplete.,Keep separate unless an authoritative exact identifier is found.
LOW_IDENTITY_CONFIDENCE,CBF!255:CBF,ASSET|GI 150KV PASAR KEMIS BARU|PHT 150KV SEPATAN|#1|?|?|CBF,CBF,Serial absent and exact fallback attributes are incomplete.,Keep separate unless an authoritative exact identifier is found.
LOW_IDENTITY_CONFIDENCE,CBF!256:CBF,ASSET|GI 150KV PASAR KEMIS BARU|PHT 150KV SEPATAN|#2|?|?|CBF,CBF,Serial absent and exact fallback attributes are incomplete.,Keep separate unless an authoritative exact identifier is found.
LOW_IDENTITY_CONFIDENCE,CBF!257:CBF,ASSET|GI 150KV SEPATAN|TRF|#1|?|?|CBF,CBF,Serial absent and exact fallback attributes are incomplete.,Keep separate unless an authoritative exact identifier is found.
LOW_IDENTITY_CONFIDENCE,CBF!258:CBF,ASSET|GI 150KV SEPATAN|TRF|#2|?|?|CBF,CBF,Serial absent and exact fallback attributes are incomplete.,Keep separate unless an authoritative exact identifier is found.
LOW_IDENTITY_CONFIDENCE,CBF!259:CBF,ASSET|GI 150KV SEPATAN|TRF|#3|?|?|CBF,CBF,Serial absent and exact fallback attributes are incomplete.,Keep separate unless an authoritative exact identifier is found.
LOW_IDENTITY_CONFIDENCE,CBF!260:CBF,ASSET|GI 150KV SEPATAN|TRF|#4|?|?|CBF,CBF,Serial absent and exact fallback attributes are incomplete.,Keep separate unless an authoritative exact identifier is found.
LOW_IDENTITY_CONFIDENCE,CBF!261:CBF,ASSET|GI 150KV SEPATAN|PHT 150KV PASAR KEMIS BARU|#1|?|?|CBF,CBF,Serial absent and exact fallback attributes are incomplete.,Keep separate unless an authoritative exact identifier is found.
LOW_IDENTITY_CONFIDENCE,CBF!262:CBF,ASSET|GI 150KV SEPATAN|PHT 150KV PASAR KEMIS BARU|#2|?|?|CBF,CBF,Serial absent and exact fallback attributes are incomplete.,Keep separate unless an authoritative exact identifier is found.
LOW_IDENTITY_CONFIDENCE,CBF!263:CBF,ASSET|GI 150KV SEPATAN|PHT 150KV TELUK NAGA|#1|?|?|CBF,CBF,Serial absent and exact fallback attributes are incomplete.,Keep separate unless an authoritative exact identifier is found.
LOW_IDENTITY_CONFIDENCE,CBF!264:CBF,ASSET|GI 150KV SEPATAN|PHT 150KV TELUK NAGA|#2|?|?|CBF,CBF,Serial absent and exact fallback attributes are incomplete.,Keep separate unless an authoritative exact identifier is found.
LOW_IDENTITY_CONFIDENCE,CBF!265:CBF,ASSET|GI 150KV TANGERANG|TRF|#1|?|?|CBF,CBF,Serial absent and exact fallback attributes are incomplete.,Keep separate unless an authoritative exact identifier is found.
LOW_IDENTITY_CONFIDENCE,CBF!266:CBF,ASSET|GI 150KV TANGERANG|TRF|#2|?|?|CBF,CBF,Serial absent and exact fallback attributes are incomplete.,Keep separate unless an authoritative exact identifier is found.
LOW_IDENTITY_CONFIDENCE,CBF!267:CBF,ASSET|GI 150KV TANGERANG|TRF|#3|?|?|CBF,CBF,Serial absent and exact fallback attributes are incomplete.,Keep separate unless an authoritative exact identifier is found.
LOW_IDENTITY_CONFIDENCE,CBF!268:CBF,ASSET|GI 150KV TANGERANG|TRF|#4|?|?|CBF,CBF,Serial absent and exact fallback attributes are incomplete.,Keep separate unless an authoritative exact identifier is found.
LOW_IDENTITY_CONFIDENCE,CBF!269:CBF,ASSET|GI 150KV TANGERANG|TRF|#5|?|?|CBF,CBF,Serial absent and exact fallback attributes are incomplete.,Keep separate unless an authoritative exact identifier is found.
LOW_IDENTITY_CONFIDENCE,CBF!270:CBF,ASSET|GI 150KV TANGERANG|PHT 150KV CENGKARENG|#1|?|?|CBF,CBF,Serial absent and exact fallback attributes are incomplete.,Keep separate unless an authoritative exact identifier is found.
LOW_IDENTITY_CONFIDENCE,CBF!271:CBF,ASSET|GI 150KV TANGERANG|PHT 150KV CENGKARENG|#2|?|?|CBF,CBF,Serial absent and exact fallback attributes are incomplete.,Keep separate unless an authoritative exact identifier is found.
LOW_IDENTITY_CONFIDENCE,CBF!272:CBF,ASSET|GI 150KV TANGERANG|PHT 150KV JATAKE|#1|?|?|CBF,CBF,Serial absent and exact fallback attributes are incomplete.,Keep separate unless an authoritative exact identifier is found.
LOW_IDENTITY_CONFIDENCE,CBF!273:CBF,ASSET|GI 150KV TANGERANG|PHT 150KV JATAKE|#2|?|?|CBF,CBF,Serial absent and exact fallback attributes are incomplete.,Keep separate unless an authoritative exact identifier is found.
LOW_IDENTITY_CONFIDENCE,CBF!274:CBF,ASSET|GI 150KV TANGERANG BARU|TRF|#1|?|?|CBF,CBF,Serial absent and exact fallback attributes are incomplete.,Keep separate unless an authoritative exact identifier is found.
LOW_IDENTITY_CONFIDENCE,CBF!275:CBF,ASSET|GI 150KV TANGERANG BARU|TRF|#2|?|?|CBF,CBF,Serial absent and exact fallback attributes are incomplete.,Keep separate unless an authoritative exact identifier is found.
LOW_IDENTITY_CONFIDENCE,CBF!276:CBF,ASSET|GI 150KV TANGERANG BARU|TRF|#3|?|?|CBF,CBF,Serial absent and exact fallback attributes are incomplete.,Keep separate unless an authoritative exact identifier is found.
LOW_IDENTITY_CONFIDENCE,CBF!277:CBF,ASSET|GI 150KV TANGERANG BARU|TRF|#4|?|?|CBF,CBF,Serial absent and exact fallback attributes are incomplete.,Keep separate unless an authoritative exact identifier is found.
LOW_IDENTITY_CONFIDENCE,CBF!278:CBF,ASSET|GI 150KV TANGERANG BARU|PHT 150KV CENGKARENG BARU|#1|?|?|CBF,CBF,Serial absent and exact fallback attributes are incomplete.,Keep separate unless an authoritative exact identifier is found.
LOW_IDENTITY_CONFIDENCE,CBF!279:CBF,ASSET|GI 150KV TANGERANG BARU|PHT 150KV CENGKARENG BARU|#2|?|?|CBF,CBF,Serial absent and exact fallback attributes are incomplete.,Keep separate unless an authoritative exact identifier is found.
LOW_IDENTITY_CONFIDENCE,CBF!280:CBF,ASSET|GI 150KV TANGERANG BARU|PHT 150KV LONTAR|#1|?|?|CBF,CBF,Serial absent and exact fallback attributes are incomplete.,Keep separate unless an authoritative exact identifier is found.
LOW_IDENTITY_CONFIDENCE,CBF!281:CBF,ASSET|GI 150KV TANGERANG BARU|PHT 150KV LONTAR|#2|?|?|CBF,CBF,Serial absent and exact fallback attributes are incomplete.,Keep separate unless an authoritative exact identifier is found.
LOW_IDENTITY_CONFIDENCE,CBF!282:CBF,ASSET|GI 150KV TELUK NAGA|TRF|#1|?|?|CBF,CBF,Serial absent and exact fallback attributes are incomplete.,Keep separate unless an authoritative exact identifier is found.
LOW_IDENTITY_CONFIDENCE,CBF!283:CBF,ASSET|GI 150KV TELUK NAGA|TRF|#2|?|?|CBF,CBF,Serial absent and exact fallback attributes are incomplete.,Keep separate unless an authoritative exact identifier is found.
LOW_IDENTITY_CONFIDENCE,CBF!284:CBF,ASSET|GI 150KV TELUK NAGA|TRF|#3|?|?|CBF,CBF,Serial absent and exact fallback attributes are incomplete.,Keep separate unless an authoritative exact identifier is found.
LOW_IDENTITY_CONFIDENCE,CBF!285:CBF,ASSET|GI 150KV TELUK NAGA|TRF|#4|?|?|CBF,CBF,Serial absent and exact fallback attributes are incomplete.,Keep separate unless an authoritative exact identifier is found.
LOW_IDENTITY_CONFIDENCE,CBF!286:CBF,ASSET|GI 150KV TELUK NAGA|PHT 150KV LONTAR|#1|?|?|CBF,CBF,Serial absent and exact fallback attributes are incomplete.,Keep separate unless an authoritative exact identifier is found.
LOW_IDENTITY_CONFIDENCE,CBF!287:CBF,ASSET|GI 150KV TELUK NAGA|PHT 150KV LONTAR|#2|?|?|CBF,CBF,Serial absent and exact fallback attributes are incomplete.,Keep separate unless an authoritative exact identifier is found.
LOW_IDENTITY_CONFIDENCE,CBF!288:CBF,ASSET|GI 150KV TELUK NAGA|PHT 150KV SEPATAN|#1|?|?|CBF,CBF,Serial absent and exact fallback attributes are incomplete.,Keep separate unless an authoritative exact identifier is found.
LOW_IDENTITY_CONFIDENCE,CBF!289:CBF,ASSET|GI 150KV TELUK NAGA|PHT 150KV SEPATAN|#2|?|?|CBF,CBF,Serial absent and exact fallback attributes are incomplete.,Keep separate unless an authoritative exact identifier is found.
LOW_IDENTITY_CONFIDENCE,CBF!28:CBF,ASSET|GISTET 500KV DURIKOSAMBI|IBT|#1|?|?|CBF,CBF,Serial absent and exact fallback attributes are incomplete.,Keep separate unless an authoritative exact identifier is found.
LOW_IDENTITY_CONFIDENCE,CBF!290:CBF,ASSET|GI 150KV TIGARAKSA|TRF|#1|?|?|CBF,CBF,Serial absent and exact fallback attributes are incomplete.,Keep separate unless an authoritative exact identifier is found.
LOW_IDENTITY_CONFIDENCE,CBF!291:CBF,ASSET|GI 150KV TIGARAKSA|TRF|#2|?|?|CBF,CBF,Serial absent and exact fallback attributes are incomplete.,Keep separate unless an authoritative exact identifier is found.
LOW_IDENTITY_CONFIDENCE,CBF!292:CBF,ASSET|GI 150KV TIGARAKSA|TRF|#3|?|?|CBF,CBF,Serial absent and exact fallback attributes are incomplete.,Keep separate unless an authoritative exact identifier is found.
LOW_IDENTITY_CONFIDENCE,CBF!293:CBF,ASSET|GI 150KV TIGARAKSA|TRF|#4|?|?|CBF,CBF,Serial absent and exact fallback attributes are incomplete.,Keep separate unless an authoritative exact identifier is found.
LOW_IDENTITY_CONFIDENCE,CBF!294:CBF,ASSET|GI 150KV TIGARAKSA|PHT 150KV CITRA HABITAT|#1|?|?|CBF,CBF,Serial absent and exact fallback attributes are incomplete.,Keep separate unless an authoritative exact identifier is found.
LOW_IDENTITY_CONFIDENCE,CBF!295:CBF,ASSET|GI 150KV TIGARAKSA|PHT 150KV CITRA HABITAT|#2|?|?|CBF,CBF,Serial absent and exact fallback attributes are incomplete.,Keep separate unless an authoritative exact identifier is found.
LOW_IDENTITY_CONFIDENCE,CBF!296:CBF,ASSET|GIS 150KV ALAM SUTERA|TRF|#1|?|?|CBF,CBF,Serial absent and exact fallback attributes are incomplete.,Keep separate unless an authoritative exact identifier is found.
LOW_IDENTITY_CONFIDENCE,CBF!297:CBF,ASSET|GIS 150KV ALAM SUTERA|TRF|#2|?|?|CBF,CBF,Serial absent and exact fallback attributes are incomplete.,Keep separate unless an authoritative exact identifier is found.
LOW_IDENTITY_CONFIDENCE,CBF!298:CBF,ASSET|GIS 150KV ALAM SUTERA|TRF|#3|?|?|CBF,CBF,Serial absent and exact fallback attributes are incomplete.,Keep separate unless an authoritative exact identifier is found.
LOW_IDENTITY_CONFIDENCE,CBF!299:CBF,ASSET|GIS 150KV ALAM SUTERA|PHT 150KV CILEDUG|#1|?|?|CBF,CBF,Serial absent and exact fallback attributes are incomplete.,Keep separate unless an authoritative exact identifier is found.
LOW_IDENTITY_CONFIDENCE,CBF!29:CBF,ASSET|GISTET 500KV DURIKOSAMBI|IBT|#2|?|?|CBF,CBF,Serial absent and exact fallback attributes are incomplete.,Keep separate unless an authoritative exact identifier is found.
LOW_IDENTITY_CONFIDENCE,CBF!300:CBF,ASSET|GIS 150KV ALAM SUTERA|PHT 150KV CILEDUG|#2|?|?|CBF,CBF,Serial absent and exact fallback attributes are incomplete.,Keep separate unless an authoritative exact identifier is found.
LOW_IDENTITY_CONFIDENCE,CBF!301:CBF,ASSET|GIS 150KV ALAM SUTERA|PHT 150KV SUMMARECON GADING SERPONG|#1|?|?|CBF,CBF,Serial absent and exact fallback attributes are incomplete.,Keep separate unless an authoritative exact identifier is found.
LOW_IDENTITY_CONFIDENCE,CBF!302:CBF,ASSET|GIS 150KV ALAM SUTERA|PHT 150KV SUMMARECON GADING SERPONG|#2|?|?|CBF,CBF,Serial absent and exact fallback attributes are incomplete.,Keep separate unless an authoritative exact identifier is found.
LOW_IDENTITY_CONFIDENCE,CBF!303:CBF,ASSET|GIS 150KV DAAN MOGOT|TRF|#1|?|?|CBF,CBF,Serial absent and exact fallback attributes are incomplete.,Keep separate unless an authoritative exact identifier is found.
LOW_IDENTITY_CONFIDENCE,CBF!304:CBF,ASSET|GIS 150KV DAAN MOGOT|TRF|#2|?|?|CBF,CBF,Serial absent and exact fallback attributes are incomplete.,Keep separate unless an authoritative exact identifier is found.
LOW_IDENTITY_CONFIDENCE,CBF!305:CBF,ASSET|GIS 150KV DAAN MOGOT|TRF|#3|?|?|CBF,CBF,Serial absent and exact fallback attributes are incomplete.,Keep separate unless an authoritative exact identifier is found.
LOW_IDENTITY_CONFIDENCE,CBF!306:CBF,ASSET|GIS 150KV DAAN MOGOT|PHT 150KV DURIKOSAMBI|#1|?|?|CBF,CBF,Serial absent and exact fallback attributes are incomplete.,Keep separate unless an authoritative exact identifier is found.
LOW_IDENTITY_CONFIDENCE,CBF!307:CBF,ASSET|GIS 150KV DAAN MOGOT|PHT 150KV DURIKOSAMBI|#2|?|?|CBF,CBF,Serial absent and exact fallback attributes are incomplete.,Keep separate unless an authoritative exact identifier is found.
LOW_IDENTITY_CONFIDENCE,CBF!308:CBF,ASSET|GIS 150KV DAAN MOGOT|PHT 150KV PANTAI INDAH KAPUK|#1|?|?|CBF,CBF,Serial absent and exact fallback attributes are incomplete.,Keep separate unless an authoritative exact identifier is found.
LOW_IDENTITY_CONFIDENCE,CBF!309:CBF,ASSET|GIS 150KV DAAN MOGOT|PHT 150KV PANTAI INDAH KAPUK|#2|?|?|CBF,CBF,Serial absent and exact fallback attributes are incomplete.,Keep separate unless an authoritative exact identifier is found.
LOW_IDENTITY_CONFIDENCE,CBF!30:CBF,ASSET|GISTET 500KV DURIKOSAMBI|PHT 500KV GANDUL|#1|?|?|CBF,CBF,Serial absent and exact fallback attributes are incomplete.,Keep separate unless an authoritative exact identifier is found.
LOW_IDENTITY_CONFIDENCE,CBF!310:CBF,ASSET|GIS 150KV GROGOL|TRF|#1|?|?|CBF,CBF,Serial absent and exact fallback attributes are incomplete.,Keep separate unless an authoritative exact identifier is found.
LOW_IDENTITY_CONFIDENCE,CBF!311:CBF,ASSET|GIS 150KV GROGOL|TRF|#2|?|?|CBF,CBF,Serial absent and exact fallback attributes are incomplete.,Keep separate unless an authoritative exact identifier is found.
LOW_IDENTITY_CONFIDENCE,CBF!312:CBF,ASSET|GIS 150KV GROGOL|TRF|#3|?|?|CBF,CBF,Serial absent and exact fallback attributes are incomplete.,Keep separate unless an authoritative exact identifier is found.
LOW_IDENTITY_CONFIDENCE,CBF!316:CBF,ASSET|GIS 150KV GROGOL BARU|TRF|#1|?|?|CBF,CBF,Serial absent and exact fallback attributes are incomplete.,Keep separate unless an authoritative exact identifier is found.
LOW_IDENTITY_CONFIDENCE,CBF!317:CBF,ASSET|GIS 150KV GROGOL BARU|TRF|#2|?|?|CBF,CBF,Serial absent and exact fallback attributes are incomplete.,Keep separate unless an authoritative exact identifier is found.
LOW_IDENTITY_CONFIDENCE,CBF!31:CBF,ASSET|GISTET 500KV DURIKOSAMBI|PHT 500KV KEMBANGAN|#2|?|?|CBF,CBF,Serial absent and exact fallback attributes are incomplete.,Keep separate unless an authoritative exact identifier is found.
LOW_IDENTITY_CONFIDENCE,CBF!320:CBF,ASSET|GIS 150KV GROGOL BARU|PHT 150KV GROGOL|#1|?|?|CBF,CBF,Serial absent and exact fallback attributes are incomplete.,Keep separate unless an authoritative exact identifier is found.
LOW_IDENTITY_CONFIDENCE,CBF!321:CBF,ASSET|GIS 150KV GROGOL BARU|PHT 150KV GROGOL|#2|?|?|CBF,CBF,Serial absent and exact fallback attributes are incomplete.,Keep separate unless an authoritative exact identifier is found.
LOW_IDENTITY_CONFIDENCE,CBF!322:CBF,ASSET|GIS 150KV KEBON JERUK|TRF|#1|?|?|CBF,CBF,Serial absent and exact fallback attributes are incomplete.,Keep separate unless an authoritative exact identifier is found.
LOW_IDENTITY_CONFIDENCE,CBF!326:CBF,ASSET|GIS 150KV KEBON JERUK|PHT 150KV DURIKOSAMBI|#2|?|?|CBF,CBF,Serial absent and exact fallback attributes are incomplete.,Keep separate unless an authoritative exact identifier is found.
LOW_IDENTITY_CONFIDENCE,CBF!32:CBF,ASSET|GISTET 500KV DURIKOSAMBI|IBT (FUTURE)|#3|?|?|CBF,CBF,Serial absent and exact fallback attributes are incomplete.,Keep separate unless an authoritative exact identifier is found.
LOW_IDENTITY_CONFIDENCE,CBF!330:CBF,ASSET|GIS 150KV KEMBANGAN|TRF|#1|?|?|CBF,CBF,Serial absent and exact fallback attributes are incomplete.,Keep separate unless an authoritative exact identifier is found.
LOW_IDENTITY_CONFIDENCE,CBF!331:CBF,ASSET|GIS 150KV KEMBANGAN|TRF|#2|?|?|CBF,CBF,Serial absent and exact fallback attributes are incomplete.,Keep separate unless an authoritative exact identifier is found.
LOW_IDENTITY_CONFIDENCE,CBF!332:CBF,ASSET|GIS 150KV KEMBANGAN|TRF|#3|?|?|CBF,CBF,Serial absent and exact fallback attributes are incomplete.,Keep separate unless an authoritative exact identifier is found.
LOW_IDENTITY_CONFIDENCE,CBF!333:CBF,ASSET|GIS 150KV KEMBANGAN|PHT 150KV CILEDUG|#1|?|?|CBF,CBF,Serial absent and exact fallback attributes are incomplete.,Keep separate unless an authoritative exact identifier is found.
LOW_IDENTITY_CONFIDENCE,CBF!334:CBF,ASSET|GIS 150KV KEMBANGAN|PHT 150KV CILEDUG|#2|?|?|CBF,CBF,Serial absent and exact fallback attributes are incomplete.,Keep separate unless an authoritative exact identifier is found.
LOW_IDENTITY_CONFIDENCE,CBF!335:CBF,ASSET|GIS 150KV KEMBANGAN|PHT 150KV DURIKOSAMBI|#1|?|?|CBF,CBF,Serial absent and exact fallback attributes are incomplete.,Keep separate unless an authoritative exact identifier is found.
LOW_IDENTITY_CONFIDENCE,CBF!336:CBF,ASSET|GIS 150KV KEMBANGAN|PHT 150KV DURIKOSAMBI|#2|?|?|CBF,CBF,Serial absent and exact fallback attributes are incomplete.,Keep separate unless an authoritative exact identifier is found.
LOW_IDENTITY_CONFIDENCE,CBF!337:CBF,ASSET|GIS 150KV KEMBANGAN|PHT 150KV NEW SENAYAN|#1|?|?|CBF,CBF,Serial absent and exact fallback attributes are incomplete.,Keep separate unless an authoritative exact identifier is found.
LOW_IDENTITY_CONFIDENCE,CBF!338:CBF,ASSET|GIS 150KV KEMBANGAN|PHT 150KV NEW SENAYAN|#2|?|?|CBF,CBF,Serial absent and exact fallback attributes are incomplete.,Keep separate unless an authoritative exact identifier is found.
LOW_IDENTITY_CONFIDENCE,CBF!339:CBF,ASSET|GIS 150KV KEMBANGAN|PHT 150KV PETUKANGAN|#1|?|?|CBF,CBF,Serial absent and exact fallback attributes are incomplete.,Keep separate unless an authoritative exact identifier is found.
LOW_IDENTITY_CONFIDENCE,CBF!33:CBF,ASSET|GISTET 500KV DURIKOSAMBI|IBT (FUTURE)|#4|?|?|CBF,CBF,Serial absent and exact fallback attributes are incomplete.,Keep separate unless an authoritative exact identifier is found.
LOW_IDENTITY_CONFIDENCE,CBF!340:CBF,ASSET|GIS 150KV KEMBANGAN|PHT 150KV PETUKANGAN|#2|?|?|CBF,CBF,Serial absent and exact fallback attributes are incomplete.,Keep separate unless an authoritative exact identifier is found.
LOW_IDENTITY_CONFIDENCE,CBF!34:CBF,ASSET|GISTET 500KV DURIKOSAMBI|PHT 500KV MUARAKARANG (FUTURE)|#1|?|?|CBF,CBF,Serial absent and exact fallback attributes are incomplete.,Keep separate unless an authoritative exact identifier is found.
LOW_IDENTITY_CONFIDENCE,CBF!35:CBF,ASSET|GISTET 500KV DURIKOSAMBI|PHT 500KV MUARAKARANG (FUTURE)|#2|?|?|CBF,CBF,Serial absent and exact fallback attributes are incomplete.,Keep separate unless an authoritative exact identifier is found.
LOW_IDENTITY_CONFIDENCE,CBF!364:CBF,ASSET|GIS 150KV NEW SENAYAN|TRF|#1|?|?|CBF,CBF,Serial absent and exact fallback attributes are incomplete.,Keep separate unless an authoritative exact identifier is found.
LOW_IDENTITY_CONFIDENCE,CBF!366:CBF,ASSET|GIS 150KV NEW SENAYAN|TRF|#3|?|?|CBF,CBF,Serial absent and exact fallback attributes are incomplete.,Keep separate unless an authoritative exact identifier is found.
LOW_IDENTITY_CONFIDENCE,CBF!367:CBF,ASSET|GIS 150KV NEW SENAYAN|PHT 150KV KEMBANGAN|#1|?|?|CBF,CBF,Serial absent and exact fallback attributes are incomplete.,Keep separate unless an authoritative exact identifier is found.
LOW_IDENTITY_CONFIDENCE,CBF!368:CBF,ASSET|GIS 150KV NEW SENAYAN|PHT 150KV KEMBANGAN|#2|?|?|CBF,CBF,Serial absent and exact fallback attributes are incomplete.,Keep separate unless an authoritative exact identifier is found.
LOW_IDENTITY_CONFIDENCE,CBF!369:CBF,ASSET|GIS 150KV NEW SENAYAN|PHT 150KV SENAYAN|#1|?|?|CBF,CBF,Serial absent and exact fallback attributes are incomplete.,Keep separate unless an authoritative exact identifier is found.
LOW_IDENTITY_CONFIDENCE,CBF!36:CBF,ASSET|GISTET 500KV DURIKOSAMBI|?|?|?|?|CBF,CBF,Serial absent and exact fallback attributes are incomplete.,Keep separate unless an authoritative exact identifier is found.
LOW_IDENTITY_CONFIDENCE,CBF!370:CBF,ASSET|GIS 150KV NEW SENAYAN|PHT 150KV SENAYAN|#2|?|?|CBF,CBF,Serial absent and exact fallback attributes are incomplete.,Keep separate unless an authoritative exact identifier is found.
LOW_IDENTITY_CONFIDENCE,CBF!372:CBF,ASSET|GIS 150KV PANTAI INDAH KAPUK|TRF|#3|?|?|CBF,CBF,Serial absent and exact fallback attributes are incomplete.,Keep separate unless an authoritative exact identifier is found.
LOW_IDENTITY_CONFIDENCE,CBF!373:CBF,ASSET|GIS 150KV PANTAI INDAH KAPUK|PHT 150KV DAAN MOGOT|#1|?|?|CBF,CBF,Serial absent and exact fallback attributes are incomplete.,Keep separate unless an authoritative exact identifier is found.
LOW_IDENTITY_CONFIDENCE,CBF!374:CBF,ASSET|GIS 150KV PANTAI INDAH KAPUK|PHT 150KV DAAN MOGOT|#2|?|?|CBF,CBF,Serial absent and exact fallback attributes are incomplete.,Keep separate unless an authoritative exact identifier is found.
LOW_IDENTITY_CONFIDENCE,CBF!375:CBF,ASSET|GIS 150KV PANTAI INDAH KAPUK|PHT 150KV MUARAKARANG BARU|#1|?|?|CBF,CBF,Serial absent and exact fallback attributes are incomplete.,Keep separate unless an authoritative exact identifier is found.
LOW_IDENTITY_CONFIDENCE,CBF!376:CBF,ASSET|GIS 150KV PANTAI INDAH KAPUK|PHT 150KV MUARAKARANG BARU|#2|?|?|CBF,CBF,Serial absent and exact fallback attributes are incomplete.,Keep separate unless an authoritative exact identifier is found.
LOW_IDENTITY_CONFIDENCE,CBF!37:CBF,ASSET|GISTET 500KV DURIKOSAMBI|?|?|?|?|CBF,CBF,Serial absent and exact fallback attributes are incomplete.,Keep separate unless an authoritative exact identifier is found.
LOW_IDENTITY_CONFIDENCE,CBF!384:CBF,ASSET|GIS 150KV SUMMARECON GADING SERPONG|TRF|#1|?|?|CBF,CBF,Serial absent and exact fallback attributes are incomplete.,Keep separate unless an authoritative exact identifier is found.
LOW_IDENTITY_CONFIDENCE,CBF!385:CBF,ASSET|GIS 150KV SUMMARECON GADING SERPONG|TRF|#2|?|?|CBF,CBF,Serial absent and exact fallback attributes are incomplete.,Keep separate unless an authoritative exact identifier is found.
LOW_IDENTITY_CONFIDENCE,CBF!386:CBF,ASSET|GIS 150KV SUMMARECON GADING SERPONG|PHT 150KV ALAM SUTERA|#1|?|?|CBF,CBF,Serial absent and exact fallback attributes are incomplete.,Keep separate unless an authoritative exact identifier is found.
LOW_IDENTITY_CONFIDENCE,CBF!387:CBF,ASSET|GIS 150KV SUMMARECON GADING SERPONG|PHT 150KV ALAM SUTERA|#2|?|?|CBF,CBF,Serial absent and exact fallback attributes are incomplete.,Keep separate unless an authoritative exact identifier is found.
LOW_IDENTITY_CONFIDENCE,CBF!388:CBF,ASSET|GIS 150KV SUMMARECON GADING SERPONG|PHT 150KV CURUG|#1|?|?|CBF,CBF,Serial absent and exact fallback attributes are incomplete.,Keep separate unless an authoritative exact identifier is found.
LOW_IDENTITY_CONFIDENCE,CBF!389:CBF,ASSET|GIS 150KV SUMMARECON GADING SERPONG|PHT 150KV CURUG|#2|?|?|CBF,CBF,Serial absent and exact fallback attributes are incomplete.,Keep separate unless an authoritative exact identifier is found.
LOW_IDENTITY_CONFIDENCE,CBF!38:CBF,ASSET|GISTET 500KV DURIKOSAMBI|?|?|?|?|CBF,CBF,Serial absent and exact fallback attributes are incomplete.,Keep separate unless an authoritative exact identifier is found.
LOW_IDENTITY_CONFIDENCE,CBF!39:CBF,ASSET|GISTET 500KV DURIKOSAMBI|?|?|?|?|CBF,CBF,Serial absent and exact fallback attributes are incomplete.,Keep separate unless an authoritative exact identifier is found.
LOW_IDENTITY_CONFIDENCE,CBF!401:CBF,ASSET|GIS 150KV TOMANG|KOPEL BUS|?|SCHNEIDER|MICOM P841|CBF,CBF,Serial absent and exact fallback attributes are incomplete.,Keep separate unless an authoritative exact identifier is found.
LOW_IDENTITY_CONFIDENCE,CBF!47:CBF,ASSET|GISTET 500KV KEMBANGAN|PHT 500KV DURIKOSAMBI|#1|?|?|CBF,CBF,Serial absent and exact fallback attributes are incomplete.,Keep separate unless an authoritative exact identifier is found.
LOW_IDENTITY_CONFIDENCE,CBF!48:CBF,ASSET|GISTET 500KV KEMBANGAN|PHT 500KV DURIKOSAMBI|#2|?|?|CBF,CBF,Serial absent and exact fallback attributes are incomplete.,Keep separate unless an authoritative exact identifier is found.
LOW_IDENTITY_CONFIDENCE,CBF!49:CBF,ASSET|GISTET 500KV KEMBANGAN|PHT 500KV GANDUL|#1|?|?|CBF,CBF,Serial absent and exact fallback attributes are incomplete.,Keep separate unless an authoritative exact identifier is found.
LOW_IDENTITY_CONFIDENCE,CBF!50:CBF,ASSET|GISTET 500KV KEMBANGAN|PHT 500KV GANDUL|#2|?|?|CBF,CBF,Serial absent and exact fallback attributes are incomplete.,Keep separate unless an authoritative exact identifier is found.
LOW_IDENTITY_CONFIDENCE,CBF!51:CBF,ASSET|GISTET 500KV KEMBANGAN|PHT 500KV BALARAJA (FUTURE)|#1|?|?|CBF,CBF,Serial absent and exact fallback attributes are incomplete.,Keep separate unless an authoritative exact identifier is found.
LOW_IDENTITY_CONFIDENCE,CBF!52:CBF,ASSET|GISTET 500KV KEMBANGAN|PHT 500KV BALARAJA (FUTURE)|#2|?|?|CBF,CBF,Serial absent and exact fallback attributes are incomplete.,Keep separate unless an authoritative exact identifier is found.
LOW_IDENTITY_CONFIDENCE,CBF!53:CBF,ASSET|GISTET 500KV KEMBANGAN|?|?|?|?|CBF,CBF,Serial absent and exact fallback attributes are incomplete.,Keep separate unless an authoritative exact identifier is found.
LOW_IDENTITY_CONFIDENCE,CBF!54:CBF,ASSET|GISTET 500KV KEMBANGAN|?|?|?|?|CBF,CBF,Serial absent and exact fallback attributes are incomplete.,Keep separate unless an authoritative exact identifier is found.
LOW_IDENTITY_CONFIDENCE,CBF!55:CBF,ASSET|GISTET 500KV KEMBANGAN|?|?|?|?|CBF,CBF,Serial absent and exact fallback attributes are incomplete.,Keep separate unless an authoritative exact identifier is found.
LOW_IDENTITY_CONFIDENCE,CBF!56:CBF,ASSET|GISTET 500KV KEMBANGAN|?|?|?|?|CBF,CBF,Serial absent and exact fallback attributes are incomplete.,Keep separate unless an authoritative exact identifier is found.
LOW_IDENTITY_CONFIDENCE,CBF!57:CBF,ASSET|GI 150KV ANGKE|TRF|#1|?|?|CBF,CBF,Serial absent and exact fallback attributes are incomplete.,Keep separate unless an authoritative exact identifier is found.
LOW_IDENTITY_CONFIDENCE,CBF!58:CBF,ASSET|GI 150KV ANGKE|TRF|#2|?|?|CBF,CBF,Serial absent and exact fallback attributes are incomplete.,Keep separate unless an authoritative exact identifier is found.
LOW_IDENTITY_CONFIDENCE,CBF!59:CBF,ASSET|GI 150KV ANGKE|TRF|#3|?|?|CBF,CBF,Serial absent and exact fallback attributes are incomplete.,Keep separate unless an authoritative exact identifier is found.
LOW_IDENTITY_CONFIDENCE,CBF!60:CBF,ASSET|GI 150KV ANGKE|TRF|#4|?|?|CBF,CBF,Serial absent and exact fallback attributes are incomplete.,Keep separate unless an authoritative exact identifier is found.
LOW_IDENTITY_CONFIDENCE,CBF!61:CBF,ASSET|GI 150KV ANGKE|PHT 150KV ANCOL|#1|?|?|CBF,CBF,Serial absent and exact fallback attributes are incomplete.,Keep separate unless an authoritative exact identifier is found.
LOW_IDENTITY_CONFIDENCE,CBF!62:CBF,ASSET|GI 150KV ANGKE|PHT 150KV ANCOL|#2|?|?|CBF,CBF,Serial absent and exact fallback attributes are incomplete.,Keep separate unless an authoritative exact identifier is found.
LOW_IDENTITY_CONFIDENCE,CBF!63:CBF,ASSET|GI 150KV ANGKE|PHT 150KV KARET LAMA|#1|?|?|CBF,CBF,Serial absent and exact fallback attributes are incomplete.,Keep separate unless an authoritative exact identifier is found.
LOW_IDENTITY_CONFIDENCE,CBF!64:CBF,ASSET|GI 150KV ANGKE|PHT 150KV KARET LAMA|#2|?|?|CBF,CBF,Serial absent and exact fallback attributes are incomplete.,Keep separate unless an authoritative exact identifier is found.
LOW_IDENTITY_CONFIDENCE,CBF!65:CBF,ASSET|GI 150KV ANGKE|PHT 150KV KETAPANG|#1|?|?|CBF,CBF,Serial absent and exact fallback attributes are incomplete.,Keep separate unless an authoritative exact identifier is found.
LOW_IDENTITY_CONFIDENCE,CBF!66:CBF,ASSET|GI 150KV ANGKE|PHT 150KV KETAPANG|#2|?|?|CBF,CBF,Serial absent and exact fallback attributes are incomplete.,Keep separate unless an authoritative exact identifier is found.
LOW_IDENTITY_CONFIDENCE,CBF!67:CBF,ASSET|GI 150KV ANGKE|PHT 150KV MUARAKARANG LAMA|#1|?|?|CBF,CBF,Serial absent and exact fallback attributes are incomplete.,Keep separate unless an authoritative exact identifier is found.
LOW_IDENTITY_CONFIDENCE,CBF!68:CBF,ASSET|GI 150KV ANGKE|PHT 150KV MUARAKARANG LAMA|#2|?|?|CBF,CBF,Serial absent and exact fallback attributes are incomplete.,Keep separate unless an authoritative exact identifier is found.
LOW_IDENTITY_CONFIDENCE,CBF!69:CBF,ASSET|GI 150KV ANGKE|PHT 150KV UGC MUARAKARANG LAMA|#1|?|?|CBF,CBF,Serial absent and exact fallback attributes are incomplete.,Keep separate unless an authoritative exact identifier is found.
LOW_IDENTITY_CONFIDENCE,CBF!70:CBF,ASSET|GI 150KV ANGKE|PHT 150KV UGC MUARAKARANG LAMA|#2|?|?|CBF,CBF,Serial absent and exact fallback attributes are incomplete.,Keep separate unless an authoritative exact identifier is found.
LOW_IDENTITY_CONFIDENCE,CBF!71:CBF,ASSET|GI 150KV BALARAJA|TRF|#1|?|?|CBF,CBF,Serial absent and exact fallback attributes are incomplete.,Keep separate unless an authoritative exact identifier is found.
LOW_IDENTITY_CONFIDENCE,CBF!72:CBF,ASSET|GI 150KV BALARAJA|TRF|#2|?|?|CBF,CBF,Serial absent and exact fallback attributes are incomplete.,Keep separate unless an authoritative exact identifier is found.
LOW_IDENTITY_CONFIDENCE,CBF!73:CBF,ASSET|GI 150KV BALARAJA|TRF|#3|?|?|CBF,CBF,Serial absent and exact fallback attributes are incomplete.,Keep separate unless an authoritative exact identifier is found.
LOW_IDENTITY_CONFIDENCE,CBF!74:CBF,ASSET|GI 150KV BALARAJA|TRF|#4|?|?|CBF,CBF,Serial absent and exact fallback attributes are incomplete.,Keep separate unless an authoritative exact identifier is found.
LOW_IDENTITY_CONFIDENCE,CBF!75:CBF,ASSET|GI 150KV BALARAJA|PHT 150KV CIKANDE|#1|?|?|CBF,CBF,Serial absent and exact fallback attributes are incomplete.,Keep separate unless an authoritative exact identifier is found.
LOW_IDENTITY_CONFIDENCE,CBF!76:CBF,ASSET|GI 150KV BALARAJA|PHT 150KV CIKANDE|#2|?|?|CBF,CBF,Serial absent and exact fallback attributes are incomplete.,Keep separate unless an authoritative exact identifier is found.
LOW_IDENTITY_CONFIDENCE,CBF!77:CBF,ASSET|GI 150KV BALARAJA|PHT 150KV SUVARNA SUTERA|#1|?|?|CBF,CBF,Serial absent and exact fallback attributes are incomplete.,Keep separate unless an authoritative exact identifier is found.
LOW_IDENTITY_CONFIDENCE,CBF!78:CBF,ASSET|GI 150KV BALARAJA|PHT 150KV SUVARNA SUTERA|#2|?|?|CBF,CBF,Serial absent and exact fallback attributes are incomplete.,Keep separate unless an authoritative exact identifier is found.
LOW_IDENTITY_CONFIDENCE,CBF!79:CBF,ASSET|GI 150KV BALARAJA|PHT 150KV NEW BALARAJA|#1|?|?|CBF,CBF,Serial absent and exact fallback attributes are incomplete.,Keep separate unless an authoritative exact identifier is found.
LOW_IDENTITY_CONFIDENCE,CBF!80:CBF,ASSET|GI 150KV BALARAJA|PHT 150KV NEW BALARAJA|#2|?|?|CBF,CBF,Serial absent and exact fallback attributes are incomplete.,Keep separate unless an authoritative exact identifier is found.
LOW_IDENTITY_CONFIDENCE,CBF!81:CBF,ASSET|GI 150KV CENGKARENG|TRF|#1|?|?|CBF,CBF,Serial absent and exact fallback attributes are incomplete.,Keep separate unless an authoritative exact identifier is found.
LOW_IDENTITY_CONFIDENCE,CBF!82:CBF,ASSET|GI 150KV CENGKARENG|TRF|#2|?|?|CBF,CBF,Serial absent and exact fallback attributes are incomplete.,Keep separate unless an authoritative exact identifier is found.
LOW_IDENTITY_CONFIDENCE,CBF!83:CBF,ASSET|GI 150KV CENGKARENG|TRF|#3|?|?|CBF,CBF,Serial absent and exact fallback attributes are incomplete.,Keep separate unless an authoritative exact identifier is found.
LOW_IDENTITY_CONFIDENCE,CBF!84:CBF,ASSET|GI 150KV CENGKARENG|TRF|#4|?|?|CBF,CBF,Serial absent and exact fallback attributes are incomplete.,Keep separate unless an authoritative exact identifier is found.
LOW_IDENTITY_CONFIDENCE,CBF!85:CBF,ASSET|GI 150KV CENGKARENG|TRF|#5|?|?|CBF,CBF,Serial absent and exact fallback attributes are incomplete.,Keep separate unless an authoritative exact identifier is found.
LOW_IDENTITY_CONFIDENCE,CBF!86:CBF,ASSET|GI 150KV CENGKARENG|PHT 150KV DURIKOSAMBI|#1|?|?|CBF,CBF,Serial absent and exact fallback attributes are incomplete.,Keep separate unless an authoritative exact identifier is found.
LOW_IDENTITY_CONFIDENCE,CBF!87:CBF,ASSET|GI 150KV CENGKARENG|PHT 150KV DURIKOSAMBI|#2|?|?|CBF,CBF,Serial absent and exact fallback attributes are incomplete.,Keep separate unless an authoritative exact identifier is found.
LOW_IDENTITY_CONFIDENCE,CBF!88:CBF,ASSET|GI 150KV CENGKARENG|PHT 150KV TANGERANG|#1|?|?|CBF,CBF,Serial absent and exact fallback attributes are incomplete.,Keep separate unless an authoritative exact identifier is found.
LOW_IDENTITY_CONFIDENCE,CBF!89:CBF,ASSET|GI 150KV CENGKARENG|PHT 150KV TANGERANG|#2|?|?|CBF,CBF,Serial absent and exact fallback attributes are incomplete.,Keep separate unless an authoritative exact identifier is found.
LOW_IDENTITY_CONFIDENCE,CBF!90:CBF,ASSET|GI 150KV CENGKARENG|PHT 150KV CENGKARENG BARU|#1|?|?|CBF,CBF,Serial absent and exact fallback attributes are incomplete.,Keep separate unless an authoritative exact identifier is found.
LOW_IDENTITY_CONFIDENCE,CBF!91:CBF,ASSET|GI 150KV CENGKARENG|PHT 150KV CENGKARENG BARU|#2|?|?|CBF,CBF,Serial absent and exact fallback attributes are incomplete.,Keep separate unless an authoritative exact identifier is found.
LOW_IDENTITY_CONFIDENCE,CBF!92:CBF,ASSET|GI 150KV CENGKARENG BARU|TRF|#1|?|?|CBF,CBF,Serial absent and exact fallback attributes are incomplete.,Keep separate unless an authoritative exact identifier is found.
LOW_IDENTITY_CONFIDENCE,CBF!93:CBF,ASSET|GI 150KV CENGKARENG BARU|TRF|#2|?|?|CBF,CBF,Serial absent and exact fallback attributes are incomplete.,Keep separate unless an authoritative exact identifier is found.
LOW_IDENTITY_CONFIDENCE,CBF!94:CBF,ASSET|GI 150KV CENGKARENG BARU|PHT 150KV CENGKARENG|#1|?|?|CBF,CBF,Serial absent and exact fallback attributes are incomplete.,Keep separate unless an authoritative exact identifier is found.
LOW_IDENTITY_CONFIDENCE,CBF!95:CBF,ASSET|GI 150KV CENGKARENG BARU|PHT 150KV CENGKARENG|#2|?|?|CBF,CBF,Serial absent and exact fallback attributes are incomplete.,Keep separate unless an authoritative exact identifier is found.
LOW_IDENTITY_CONFIDENCE,CBF!96:CBF,ASSET|GI 150KV CENGKARENG BARU|PHT 150KV TANGERANG BARU|#1|?|?|CBF,CBF,Serial absent and exact fallback attributes are incomplete.,Keep separate unless an authoritative exact identifier is found.
LOW_IDENTITY_CONFIDENCE,CBF!97:CBF,ASSET|GI 150KV CENGKARENG BARU|PHT 150KV TANGERANG BARU|#2|?|?|CBF,CBF,Serial absent and exact fallback attributes are incomplete.,Keep separate unless an authoritative exact identifier is found.
LOW_IDENTITY_CONFIDENCE,CBF!98:CBF,ASSET|GI 150KV CIKUPA|TRF|#1|?|?|CBF,CBF,Serial absent and exact fallback attributes are incomplete.,Keep separate unless an authoritative exact identifier is found.
LOW_IDENTITY_CONFIDENCE,CBF!99:CBF,ASSET|GI 150KV CIKUPA|TRF|#2|?|?|CBF,CBF,Serial absent and exact fallback attributes are incomplete.,Keep separate unless an authoritative exact identifier is found.
LOW_IDENTITY_CONFIDENCE,FR_OCR!10:FR_OCR,ASSET|GI 150KV DADAP|KOPEL 150KV|?|?|?|FR_OCR,FR_OCR,Special-layout candidate has incomplete exact identity attributes.,Keep separate unless an authoritative exact identifier is found.
LOW_IDENTITY_CONFIDENCE,FR_OCR!11:FR_OCR,ASSET|GI 150KV DADAP|KOPEL 150KV|?|?|?|FR_OCR,FR_OCR,Special-layout candidate has incomplete exact identity attributes.,Keep separate unless an authoritative exact identifier is found.
LOW_IDENTITY_CONFIDENCE,FR_OCR!12:FR_OCR,ASSET|GI 150KV DADAP|KOPEL 150KV|?|?|?|FR_OCR,FR_OCR,Special-layout candidate has incomplete exact identity attributes.,Keep separate unless an authoritative exact identifier is found.
LOW_IDENTITY_CONFIDENCE,FR_OCR!2:FR_OCR,ASSET|GI 150KV DADAP|KOPEL 150KV|?|GE ALSTOM|MICOM P841|FR_OCR,FR_OCR,Special-layout candidate has incomplete exact identity attributes.,Keep separate unless an authoritative exact identifier is found.
LOW_IDENTITY_CONFIDENCE,FR_OCR!3:FR_OCR,ASSET|GI 150KV DADAP|KOPEL 150KV|?|GE ALSTOM|MICOM P841|FR_OCR,FR_OCR,Special-layout candidate has incomplete exact identity attributes.,Keep separate unless an authoritative exact identifier is found.
LOW_IDENTITY_CONFIDENCE,FR_OCR!4:FR_OCR,ASSET|GI 150KV DADAP|KOPEL 150KV|?|GE ALSTOM|MICOM P841|FR_OCR,FR_OCR,Special-layout candidate has incomplete exact identity attributes.,Keep separate unless an authoritative exact identifier is found.
LOW_IDENTITY_CONFIDENCE,FR_OCR!5:FR_OCR,ASSET|GI 150KV DADAP|KOPEL 150KV|?|?|?|FR_OCR,FR_OCR,Special-layout candidate has incomplete exact identity attributes.,Keep separate unless an authoritative exact identifier is found.
LOW_IDENTITY_CONFIDENCE,FR_OCR!6:FR_OCR,ASSET|GI 150KV DADAP|KOPEL 150KV|?|GE|P841|FR_OCR,FR_OCR,Special-layout candidate has incomplete exact identity attributes.,Keep separate unless an authoritative exact identifier is found.
LOW_IDENTITY_CONFIDENCE,FR_OCR!7:FR_OCR,ASSET|GI 150KV DADAP|KOPEL 150KV|?|?|?|FR_OCR,FR_OCR,Special-layout candidate has incomplete exact identity attributes.,Keep separate unless an authoritative exact identifier is found.
LOW_IDENTITY_CONFIDENCE,FR_OCR!9:FR_OCR,ASSET|GI 150KV DADAP|KOPEL 150KV|?|?|?|FR_OCR,FR_OCR,Special-layout candidate has incomplete exact identity attributes.,Keep separate unless an authoritative exact identifier is found.
LOW_IDENTITY_CONFIDENCE,OCR_KOPEL!26:OCR_KOPEL,ASSET|GI 150KV SINDANG JAYA|KOPEL BUS 150KV|?|NR|PCS-9611|KOPEL,OCR KOPEL,Serial absent and exact fallback attributes are incomplete.,Keep separate unless an authoritative exact identifier is found.
LOW_IDENTITY_CONFIDENCE,OCR_KOPEL!32:OCR_KOPEL,ASSET|GI 150KV CILEDUG|KOPEL BUS 150KV|?|SCHNEIDER|MICOM P142|KOPEL,OCR KOPEL,Serial absent and exact fallback attributes are incomplete.,Keep separate unless an authoritative exact identifier is found.
LOW_IDENTITY_CONFIDENCE,OCR_PHT!175:OCR,ASSET|GISTET 500KV DURIKOSAMBI|PHT 500KV GANDUL#1|#1|?|?|BPU,OCR,Serial absent and exact fallback attributes are incomplete.,Keep separate unless an authoritative exact identifier is found.
LOW_IDENTITY_CONFIDENCE,OCR_PHT!176:OCR,ASSET|GISTET 500KV DURIKOSAMBI|PHT 500KV KEMBANGAN#2|#2|?|?|BPU,OCR,Serial absent and exact fallback attributes are incomplete.,Keep separate unless an authoritative exact identifier is found.
LOW_IDENTITY_CONFIDENCE,OCR_PHT!177:OCR,ASSET|GISTET 500KV DURIKOSAMBI|PHT 500KV MUARAKARANG#1|#1|?|?|BPU,OCR,Serial absent and exact fallback attributes are incomplete.,Keep separate unless an authoritative exact identifier is found.
LOW_IDENTITY_CONFIDENCE,OCR_PHT!178:OCR,ASSET|GISTET 500KV DURIKOSAMBI|PHT 500KV MUARAKARANG#2|#2|?|?|BPU,OCR,Serial absent and exact fallback attributes are incomplete.,Keep separate unless an authoritative exact identifier is found.
LOW_IDENTITY_CONFIDENCE,OCR_PHT!179:OCR,ASSET|GISTET 500KV DURIKOSAMBI|PHT 500KV GANDUL#1|#1|?|?|BPU,OCR,Serial absent and exact fallback attributes are incomplete.,Keep separate unless an authoritative exact identifier is found.
LOW_IDENTITY_CONFIDENCE,OCR_PHT!180:OCR,ASSET|GISTET 500KV DURIKOSAMBI|PHT 500KV KEMBANGAN#2|#2|?|?|BPU,OCR,Serial absent and exact fallback attributes are incomplete.,Keep separate unless an authoritative exact identifier is found.
LOW_IDENTITY_CONFIDENCE,OCR_PHT!181:OCR,ASSET|GISTET 500KV DURIKOSAMBI|PHT 500KV MUARAKARANG#1|#1|?|?|BPU,OCR,Serial absent and exact fallback attributes are incomplete.,Keep separate unless an authoritative exact identifier is found.
LOW_IDENTITY_CONFIDENCE,OCR_PHT!182:OCR,ASSET|GISTET 500KV DURIKOSAMBI|PHT 500KV MUARAKARANG#2|#2|?|?|BPU,OCR,Serial absent and exact fallback attributes are incomplete.,Keep separate unless an authoritative exact identifier is found.
LOW_IDENTITY_CONFIDENCE,OCR_PHT!183:OCR,ASSET|GISTET 500KV KEMBANGAN|PHT 500KV DURIKOSAMBI#1|#1|?|?|BPU,OCR,Serial absent and exact fallback attributes are incomplete.,Keep separate unless an authoritative exact identifier is found.
LOW_IDENTITY_CONFIDENCE,OCR_PHT!184:OCR,ASSET|GISTET 500KV KEMBANGAN|PHT 500KV DURIKOSAMBI#2|#2|?|?|BPU,OCR,Serial absent and exact fallback attributes are incomplete.,Keep separate unless an authoritative exact identifier is found.
LOW_IDENTITY_CONFIDENCE,OCR_PHT!185:OCR,ASSET|GISTET 500KV KEMBANGAN|PHT 500KV BALARAJA#1|#1|?|?|BPU,OCR,Serial absent and exact fallback attributes are incomplete.,Keep separate unless an authoritative exact identifier is found.
LOW_IDENTITY_CONFIDENCE,OCR_PHT!186:OCR,ASSET|GISTET 500KV KEMBANGAN|PHT 500KV BALARAJA#2|#2|?|?|BPU,OCR,Serial absent and exact fallback attributes are incomplete.,Keep separate unless an authoritative exact identifier is found.
LOW_IDENTITY_CONFIDENCE,OCR_PHT!187:OCR,ASSET|GISTET 500KV KEMBANGAN|PHT 500KV GANDUL#1|#1|?|?|BPU,OCR,Serial absent and exact fallback attributes are incomplete.,Keep separate unless an authoritative exact identifier is found.
LOW_IDENTITY_CONFIDENCE,OCR_PHT!188:OCR,ASSET|GISTET 500KV KEMBANGAN|PHT 500KV GANDUL#2|#2|?|?|BPU,OCR,Serial absent and exact fallback attributes are incomplete.,Keep separate unless an authoritative exact identifier is found.
LOW_IDENTITY_CONFIDENCE,OCR_PHT!189:OCR,ASSET|GISTET 500KV KEMBANGAN|PHT 500KV DURIKOSAMBI#1|#1|?|?|BPU,OCR,Serial absent and exact fallback attributes are incomplete.,Keep separate unless an authoritative exact identifier is found.
LOW_IDENTITY_CONFIDENCE,OCR_PHT!190:OCR,ASSET|GISTET 500KV KEMBANGAN|PHT 500KV DURIKOSAMBI#2|#2|?|?|BPU,OCR,Serial absent and exact fallback attributes are incomplete.,Keep separate unless an authoritative exact identifier is found.
LOW_IDENTITY_CONFIDENCE,OCR_PHT!191:OCR,ASSET|GISTET 500KV KEMBANGAN|PHT 500KV BALARAJA#1|#1|?|?|BPU,OCR,Serial absent and exact fallback attributes are incomplete.,Keep separate unless an authoritative exact identifier is found.
LOW_IDENTITY_CONFIDENCE,OCR_PHT!192:OCR,ASSET|GISTET 500KV KEMBANGAN|PHT 500KV BALARAJA#2|#2|?|?|BPU,OCR,Serial absent and exact fallback attributes are incomplete.,Keep separate unless an authoritative exact identifier is found.
LOW_IDENTITY_CONFIDENCE,OCR_PHT!193:OCR,ASSET|GISTET 500KV KEMBANGAN|PHT 500KV GANDUL#1|#1|?|?|BPU,OCR,Serial absent and exact fallback attributes are incomplete.,Keep separate unless an authoritative exact identifier is found.
LOW_IDENTITY_CONFIDENCE,OCR_PHT!194:OCR,ASSET|GISTET 500KV KEMBANGAN|PHT 500KV GANDUL#2|#2|?|?|BPU,OCR,Serial absent and exact fallback attributes are incomplete.,Keep separate unless an authoritative exact identifier is found.
LOW_IDENTITY_CONFIDENCE,OCR_PHT!71:OCR,ASSET|GISTET 500KV MUARAKARANG BARU|PHT 500KV DURIKOSAMBI#1|#1|?|?|BPU,OCR,Serial absent and exact fallback attributes are incomplete.,Keep separate unless an authoritative exact identifier is found.
LOW_IDENTITY_CONFIDENCE,OCR_PHT!72:OCR,ASSET|GISTET 500KV MUARAKARANG BARU|PHT 500KV DURIKOSAMBI#2|#2|?|?|BPU,OCR,Serial absent and exact fallback attributes are incomplete.,Keep separate unless an authoritative exact identifier is found.
LOW_IDENTITY_CONFIDENCE,OCR_PHT!73:OCR,ASSET|GISTET 500KV MUARAKARANG BARU|PHT 500KV DURIKOSAMBI#1|#1|?|?|BPU,OCR,Serial absent and exact fallback attributes are incomplete.,Keep separate unless an authoritative exact identifier is found.
LOW_IDENTITY_CONFIDENCE,OCR_PHT!74:OCR,ASSET|GISTET 500KV MUARAKARANG BARU|PHT 500KV DURIKOSAMBI#2|#2|?|?|BPU,OCR,Serial absent and exact fallback attributes are incomplete.,Keep separate unless an authoritative exact identifier is found.
LOW_IDENTITY_CONFIDENCE,OCR_PHT!75:OCR,ASSET|GISTET 500KV MUARAKARANG BARU|PHT 500KV TANJUNG PRIOK#1|#1|?|?|BPU,OCR,Serial absent and exact fallback attributes are incomplete.,Keep separate unless an authoritative exact identifier is found.
LOW_IDENTITY_CONFIDENCE,OCR_PHT!76:OCR,ASSET|GISTET 500KV MUARAKARANG BARU|PHT 500KV TANJUNG PRIOK#2|#2|?|?|BPU,OCR,Serial absent and exact fallback attributes are incomplete.,Keep separate unless an authoritative exact identifier is found.
LOW_IDENTITY_CONFIDENCE,OCR_PHT!77:OCR,ASSET|GISTET 500KV MUARAKARANG BARU|PHT 500KV TANJUNG PRIOK#1|#1|?|?|BPU,OCR,Serial absent and exact fallback attributes are incomplete.,Keep separate unless an authoritative exact identifier is found.
LOW_IDENTITY_CONFIDENCE,OCR_PHT!78:OCR,ASSET|GISTET 500KV MUARAKARANG BARU|PHT 500KV TANJUNG PRIOK#2|#2|?|?|BPU,OCR,Serial absent and exact fallback attributes are incomplete.,Keep separate unless an authoritative exact identifier is found.
LOW_IDENTITY_CONFIDENCE,OCR_PHT!94:OCR,ASSET|GI 150KV JATAKE|PHT 150KV MAXIMANGANDO#1|#1|?|?|BPU,OCR,Serial absent and exact fallback attributes are incomplete.,Keep separate unless an authoritative exact identifier is found.
LOW_IDENTITY_CONFIDENCE,OCR_PHT!95:OCR,ASSET|GI 150KV JATAKE|PHT 150KV MAXIMANGANDO#2|#2|?|?|BPU,OCR,Serial absent and exact fallback attributes are incomplete.,Keep separate unless an authoritative exact identifier is found.
LOW_IDENTITY_CONFIDENCE,OCR_PHT!98:OCR,ASSET|GI 150KV MAXIMANGANDO|PHT 150KV JATAKE#1|#1|?|?|BPU,OCR,Serial absent and exact fallback attributes are incomplete.,Keep separate unless an authoritative exact identifier is found.
LOW_IDENTITY_CONFIDENCE,OCR_PHT!99:OCR,ASSET|GI 150KV MAXIMANGANDO|PHT 150KV JATAKE#2|#2|?|?|BPU,OCR,Serial absent and exact fallback attributes are incomplete.,Keep separate unless an authoritative exact identifier is found.
LOW_IDENTITY_CONFIDENCE,SYNCHRO!100:SYNCHRO,ASSET|GI 150KV SINDANG JAYA|PHT 150KV BALARAJA#1|#1|?|?|SYNCHRO,Synchro,Serial absent and exact fallback attributes are incomplete.,Keep separate unless an authoritative exact identifier is found.
LOW_IDENTITY_CONFIDENCE,SYNCHRO!101:SYNCHRO,ASSET|GI 150KV SINDANG JAYA|PHT 150KV BALARAJA#2|#2|?|?|SYNCHRO,Synchro,Serial absent and exact fallback attributes are incomplete.,Keep separate unless an authoritative exact identifier is found.
LOW_IDENTITY_CONFIDENCE,SYNCHRO!102:SYNCHRO,ASSET|GI 150KV SINDANG JAYA|PHT 150KV LONTAR#1|#1|?|?|SYNCHRO,Synchro,Serial absent and exact fallback attributes are incomplete.,Keep separate unless an authoritative exact identifier is found.
LOW_IDENTITY_CONFIDENCE,SYNCHRO!103:SYNCHRO,ASSET|GI 150KV SINDANG JAYA|PHT 150KV LONTAR#2|#2|?|?|SYNCHRO,Synchro,Serial absent and exact fallback attributes are incomplete.,Keep separate unless an authoritative exact identifier is found.
LOW_IDENTITY_CONFIDENCE,SYNCHRO!104:SYNCHRO,ASSET|GI 150KV SINDANG JAYA|PHT 150KV SUVARNA SUTERA#1|#1|?|?|SYNCHRO,Synchro,Serial absent and exact fallback attributes are incomplete.,Keep separate unless an authoritative exact identifier is found.
LOW_IDENTITY_CONFIDENCE,SYNCHRO!105:SYNCHRO,ASSET|GI 150KV SINDANG JAYA|PHT 150KV SUVARNA SUTERA#2|#2|?|?|SYNCHRO,Synchro,Serial absent and exact fallback attributes are incomplete.,Keep separate unless an authoritative exact identifier is found.
LOW_IDENTITY_CONFIDENCE,SYNCHRO!106:SYNCHRO,ASSET|GI 150KV TANGERANG BARU|PHT 150KV LONTAR#1|#1|?|?|SYNCHRO,Synchro,Serial absent and exact fallback attributes are incomplete.,Keep separate unless an authoritative exact identifier is found.
LOW_IDENTITY_CONFIDENCE,SYNCHRO!107:SYNCHRO,ASSET|GI 150KV TANGERANG BARU|PHT 150KV LONTAR#2|#2|?|?|SYNCHRO,Synchro,Serial absent and exact fallback attributes are incomplete.,Keep separate unless an authoritative exact identifier is found.
LOW_IDENTITY_CONFIDENCE,SYNCHRO!108:SYNCHRO,ASSET|GI 150KV TANGERANG BARU|PHT 150KV ITS|#1|?|?|SYNCHRO,Synchro,Serial absent and exact fallback attributes are incomplete.,Keep separate unless an authoritative exact identifier is found.
LOW_IDENTITY_CONFIDENCE,SYNCHRO!109:SYNCHRO,ASSET|GI 150KV TANGERANG BARU|PHT 150KV CENGKARENG BARU|#1|?|?|SYNCHRO,Synchro,Serial absent and exact fallback attributes are incomplete.,Keep separate unless an authoritative exact identifier is found.
LOW_IDENTITY_CONFIDENCE,SYNCHRO!110:SYNCHRO,ASSET|GI 150KV TELUK NAGA|PHT 150KV DADAP#1|#1|?|?|SYNCHRO,Synchro,Serial absent and exact fallback attributes are incomplete.,Keep separate unless an authoritative exact identifier is found.
LOW_IDENTITY_CONFIDENCE,SYNCHRO!111:SYNCHRO,ASSET|GI 150KV TELUK NAGA|PHT 150KV DADAP#2|#2|?|?|SYNCHRO,Synchro,Serial absent and exact fallback attributes are incomplete.,Keep separate unless an authoritative exact identifier is found.
LOW_IDENTITY_CONFIDENCE,SYNCHRO!112:SYNCHRO,ASSET|GI 150KV TELUK NAGA|PHT 150KV SEPATAN#1|#1|?|?|SYNCHRO,Synchro,Serial absent and exact fallback attributes are incomplete.,Keep separate unless an authoritative exact identifier is found.
LOW_IDENTITY_CONFIDENCE,SYNCHRO!113:SYNCHRO,ASSET|GI 150KV TELUK NAGA|PHT 150KV SEPATAN#2|#2|?|?|SYNCHRO,Synchro,Serial absent and exact fallback attributes are incomplete.,Keep separate unless an authoritative exact identifier is found.
LOW_IDENTITY_CONFIDENCE,SYNCHRO!114:SYNCHRO,ASSET|GIS 150KV JATAKE BARU|PHT 150KV JATAKE#1|#1|?|?|SYNCHRO,Synchro,Serial absent and exact fallback attributes are incomplete.,Keep separate unless an authoritative exact identifier is found.
LOW_IDENTITY_CONFIDENCE,SYNCHRO!115:SYNCHRO,ASSET|GIS 150KV JATAKE BARU|PHT 150KV JATAKE#2|#2|?|?|SYNCHRO,Synchro,Serial absent and exact fallback attributes are incomplete.,Keep separate unless an authoritative exact identifier is found.
LOW_IDENTITY_CONFIDENCE,SYNCHRO!116:SYNCHRO,ASSET|GIS 150KV JATAKE BARU|PHT 150KV TANGERANG#1|#1|?|?|SYNCHRO,Synchro,Serial absent and exact fallback attributes are incomplete.,Keep separate unless an authoritative exact identifier is found.
LOW_IDENTITY_CONFIDENCE,SYNCHRO!117:SYNCHRO,ASSET|GIS 150KV JATAKE BARU|PHT 150KV TANGERANG#2|#2|?|?|SYNCHRO,Synchro,Serial absent and exact fallback attributes are incomplete.,Keep separate unless an authoritative exact identifier is found.
LOW_IDENTITY_CONFIDENCE,SYNCHRO!118:SYNCHRO,ASSET|GIS 150KV LONTAR|PHT 150KV SINDANG JAYA#1|#1|?|?|SYNCHRO,Synchro,Serial absent and exact fallback attributes are incomplete.,Keep separate unless an authoritative exact identifier is found.
LOW_IDENTITY_CONFIDENCE,SYNCHRO!119:SYNCHRO,ASSET|GIS 150KV LONTAR|PHT 150KV SINDANG JAYA#2|#2|?|?|SYNCHRO,Synchro,Serial absent and exact fallback attributes are incomplete.,Keep separate unless an authoritative exact identifier is found.
LOW_IDENTITY_CONFIDENCE,SYNCHRO!11:SYNCHRO,ASSET|GI 150KV ANGKE|PHT 150KV ANCOL#1|#1|?|?|SYNCHRO,Synchro,Serial absent and exact fallback attributes are incomplete.,Keep separate unless an authoritative exact identifier is found.
LOW_IDENTITY_CONFIDENCE,SYNCHRO!120:SYNCHRO,ASSET|GIS 150KV LONTAR|PHT 150KV DADAP#1|#1|?|?|SYNCHRO,Synchro,Serial absent and exact fallback attributes are incomplete.,Keep separate unless an authoritative exact identifier is found.
LOW_IDENTITY_CONFIDENCE,SYNCHRO!121:SYNCHRO,ASSET|GIS 150KV LONTAR|PHT 150KV DADAP#2|#2|?|?|SYNCHRO,Synchro,Serial absent and exact fallback attributes are incomplete.,Keep separate unless an authoritative exact identifier is found.
LOW_IDENTITY_CONFIDENCE,SYNCHRO!122:SYNCHRO,ASSET|GIS 150KV LONTAR|PHT 150KV TANGERANG BARU#1|#1|?|?|SYNCHRO,Synchro,Serial absent and exact fallback attributes are incomplete.,Keep separate unless an authoritative exact identifier is found.
LOW_IDENTITY_CONFIDENCE,SYNCHRO!123:SYNCHRO,ASSET|GIS 150KV LONTAR|PHT 150KV TANGERANG BARU#2|#2|?|?|SYNCHRO,Synchro,Serial absent and exact fallback attributes are incomplete.,Keep separate unless an authoritative exact identifier is found.
LOW_IDENTITY_CONFIDENCE,SYNCHRO!124:SYNCHRO,ASSET|GI 150KV CENGKARENG|PHT 150KV DURIKOSAMBI#1|#1|?|?|SYNCHRO,Synchro,Serial absent and exact fallback attributes are incomplete.,Keep separate unless an authoritative exact identifier is found.
LOW_IDENTITY_CONFIDENCE,SYNCHRO!125:SYNCHRO,ASSET|GI 150KV CENGKARENG|PHT 150KV DURIKOSAMBI#2|#2|?|?|SYNCHRO,Synchro,Serial absent and exact fallback attributes are incomplete.,Keep separate unless an authoritative exact identifier is found.
LOW_IDENTITY_CONFIDENCE,SYNCHRO!126:SYNCHRO,ASSET|GI 150KV CENGKARENG|PHT 150KV CENGKARENG BARU#1|#1|?|?|SYNCHRO,Synchro,Serial absent and exact fallback attributes are incomplete.,Keep separate unless an authoritative exact identifier is found.
LOW_IDENTITY_CONFIDENCE,SYNCHRO!127:SYNCHRO,ASSET|GI 150KV CENGKARENG|PHT 150KV CENGKARENG BARU#2|#2|?|?|SYNCHRO,Synchro,Serial absent and exact fallback attributes are incomplete.,Keep separate unless an authoritative exact identifier is found.
LOW_IDENTITY_CONFIDENCE,SYNCHRO!128:SYNCHRO,ASSET|GI 150KV CENGKARENG|PHT 150KV TANGERANG#1|#1|?|?|SYNCHRO,Synchro,Serial absent and exact fallback attributes are incomplete.,Keep separate unless an authoritative exact identifier is found.
LOW_IDENTITY_CONFIDENCE,SYNCHRO!129:SYNCHRO,ASSET|GI 150KV CENGKARENG|PHT 150KV TANGERANG#2|#2|?|?|SYNCHRO,Synchro,Serial absent and exact fallback attributes are incomplete.,Keep separate unless an authoritative exact identifier is found.
LOW_IDENTITY_CONFIDENCE,SYNCHRO!12:SYNCHRO,ASSET|GI 150KV ANGKE|PHT 150KV ANCOL#2|#2|?|?|SYNCHRO,Synchro,Serial absent and exact fallback attributes are incomplete.,Keep separate unless an authoritative exact identifier is found.
LOW_IDENTITY_CONFIDENCE,SYNCHRO!130:SYNCHRO,ASSET|GI 150KV CENGKARENG BARU|PHT 150KV BANDARA SOEKARNO HATTA#1|#1|?|?|SYNCHRO,Synchro,Serial absent and exact fallback attributes are incomplete.,Keep separate unless an authoritative exact identifier is found.
LOW_IDENTITY_CONFIDENCE,SYNCHRO!131:SYNCHRO,ASSET|GI 150KV CENGKARENG BARU|PHT 150KV BANDARA SOEKARNO HATTA#2|#2|?|?|SYNCHRO,Synchro,Serial absent and exact fallback attributes are incomplete.,Keep separate unless an authoritative exact identifier is found.
LOW_IDENTITY_CONFIDENCE,SYNCHRO!132:SYNCHRO,ASSET|GI 150KV CENGKARENG BARU|PHT 150KV CENGKARENG#1|#1|?|?|SYNCHRO,Synchro,Serial absent and exact fallback attributes are incomplete.,Keep separate unless an authoritative exact identifier is found.
LOW_IDENTITY_CONFIDENCE,SYNCHRO!133:SYNCHRO,ASSET|GI 150KV CENGKARENG BARU|PHT 150KV CENGKARENG#2|#2|?|?|SYNCHRO,Synchro,Serial absent and exact fallback attributes are incomplete.,Keep separate unless an authoritative exact identifier is found.
LOW_IDENTITY_CONFIDENCE,SYNCHRO!134:SYNCHRO,ASSET|GI 150KV CENGKARENG BARU|PHT 150KV ITS|#1|?|?|SYNCHRO,Synchro,Serial absent and exact fallback attributes are incomplete.,Keep separate unless an authoritative exact identifier is found.
LOW_IDENTITY_CONFIDENCE,SYNCHRO!135:SYNCHRO,ASSET|GI 150KV CENGKARENG BARU|PHT 150KV TANGERANG BARU|#1|?|?|SYNCHRO,Synchro,Serial absent and exact fallback attributes are incomplete.,Keep separate unless an authoritative exact identifier is found.
LOW_IDENTITY_CONFIDENCE,SYNCHRO!136:SYNCHRO,ASSET|GI 150KV CILEDUG|PHT 150KV ALAM SUTERA#1|#1|?|?|SYNCHRO,Synchro,Serial absent and exact fallback attributes are incomplete.,Keep separate unless an authoritative exact identifier is found.
LOW_IDENTITY_CONFIDENCE,SYNCHRO!137:SYNCHRO,ASSET|GI 150KV CILEDUG|PHT 150KV ALAM SUTERA#2|#2|?|?|SYNCHRO,Synchro,Serial absent and exact fallback attributes are incomplete.,Keep separate unless an authoritative exact identifier is found.
LOW_IDENTITY_CONFIDENCE,SYNCHRO!138:SYNCHRO,ASSET|GI 150KV CILEDUG|PHT 150KV METLAND#1|#1|?|?|SYNCHRO,Synchro,Serial absent and exact fallback attributes are incomplete.,Keep separate unless an authoritative exact identifier is found.
LOW_IDENTITY_CONFIDENCE,SYNCHRO!139:SYNCHRO,ASSET|GI 150KV CILEDUG|PHT 150KV METLAND#2|#2|?|?|SYNCHRO,Synchro,Serial absent and exact fallback attributes are incomplete.,Keep separate unless an authoritative exact identifier is found.
LOW_IDENTITY_CONFIDENCE,SYNCHRO!13:SYNCHRO,ASSET|GI 150KV ANGKE|PHT 150KV KARET LAMA#1|#1|?|?|SYNCHRO,Synchro,Serial absent and exact fallback attributes are incomplete.,Keep separate unless an authoritative exact identifier is found.
LOW_IDENTITY_CONFIDENCE,SYNCHRO!140:SYNCHRO,ASSET|GI 150KV DURIKOSAMBI|PHT 150KV CENGKARENG#1|#1|?|?|SYNCHRO,Synchro,Serial absent and exact fallback attributes are incomplete.,Keep separate unless an authoritative exact identifier is found.
LOW_IDENTITY_CONFIDENCE,SYNCHRO!141:SYNCHRO,ASSET|GI 150KV DURIKOSAMBI|PHT 150KV CENGKARENG#2|#2|?|?|SYNCHRO,Synchro,Serial absent and exact fallback attributes are incomplete.,Keep separate unless an authoritative exact identifier is found.
LOW_IDENTITY_CONFIDENCE,SYNCHRO!142:SYNCHRO,ASSET|GI 150KV DURIKOSAMBI|PHT 150KV LMK|#1|?|?|SYNCHRO,Synchro,Serial absent and exact fallback attributes are incomplete.,Keep separate unless an authoritative exact identifier is found.
LOW_IDENTITY_CONFIDENCE,SYNCHRO!143:SYNCHRO,ASSET|GI 150KV DURIKOSAMBI|PHT 150KV GROGOL BARU#1|#1|?|?|SYNCHRO,Synchro,Serial absent and exact fallback attributes are incomplete.,Keep separate unless an authoritative exact identifier is found.
LOW_IDENTITY_CONFIDENCE,SYNCHRO!144:SYNCHRO,ASSET|GI 150KV DURIKOSAMBI|PHT 150KV GROGOL BARU#2|#2|?|?|SYNCHRO,Synchro,Serial absent and exact fallback attributes are incomplete.,Keep separate unless an authoritative exact identifier is found.
LOW_IDENTITY_CONFIDENCE,SYNCHRO!145:SYNCHRO,ASSET|GI 150KV DURIKOSAMBI|PHT 150KV KEBON JERUK#1|#1|?|?|SYNCHRO,Synchro,Serial absent and exact fallback attributes are incomplete.,Keep separate unless an authoritative exact identifier is found.
LOW_IDENTITY_CONFIDENCE,SYNCHRO!146:SYNCHRO,ASSET|GI 150KV DURIKOSAMBI|PHT 150KV KEBON JERUK#2|#2|?|?|SYNCHRO,Synchro,Serial absent and exact fallback attributes are incomplete.,Keep separate unless an authoritative exact identifier is found.
LOW_IDENTITY_CONFIDENCE,SYNCHRO!147:SYNCHRO,ASSET|GI 150KV DURIKOSAMBI|PHT 150KV KEMBANGAN#1|#1|?|?|SYNCHRO,Synchro,Serial absent and exact fallback attributes are incomplete.,Keep separate unless an authoritative exact identifier is found.
LOW_IDENTITY_CONFIDENCE,SYNCHRO!148:SYNCHRO,ASSET|GI 150KV DURIKOSAMBI|PHT 150KV KEMBANGAN#2|#2|?|?|SYNCHRO,Synchro,Serial absent and exact fallback attributes are incomplete.,Keep separate unless an authoritative exact identifier is found.
LOW_IDENTITY_CONFIDENCE,SYNCHRO!149:SYNCHRO,ASSET|GI 150KV DURIKOSAMBI|PHT 150KV DAAN MOGOT#1|#1|?|?|SYNCHRO,Synchro,Serial absent and exact fallback attributes are incomplete.,Keep separate unless an authoritative exact identifier is found.
LOW_IDENTITY_CONFIDENCE,SYNCHRO!14:SYNCHRO,ASSET|GI 150KV ANGKE|PHT 150KV KARET LAMA#2|#2|?|?|SYNCHRO,Synchro,Serial absent and exact fallback attributes are incomplete.,Keep separate unless an authoritative exact identifier is found.
LOW_IDENTITY_CONFIDENCE,SYNCHRO!150:SYNCHRO,ASSET|GI 150KV DURIKOSAMBI|PHT 150KV DAAN MOGOT#2|#2|?|?|SYNCHRO,Synchro,Serial absent and exact fallback attributes are incomplete.,Keep separate unless an authoritative exact identifier is found.
LOW_IDENTITY_CONFIDENCE,SYNCHRO!151:SYNCHRO,ASSET|GI 150KV TANGERANG|PHT 150KV CENGKARENG#1|#1|?|?|SYNCHRO,Synchro,Serial absent and exact fallback attributes are incomplete.,Keep separate unless an authoritative exact identifier is found.
LOW_IDENTITY_CONFIDENCE,SYNCHRO!152:SYNCHRO,ASSET|GI 150KV TANGERANG|PHT 150KV CENGKARENG#2|#2|?|?|SYNCHRO,Synchro,Serial absent and exact fallback attributes are incomplete.,Keep separate unless an authoritative exact identifier is found.
LOW_IDENTITY_CONFIDENCE,SYNCHRO!153:SYNCHRO,ASSET|GI 150KV TANGERANG|PHT 150KV JATAKE BARU#1|#1|?|?|SYNCHRO,Synchro,Serial absent and exact fallback attributes are incomplete.,Keep separate unless an authoritative exact identifier is found.
LOW_IDENTITY_CONFIDENCE,SYNCHRO!154:SYNCHRO,ASSET|GI 150KV TANGERANG|PHT 150KV JATAKE BARU#2|#2|?|?|SYNCHRO,Synchro,Serial absent and exact fallback attributes are incomplete.,Keep separate unless an authoritative exact identifier is found.
LOW_IDENTITY_CONFIDENCE,SYNCHRO!155:SYNCHRO,ASSET|GIS 150KV ALAM SUTERA|PHT 150KV CILEDUG#1|#1|?|?|SYNCHRO,Synchro,Serial absent and exact fallback attributes are incomplete.,Keep separate unless an authoritative exact identifier is found.
LOW_IDENTITY_CONFIDENCE,SYNCHRO!156:SYNCHRO,ASSET|GIS 150KV ALAM SUTERA|PHT 150KV CILEDUG#2|#2|?|?|SYNCHRO,Synchro,Serial absent and exact fallback attributes are incomplete.,Keep separate unless an authoritative exact identifier is found.
LOW_IDENTITY_CONFIDENCE,SYNCHRO!157:SYNCHRO,ASSET|GIS 150KV ALAM SUTERA|PHT 150KV SUMMARECON GADING SERPONG#1|#1|?|?|SYNCHRO,Synchro,Serial absent and exact fallback attributes are incomplete.,Keep separate unless an authoritative exact identifier is found.
LOW_IDENTITY_CONFIDENCE,SYNCHRO!158:SYNCHRO,ASSET|GIS 150KV ALAM SUTERA|PHT 150KV SUMMARECON GADING SERPONG#2|#2|?|?|SYNCHRO,Synchro,Serial absent and exact fallback attributes are incomplete.,Keep separate unless an authoritative exact identifier is found.
LOW_IDENTITY_CONFIDENCE,SYNCHRO!159:SYNCHRO,ASSET|GIS 150KV KEMBANGAN|PHT 150KV METLAND#1|#1|?|?|SYNCHRO,Synchro,Serial absent and exact fallback attributes are incomplete.,Keep separate unless an authoritative exact identifier is found.
LOW_IDENTITY_CONFIDENCE,SYNCHRO!15:SYNCHRO,ASSET|GI 150KV ANGKE|PHT 150KV KETAPANG#1|#1|?|?|SYNCHRO,Synchro,Serial absent and exact fallback attributes are incomplete.,Keep separate unless an authoritative exact identifier is found.
LOW_IDENTITY_CONFIDENCE,SYNCHRO!160:SYNCHRO,ASSET|GIS 150KV KEMBANGAN|PHT 150KV METLAND#2|#2|?|?|SYNCHRO,Synchro,Serial absent and exact fallback attributes are incomplete.,Keep separate unless an authoritative exact identifier is found.
LOW_IDENTITY_CONFIDENCE,SYNCHRO!161:SYNCHRO,ASSET|GIS 150KV KEMBANGAN|PHT 150KV DURIKOSAMBI#1|#1|?|?|SYNCHRO,Synchro,Serial absent and exact fallback attributes are incomplete.,Keep separate unless an authoritative exact identifier is found.
LOW_IDENTITY_CONFIDENCE,SYNCHRO!162:SYNCHRO,ASSET|GIS 150KV KEMBANGAN|PHT 150KV DURIKOSAMBI#2|#2|?|?|SYNCHRO,Synchro,Serial absent and exact fallback attributes are incomplete.,Keep separate unless an authoritative exact identifier is found.
LOW_IDENTITY_CONFIDENCE,SYNCHRO!163:SYNCHRO,ASSET|GIS 150KV KEMBANGAN|PHT 150KV NEW SENAYAN#1|#1|?|?|SYNCHRO,Synchro,Serial absent and exact fallback attributes are incomplete.,Keep separate unless an authoritative exact identifier is found.
LOW_IDENTITY_CONFIDENCE,SYNCHRO!164:SYNCHRO,ASSET|GIS 150KV KEMBANGAN|PHT 150KV NEW SENAYAN#2|#2|?|?|SYNCHRO,Synchro,Serial absent and exact fallback attributes are incomplete.,Keep separate unless an authoritative exact identifier is found.
LOW_IDENTITY_CONFIDENCE,SYNCHRO!165:SYNCHRO,ASSET|GIS 150KV KEMBANGAN|PHT 150KV PETUKANGAN#1|#1|?|?|SYNCHRO,Synchro,Serial absent and exact fallback attributes are incomplete.,Keep separate unless an authoritative exact identifier is found.
LOW_IDENTITY_CONFIDENCE,SYNCHRO!166:SYNCHRO,ASSET|GIS 150KV KEMBANGAN|PHT 150KV PETUKANGAN#2|#2|?|?|SYNCHRO,Synchro,Serial absent and exact fallback attributes are incomplete.,Keep separate unless an authoritative exact identifier is found.
LOW_IDENTITY_CONFIDENCE,SYNCHRO!167:SYNCHRO,ASSET|GIS 150KV METLAND|PHT 150KV KEMBANGAN#1|#1|?|?|SYNCHRO,Synchro,Serial absent and exact fallback attributes are incomplete.,Keep separate unless an authoritative exact identifier is found.
LOW_IDENTITY_CONFIDENCE,SYNCHRO!168:SYNCHRO,ASSET|GIS 150KV METLAND|PHT 150KV KEMBANGAN#2|#2|?|?|SYNCHRO,Synchro,Serial absent and exact fallback attributes are incomplete.,Keep separate unless an authoritative exact identifier is found.
LOW_IDENTITY_CONFIDENCE,SYNCHRO!169:SYNCHRO,ASSET|GIS 150KV METLAND|PHT 150KV CILEDUG#1|#1|?|?|SYNCHRO,Synchro,Serial absent and exact fallback attributes are incomplete.,Keep separate unless an authoritative exact identifier is found.
LOW_IDENTITY_CONFIDENCE,SYNCHRO!16:SYNCHRO,ASSET|GI 150KV ANGKE|PHT 150KV KETAPANG#2|#2|?|?|SYNCHRO,Synchro,Serial absent and exact fallback attributes are incomplete.,Keep separate unless an authoritative exact identifier is found.
LOW_IDENTITY_CONFIDENCE,SYNCHRO!170:SYNCHRO,ASSET|GIS 150KV METLAND|PHT 150KV CILEDUG#2|#2|?|?|SYNCHRO,Synchro,Serial absent and exact fallback attributes are incomplete.,Keep separate unless an authoritative exact identifier is found.
LOW_IDENTITY_CONFIDENCE,SYNCHRO!171:SYNCHRO,ASSET|GIS 150KV SUMMARECON GADING SERPONG|PHT 150KV ALAM SUTERA#1|#1|?|?|SYNCHRO,Synchro,Serial absent and exact fallback attributes are incomplete.,Keep separate unless an authoritative exact identifier is found.
LOW_IDENTITY_CONFIDENCE,SYNCHRO!172:SYNCHRO,ASSET|GIS 150KV SUMMARECON GADING SERPONG|PHT 150KV ALAM SUTERA#2|#2|?|?|SYNCHRO,Synchro,Serial absent and exact fallback attributes are incomplete.,Keep separate unless an authoritative exact identifier is found.
LOW_IDENTITY_CONFIDENCE,SYNCHRO!173:SYNCHRO,ASSET|GIS 150KV SUMMARECON GADING SERPONG|PHT 150KV CURUG#1|#1|?|?|SYNCHRO,Synchro,Serial absent and exact fallback attributes are incomplete.,Keep separate unless an authoritative exact identifier is found.
LOW_IDENTITY_CONFIDENCE,SYNCHRO!174:SYNCHRO,ASSET|GIS 150KV SUMMARECON GADING SERPONG|PHT 150KV CURUG#2|#2|?|?|SYNCHRO,Synchro,Serial absent and exact fallback attributes are incomplete.,Keep separate unless an authoritative exact identifier is found.
LOW_IDENTITY_CONFIDENCE,SYNCHRO!175:SYNCHRO,ASSET|GISTET 500KV DURIKOSAMBI|PHT 500KV GANDUL#1|#1|?|?|SYNCHRO,Synchro,Serial absent and exact fallback attributes are incomplete.,Keep separate unless an authoritative exact identifier is found.
LOW_IDENTITY_CONFIDENCE,SYNCHRO!176:SYNCHRO,ASSET|GISTET 500KV DURIKOSAMBI|PHT 500KV KEMBANGAN#2|#2|?|?|SYNCHRO,Synchro,Serial absent and exact fallback attributes are incomplete.,Keep separate unless an authoritative exact identifier is found.
LOW_IDENTITY_CONFIDENCE,SYNCHRO!177:SYNCHRO,ASSET|GISTET 500KV DURIKOSAMBI|PHT 500KV MUARAKARANG#1|#1|?|?|SYNCHRO,Synchro,Serial absent and exact fallback attributes are incomplete.,Keep separate unless an authoritative exact identifier is found.
LOW_IDENTITY_CONFIDENCE,SYNCHRO!178:SYNCHRO,ASSET|GISTET 500KV DURIKOSAMBI|PHT 500KV MUARAKARANG#2|#2|?|?|SYNCHRO,Synchro,Serial absent and exact fallback attributes are incomplete.,Keep separate unless an authoritative exact identifier is found.
LOW_IDENTITY_CONFIDENCE,SYNCHRO!179:SYNCHRO,ASSET|GISTET 500KV DURIKOSAMBI|PHT 500KV GANDUL#1|#1|?|?|SYNCHRO,Synchro,Serial absent and exact fallback attributes are incomplete.,Keep separate unless an authoritative exact identifier is found.
LOW_IDENTITY_CONFIDENCE,SYNCHRO!17:SYNCHRO,ASSET|GI 150KV ANGKE|PHT 150KV MUARAKARANG LAMA#1|#1|?|?|SYNCHRO,Synchro,Serial absent and exact fallback attributes are incomplete.,Keep separate unless an authoritative exact identifier is found.
LOW_IDENTITY_CONFIDENCE,SYNCHRO!180:SYNCHRO,ASSET|GISTET 500KV DURIKOSAMBI|PHT 500KV KEMBANGAN#2|#2|?|?|SYNCHRO,Synchro,Serial absent and exact fallback attributes are incomplete.,Keep separate unless an authoritative exact identifier is found.
LOW_IDENTITY_CONFIDENCE,SYNCHRO!181:SYNCHRO,ASSET|GISTET 500KV DURIKOSAMBI|PHT 500KV MUARAKARANG#1|#1|?|?|SYNCHRO,Synchro,Serial absent and exact fallback attributes are incomplete.,Keep separate unless an authoritative exact identifier is found.
LOW_IDENTITY_CONFIDENCE,SYNCHRO!182:SYNCHRO,ASSET|GISTET 500KV DURIKOSAMBI|PHT 500KV MUARAKARANG#2|#2|?|?|SYNCHRO,Synchro,Serial absent and exact fallback attributes are incomplete.,Keep separate unless an authoritative exact identifier is found.
LOW_IDENTITY_CONFIDENCE,SYNCHRO!183:SYNCHRO,ASSET|GISTET 500KV KEMBANGAN|PHT 500KV DURIKOSAMBI#1|#1|?|?|SYNCHRO,Synchro,Serial absent and exact fallback attributes are incomplete.,Keep separate unless an authoritative exact identifier is found.
LOW_IDENTITY_CONFIDENCE,SYNCHRO!184:SYNCHRO,ASSET|GISTET 500KV KEMBANGAN|PHT 500KV DURIKOSAMBI#2|#2|?|?|SYNCHRO,Synchro,Serial absent and exact fallback attributes are incomplete.,Keep separate unless an authoritative exact identifier is found.
LOW_IDENTITY_CONFIDENCE,SYNCHRO!185:SYNCHRO,ASSET|GISTET 500KV KEMBANGAN|PHT 500KV BALARAJA#1|#1|?|?|SYNCHRO,Synchro,Serial absent and exact fallback attributes are incomplete.,Keep separate unless an authoritative exact identifier is found.
LOW_IDENTITY_CONFIDENCE,SYNCHRO!186:SYNCHRO,ASSET|GISTET 500KV KEMBANGAN|PHT 500KV BALARAJA#2|#2|?|?|SYNCHRO,Synchro,Serial absent and exact fallback attributes are incomplete.,Keep separate unless an authoritative exact identifier is found.
LOW_IDENTITY_CONFIDENCE,SYNCHRO!187:SYNCHRO,ASSET|GISTET 500KV KEMBANGAN|PHT 500KV GANDUL#1|#1|?|?|SYNCHRO,Synchro,Serial absent and exact fallback attributes are incomplete.,Keep separate unless an authoritative exact identifier is found.
LOW_IDENTITY_CONFIDENCE,SYNCHRO!188:SYNCHRO,ASSET|GISTET 500KV KEMBANGAN|PHT 500KV GANDUL#2|#2|?|?|SYNCHRO,Synchro,Serial absent and exact fallback attributes are incomplete.,Keep separate unless an authoritative exact identifier is found.
LOW_IDENTITY_CONFIDENCE,SYNCHRO!189:SYNCHRO,ASSET|GISTET 500KV KEMBANGAN|PHT 500KV DURIKOSAMBI#1|#1|?|?|SYNCHRO,Synchro,Serial absent and exact fallback attributes are incomplete.,Keep separate unless an authoritative exact identifier is found.
LOW_IDENTITY_CONFIDENCE,SYNCHRO!18:SYNCHRO,ASSET|GI 150KV ANGKE|PHT 150KV MUARAKARANG LAMA#2|#2|?|?|SYNCHRO,Synchro,Serial absent and exact fallback attributes are incomplete.,Keep separate unless an authoritative exact identifier is found.
LOW_IDENTITY_CONFIDENCE,SYNCHRO!190:SYNCHRO,ASSET|GISTET 500KV KEMBANGAN|PHT 500KV DURIKOSAMBI#2|#2|?|?|SYNCHRO,Synchro,Serial absent and exact fallback attributes are incomplete.,Keep separate unless an authoritative exact identifier is found.
LOW_IDENTITY_CONFIDENCE,SYNCHRO!191:SYNCHRO,ASSET|GISTET 500KV KEMBANGAN|PHT 500KV BALARAJA#1|#1|?|?|SYNCHRO,Synchro,Serial absent and exact fallback attributes are incomplete.,Keep separate unless an authoritative exact identifier is found.
LOW_IDENTITY_CONFIDENCE,SYNCHRO!192:SYNCHRO,ASSET|GISTET 500KV KEMBANGAN|PHT 500KV BALARAJA#2|#2|?|?|SYNCHRO,Synchro,Serial absent and exact fallback attributes are incomplete.,Keep separate unless an authoritative exact identifier is found.
LOW_IDENTITY_CONFIDENCE,SYNCHRO!193:SYNCHRO,ASSET|GISTET 500KV KEMBANGAN|PHT 500KV GANDUL#1|#1|?|?|SYNCHRO,Synchro,Serial absent and exact fallback attributes are incomplete.,Keep separate unless an authoritative exact identifier is found.
LOW_IDENTITY_CONFIDENCE,SYNCHRO!194:SYNCHRO,ASSET|GISTET 500KV KEMBANGAN|PHT 500KV GANDUL#2|#2|?|?|SYNCHRO,Synchro,Serial absent and exact fallback attributes are incomplete.,Keep separate unless an authoritative exact identifier is found.
LOW_IDENTITY_CONFIDENCE,SYNCHRO!19:SYNCHRO,ASSET|GI 150KV ANGKE|PHT 150KV UGC MUARAKARANG LAMA#1|#1|?|?|SYNCHRO,Synchro,Serial absent and exact fallback attributes are incomplete.,Keep separate unless an authoritative exact identifier is found.
LOW_IDENTITY_CONFIDENCE,SYNCHRO!20:SYNCHRO,ASSET|GI 150KV ANGKE|PHT 150KV UGC MUARAKARANG LAMA#2|#2|?|?|SYNCHRO,Synchro,Serial absent and exact fallback attributes are incomplete.,Keep separate unless an authoritative exact identifier is found.
LOW_IDENTITY_CONFIDENCE,SYNCHRO!21:SYNCHRO,ASSET|GI 150KV DADAP|PHT 150KV LONTAR#1|#1|?|?|SYNCHRO,Synchro,Serial absent and exact fallback attributes are incomplete.,Keep separate unless an authoritative exact identifier is found.
LOW_IDENTITY_CONFIDENCE,SYNCHRO!22:SYNCHRO,ASSET|GI 150KV DADAP|PHT 150KV LONTAR#2|#2|?|?|SYNCHRO,Synchro,Serial absent and exact fallback attributes are incomplete.,Keep separate unless an authoritative exact identifier is found.
LOW_IDENTITY_CONFIDENCE,SYNCHRO!23:SYNCHRO,ASSET|GI 150KV DADAP|PHT 150KV TELUK NAGA#1|#1|?|?|SYNCHRO,Synchro,Serial absent and exact fallback attributes are incomplete.,Keep separate unless an authoritative exact identifier is found.
LOW_IDENTITY_CONFIDENCE,SYNCHRO!24:SYNCHRO,ASSET|GI 150KV DADAP|PHT 150KV TELUK NAGA#2|#2|?|?|SYNCHRO,Synchro,Serial absent and exact fallback attributes are incomplete.,Keep separate unless an authoritative exact identifier is found.
LOW_IDENTITY_CONFIDENCE,SYNCHRO!25:SYNCHRO,ASSET|GI 150KV MUARAKARANG BARU|PHT 150KV GIS MUARAKARANG BARU#1|#1|?|?|SYNCHRO,Synchro,Serial absent and exact fallback attributes are incomplete.,Keep separate unless an authoritative exact identifier is found.
LOW_IDENTITY_CONFIDENCE,SYNCHRO!26:SYNCHRO,ASSET|GI 150KV MUARAKARANG BARU|PHT 150KV GIS MUARAKARANG BARU#2|#2|?|?|SYNCHRO,Synchro,Serial absent and exact fallback attributes are incomplete.,Keep separate unless an authoritative exact identifier is found.
LOW_IDENTITY_CONFIDENCE,SYNCHRO!27:SYNCHRO,ASSET|GI 150KV MUARAKARANG BARU|PHT 150KV MUARAKARANG LAMA#1|#1|?|?|SYNCHRO,Synchro,Serial absent and exact fallback attributes are incomplete.,Keep separate unless an authoritative exact identifier is found.
LOW_IDENTITY_CONFIDENCE,SYNCHRO!28:SYNCHRO,ASSET|GI 150KV MUARAKARANG BARU|PHT 150KV MUARAKARANG LAMA#2|#2|?|?|SYNCHRO,Synchro,Serial absent and exact fallback attributes are incomplete.,Keep separate unless an authoritative exact identifier is found.
LOW_IDENTITY_CONFIDENCE,SYNCHRO!29:SYNCHRO,ASSET|GI 150KV MUARAKARANG LAMA|PHT 150KV ANGKE#1|#1|?|?|SYNCHRO,Synchro,Serial absent and exact fallback attributes are incomplete.,Keep separate unless an authoritative exact identifier is found.
LOW_IDENTITY_CONFIDENCE,SYNCHRO!30:SYNCHRO,ASSET|GI 150KV MUARAKARANG LAMA|PHT 150KV ANGKE#2|#2|?|?|SYNCHRO,Synchro,Serial absent and exact fallback attributes are incomplete.,Keep separate unless an authoritative exact identifier is found.
LOW_IDENTITY_CONFIDENCE,SYNCHRO!31:SYNCHRO,ASSET|GI 150KV MUARAKARANG LAMA|PHT 150KV BUDIKEMULYAN#1|#1|?|?|SYNCHRO,Synchro,Serial absent and exact fallback attributes are incomplete.,Keep separate unless an authoritative exact identifier is found.
LOW_IDENTITY_CONFIDENCE,SYNCHRO!32:SYNCHRO,ASSET|GI 150KV MUARAKARANG LAMA|PHT 150KV BUDIKEMULYAN#2|#2|?|?|SYNCHRO,Synchro,Serial absent and exact fallback attributes are incomplete.,Keep separate unless an authoritative exact identifier is found.
LOW_IDENTITY_CONFIDENCE,SYNCHRO!33:SYNCHRO,ASSET|GI 150KV MUARAKARANG LAMA|PHT 150KV MUARAKARANG BARU#1|#1|?|?|SYNCHRO,Synchro,Serial absent and exact fallback attributes are incomplete.,Keep separate unless an authoritative exact identifier is found.
LOW_IDENTITY_CONFIDENCE,SYNCHRO!34:SYNCHRO,ASSET|GI 150KV MUARAKARANG LAMA|PHT 150KV MUARAKARANG BARU#2|#2|?|?|SYNCHRO,Synchro,Serial absent and exact fallback attributes are incomplete.,Keep separate unless an authoritative exact identifier is found.
LOW_IDENTITY_CONFIDENCE,SYNCHRO!35:SYNCHRO,ASSET|GI 150KV MUARAKARANG LAMA|PHT 150KV UGC ANGKE#1|#1|?|?|SYNCHRO,Synchro,Serial absent and exact fallback attributes are incomplete.,Keep separate unless an authoritative exact identifier is found.
LOW_IDENTITY_CONFIDENCE,SYNCHRO!36:SYNCHRO,ASSET|GI 150KV MUARAKARANG LAMA|PHT 150KV UGC ANGKE#2|#2|?|?|SYNCHRO,Synchro,Serial absent and exact fallback attributes are incomplete.,Keep separate unless an authoritative exact identifier is found.
LOW_IDENTITY_CONFIDENCE,SYNCHRO!37:SYNCHRO,ASSET|GIS 150KV DAAN MOGOT|PHT 150KV DURIKOSAMBI#1|#1|?|?|SYNCHRO,Synchro,Serial absent and exact fallback attributes are incomplete.,Keep separate unless an authoritative exact identifier is found.
LOW_IDENTITY_CONFIDENCE,SYNCHRO!38:SYNCHRO,ASSET|GIS 150KV DAAN MOGOT|PHT 150KV DURIKOSAMBI#2|#2|?|?|SYNCHRO,Synchro,Serial absent and exact fallback attributes are incomplete.,Keep separate unless an authoritative exact identifier is found.
LOW_IDENTITY_CONFIDENCE,SYNCHRO!39:SYNCHRO,ASSET|GIS 150KV DAAN MOGOT|PHT 150KV PANTAI INDAH KAPUK#1|#1|?|?|SYNCHRO,Synchro,Serial absent and exact fallback attributes are incomplete.,Keep separate unless an authoritative exact identifier is found.
LOW_IDENTITY_CONFIDENCE,SYNCHRO!40:SYNCHRO,ASSET|GIS 150KV DAAN MOGOT|PHT 150KV PANTAI INDAH KAPUK#2|#2|?|?|SYNCHRO,Synchro,Serial absent and exact fallback attributes are incomplete.,Keep separate unless an authoritative exact identifier is found.
LOW_IDENTITY_CONFIDENCE,SYNCHRO!41:SYNCHRO,ASSET|GIS 150KV GROGOL|PHT 150KV GROGOL BARU#1|#1|?|?|SYNCHRO,Synchro,Serial absent and exact fallback attributes are incomplete.,Keep separate unless an authoritative exact identifier is found.
LOW_IDENTITY_CONFIDENCE,SYNCHRO!42:SYNCHRO,ASSET|GIS 150KV GROGOL|PHT 150KV GROGOL BARU#2|#2|?|?|SYNCHRO,Synchro,Serial absent and exact fallback attributes are incomplete.,Keep separate unless an authoritative exact identifier is found.
LOW_IDENTITY_CONFIDENCE,SYNCHRO!43:SYNCHRO,ASSET|GIS 150KV GROGOL|PHT 150KV TOMANG#1|#1|?|?|SYNCHRO,Synchro,Serial absent and exact fallback attributes are incomplete.,Keep separate unless an authoritative exact identifier is found.
LOW_IDENTITY_CONFIDENCE,SYNCHRO!44:SYNCHRO,ASSET|GIS 150KV GROGOL|PHT 150KV TOMANG#2|#2|?|?|SYNCHRO,Synchro,Serial absent and exact fallback attributes are incomplete.,Keep separate unless an authoritative exact identifier is found.
LOW_IDENTITY_CONFIDENCE,SYNCHRO!45:SYNCHRO,ASSET|GIS 150KV GROGOL BARU|PHT 150KV DURIKOSAMBI#1|#1|?|?|SYNCHRO,Synchro,Serial absent and exact fallback attributes are incomplete.,Keep separate unless an authoritative exact identifier is found.
LOW_IDENTITY_CONFIDENCE,SYNCHRO!46:SYNCHRO,ASSET|GIS 150KV GROGOL BARU|PHT 150KV DURIKOSAMBI#2|#2|?|?|SYNCHRO,Synchro,Serial absent and exact fallback attributes are incomplete.,Keep separate unless an authoritative exact identifier is found.
LOW_IDENTITY_CONFIDENCE,SYNCHRO!47:SYNCHRO,ASSET|GIS 150KV GROGOL BARU|PHT 150KV GROGOL#1|#1|?|?|SYNCHRO,Synchro,Serial absent and exact fallback attributes are incomplete.,Keep separate unless an authoritative exact identifier is found.
LOW_IDENTITY_CONFIDENCE,SYNCHRO!48:SYNCHRO,ASSET|GIS 150KV GROGOL BARU|PHT 150KV GROGOL#2|#2|?|?|SYNCHRO,Synchro,Serial absent and exact fallback attributes are incomplete.,Keep separate unless an authoritative exact identifier is found.
LOW_IDENTITY_CONFIDENCE,SYNCHRO!49:SYNCHRO,ASSET|GIS 150KV KEBON JERUK|PHT 150KV DURIKOSAMBI#1|#1|?|?|SYNCHRO,Synchro,Serial absent and exact fallback attributes are incomplete.,Keep separate unless an authoritative exact identifier is found.
LOW_IDENTITY_CONFIDENCE,SYNCHRO!50:SYNCHRO,ASSET|GIS 150KV KEBON JERUK|PHT 150KV DURIKOSAMBI#2|#2|?|?|SYNCHRO,Synchro,Serial absent and exact fallback attributes are incomplete.,Keep separate unless an authoritative exact identifier is found.
LOW_IDENTITY_CONFIDENCE,SYNCHRO!51:SYNCHRO,ASSET|GIS 150KV KEBON JERUK|PHT 150KV KARET BARU#1|#1|?|?|SYNCHRO,Synchro,Serial absent and exact fallback attributes are incomplete.,Keep separate unless an authoritative exact identifier is found.
LOW_IDENTITY_CONFIDENCE,SYNCHRO!52:SYNCHRO,ASSET|GIS 150KV KEBON JERUK|PHT 150KV KARET BARU#2|#2|?|?|SYNCHRO,Synchro,Serial absent and exact fallback attributes are incomplete.,Keep separate unless an authoritative exact identifier is found.
LOW_IDENTITY_CONFIDENCE,SYNCHRO!53:SYNCHRO,ASSET|GIS 150KV MUARAKARANG BARU|PHT 150KV MUARAKARANG BARU#1|#1|?|?|SYNCHRO,Synchro,Serial absent and exact fallback attributes are incomplete.,Keep separate unless an authoritative exact identifier is found.
LOW_IDENTITY_CONFIDENCE,SYNCHRO!54:SYNCHRO,ASSET|GIS 150KV MUARAKARANG BARU|PHT 150KV MUARAKARANG BARU#2|#2|?|?|SYNCHRO,Synchro,Serial absent and exact fallback attributes are incomplete.,Keep separate unless an authoritative exact identifier is found.
LOW_IDENTITY_CONFIDENCE,SYNCHRO!55:SYNCHRO,ASSET|GIS 150KV MUARAKARANG BARU|PHT 150KV PANTAI INDAH KAPUK#1|#1|?|?|SYNCHRO,Synchro,Serial absent and exact fallback attributes are incomplete.,Keep separate unless an authoritative exact identifier is found.
LOW_IDENTITY_CONFIDENCE,SYNCHRO!56:SYNCHRO,ASSET|GIS 150KV MUARAKARANG BARU|PHT 150KV PANTAI INDAH KAPUK#2|#2|?|?|SYNCHRO,Synchro,Serial absent and exact fallback attributes are incomplete.,Keep separate unless an authoritative exact identifier is found.
LOW_IDENTITY_CONFIDENCE,SYNCHRO!57:SYNCHRO,ASSET|GIS 150KV NEW SENAYAN|PHT 150KV KEMBANGAN#1|#1|?|?|SYNCHRO,Synchro,Serial absent and exact fallback attributes are incomplete.,Keep separate unless an authoritative exact identifier is found.
LOW_IDENTITY_CONFIDENCE,SYNCHRO!58:SYNCHRO,ASSET|GIS 150KV NEW SENAYAN|PHT 150KV KEMBANGAN#2|#2|?|?|SYNCHRO,Synchro,Serial absent and exact fallback attributes are incomplete.,Keep separate unless an authoritative exact identifier is found.
LOW_IDENTITY_CONFIDENCE,SYNCHRO!59:SYNCHRO,ASSET|GIS 150KV NEW SENAYAN|PHT 150KV SENAYAN#1|#1|?|?|SYNCHRO,Synchro,Serial absent and exact fallback attributes are incomplete.,Keep separate unless an authoritative exact identifier is found.
LOW_IDENTITY_CONFIDENCE,SYNCHRO!60:SYNCHRO,ASSET|GIS 150KV NEW SENAYAN|PHT 150KV SENAYAN#2|#2|?|?|SYNCHRO,Synchro,Serial absent and exact fallback attributes are incomplete.,Keep separate unless an authoritative exact identifier is found.
LOW_IDENTITY_CONFIDENCE,SYNCHRO!61:SYNCHRO,ASSET|GIS 150KV NEW SENAYAN|PHT 150KV ULUJAMI#1|#1|?|?|SYNCHRO,Synchro,Serial absent and exact fallback attributes are incomplete.,Keep separate unless an authoritative exact identifier is found.
LOW_IDENTITY_CONFIDENCE,SYNCHRO!62:SYNCHRO,ASSET|GIS 150KV NEW SENAYAN|PHT 150KV ULUJAMI#2|#2|?|?|SYNCHRO,Synchro,Serial absent and exact fallback attributes are incomplete.,Keep separate unless an authoritative exact identifier is found.
LOW_IDENTITY_CONFIDENCE,SYNCHRO!63:SYNCHRO,ASSET|GIS 150KV PANTAI INDAH KAPUK|PHT 150KV DAAN MOGOT#1|#1|?|?|SYNCHRO,Synchro,Serial absent and exact fallback attributes are incomplete.,Keep separate unless an authoritative exact identifier is found.
LOW_IDENTITY_CONFIDENCE,SYNCHRO!64:SYNCHRO,ASSET|GIS 150KV PANTAI INDAH KAPUK|PHT 150KV DAAN MOGOT#2|#2|?|?|SYNCHRO,Synchro,Serial absent and exact fallback attributes are incomplete.,Keep separate unless an authoritative exact identifier is found.
LOW_IDENTITY_CONFIDENCE,SYNCHRO!65:SYNCHRO,ASSET|GIS 150KV PANTAI INDAH KAPUK|PHT 150KV GIS MUARAKARANG BARU#1|#1|?|?|SYNCHRO,Synchro,Serial absent and exact fallback attributes are incomplete.,Keep separate unless an authoritative exact identifier is found.
LOW_IDENTITY_CONFIDENCE,SYNCHRO!66:SYNCHRO,ASSET|GIS 150KV PANTAI INDAH KAPUK|PHT 150KV GIS MUARAKARANG BARU#2|#2|?|?|SYNCHRO,Synchro,Serial absent and exact fallback attributes are incomplete.,Keep separate unless an authoritative exact identifier is found.
LOW_IDENTITY_CONFIDENCE,SYNCHRO!67:SYNCHRO,ASSET|GIS 150KV TOMANG|PHT 150KV GROGOL#1|#1|?|?|SYNCHRO,Synchro,Serial absent and exact fallback attributes are incomplete.,Keep separate unless an authoritative exact identifier is found.
LOW_IDENTITY_CONFIDENCE,SYNCHRO!68:SYNCHRO,ASSET|GIS 150KV TOMANG|PHT 150KV GROGOL#2|#2|?|?|SYNCHRO,Synchro,Serial absent and exact fallback attributes are incomplete.,Keep separate unless an authoritative exact identifier is found.
LOW_IDENTITY_CONFIDENCE,SYNCHRO!69:SYNCHRO,ASSET|GIS 150KV ULUJAMI|PHT 150KV NEW SENAYAN#1|#1|?|?|SYNCHRO,Synchro,Serial absent and exact fallback attributes are incomplete.,Keep separate unless an authoritative exact identifier is found.
LOW_IDENTITY_CONFIDENCE,SYNCHRO!70:SYNCHRO,ASSET|GIS 150KV ULUJAMI|PHT 150KV NEW SENAYAN#2|#2|?|?|SYNCHRO,Synchro,Serial absent and exact fallback attributes are incomplete.,Keep separate unless an authoritative exact identifier is found.
LOW_IDENTITY_CONFIDENCE,SYNCHRO!71:SYNCHRO,ASSET|GISTET 500KV MUARAKARANG BARU|PHT 500KV DURIKOSAMBI#1|#1|?|?|SYNCHRO,Synchro,Serial absent and exact fallback attributes are incomplete.,Keep separate unless an authoritative exact identifier is found.
LOW_IDENTITY_CONFIDENCE,SYNCHRO!72:SYNCHRO,ASSET|GISTET 500KV MUARAKARANG BARU|PHT 500KV DURIKOSAMBI#2|#2|?|?|SYNCHRO,Synchro,Serial absent and exact fallback attributes are incomplete.,Keep separate unless an authoritative exact identifier is found.
LOW_IDENTITY_CONFIDENCE,SYNCHRO!73:SYNCHRO,ASSET|GISTET 500KV MUARAKARANG BARU|PHT 500KV DURIKOSAMBI#1|#1|?|?|SYNCHRO,Synchro,Serial absent and exact fallback attributes are incomplete.,Keep separate unless an authoritative exact identifier is found.
LOW_IDENTITY_CONFIDENCE,SYNCHRO!74:SYNCHRO,ASSET|GISTET 500KV MUARAKARANG BARU|PHT 500KV DURIKOSAMBI#2|#2|?|?|SYNCHRO,Synchro,Serial absent and exact fallback attributes are incomplete.,Keep separate unless an authoritative exact identifier is found.
LOW_IDENTITY_CONFIDENCE,SYNCHRO!75:SYNCHRO,ASSET|GISTET 500KV MUARAKARANG BARU|PHT 500KV TANJUNG PRIOK#1|#1|?|?|SYNCHRO,Synchro,Serial absent and exact fallback attributes are incomplete.,Keep separate unless an authoritative exact identifier is found.
LOW_IDENTITY_CONFIDENCE,SYNCHRO!76:SYNCHRO,ASSET|GISTET 500KV MUARAKARANG BARU|PHT 500KV TANJUNG PRIOK#2|#2|?|?|SYNCHRO,Synchro,Serial absent and exact fallback attributes are incomplete.,Keep separate unless an authoritative exact identifier is found.
LOW_IDENTITY_CONFIDENCE,SYNCHRO!77:SYNCHRO,ASSET|GISTET 500KV MUARAKARANG BARU|PHT 500KV TANJUNG PRIOK#1|#1|?|?|SYNCHRO,Synchro,Serial absent and exact fallback attributes are incomplete.,Keep separate unless an authoritative exact identifier is found.
LOW_IDENTITY_CONFIDENCE,SYNCHRO!78:SYNCHRO,ASSET|GISTET 500KV MUARAKARANG BARU|PHT 500KV TANJUNG PRIOK#2|#2|?|?|SYNCHRO,Synchro,Serial absent and exact fallback attributes are incomplete.,Keep separate unless an authoritative exact identifier is found.
LOW_IDENTITY_CONFIDENCE,SYNCHRO!79:SYNCHRO,ASSET|GI 150KV CURUG|PHT 150KV CIKUPA#1|#1|?|?|SYNCHRO,Synchro,Serial absent and exact fallback attributes are incomplete.,Keep separate unless an authoritative exact identifier is found.
LOW_IDENTITY_CONFIDENCE,SYNCHRO!80:SYNCHRO,ASSET|GI 150KV CURUG|PHT 150KV CIKUPA#2|#2|?|?|SYNCHRO,Synchro,Serial absent and exact fallback attributes are incomplete.,Keep separate unless an authoritative exact identifier is found.
LOW_IDENTITY_CONFIDENCE,SYNCHRO!81:SYNCHRO,ASSET|GI 150KV CURUG|PHT 150KV SUMMARECON GADING SERPONG#1|#1|?|?|SYNCHRO,Synchro,Serial absent and exact fallback attributes are incomplete.,Keep separate unless an authoritative exact identifier is found.
LOW_IDENTITY_CONFIDENCE,SYNCHRO!82:SYNCHRO,ASSET|GI 150KV CURUG|PHT 150KV SUMMARECON GADING SERPONG#2|#2|?|?|SYNCHRO,Synchro,Serial absent and exact fallback attributes are incomplete.,Keep separate unless an authoritative exact identifier is found.
LOW_IDENTITY_CONFIDENCE,SYNCHRO!83:SYNCHRO,ASSET|GI 150KV GAJAH TUNGGAL|PHT 150KV PASAR KEMIS|#1|?|?|SYNCHRO,Synchro,Serial absent and exact fallback attributes are incomplete.,Keep separate unless an authoritative exact identifier is found.
LOW_IDENTITY_CONFIDENCE,SYNCHRO!84:SYNCHRO,ASSET|GI 150KV GAJAH TUNGGAL|PHT 150KV PASAR KEMIS BARU|#1|?|?|SYNCHRO,Synchro,Serial absent and exact fallback attributes are incomplete.,Keep separate unless an authoritative exact identifier is found.
LOW_IDENTITY_CONFIDENCE,SYNCHRO!85:SYNCHRO,ASSET|GI 150KV ITS|PHT 150KV TANGERANG BARU|#1|?|?|SYNCHRO,Synchro,Serial absent and exact fallback attributes are incomplete.,Keep separate unless an authoritative exact identifier is found.
LOW_IDENTITY_CONFIDENCE,SYNCHRO!86:SYNCHRO,ASSET|GI 150KV ITS|PHT 150KV CENGKARENG BARU|#1|?|?|SYNCHRO,Synchro,Serial absent and exact fallback attributes are incomplete.,Keep separate unless an authoritative exact identifier is found.
LOW_IDENTITY_CONFIDENCE,SYNCHRO!87:SYNCHRO,ASSET|GI 150KV ITS|PHT 150KV KONSUMEN|#1|?|?|SYNCHRO,Synchro,Serial absent and exact fallback attributes are incomplete.,Keep separate unless an authoritative exact identifier is found.
LOW_IDENTITY_CONFIDENCE,SYNCHRO!88:SYNCHRO,ASSET|GI 150KV JATAKE|PHT 150KV CIKUPA#1|#1|?|?|SYNCHRO,Synchro,Serial absent and exact fallback attributes are incomplete.,Keep separate unless an authoritative exact identifier is found.
LOW_IDENTITY_CONFIDENCE,SYNCHRO!89:SYNCHRO,ASSET|GI 150KV JATAKE|PHT 150KV CIKUPA#2|#2|?|?|SYNCHRO,Synchro,Serial absent and exact fallback attributes are incomplete.,Keep separate unless an authoritative exact identifier is found.
LOW_IDENTITY_CONFIDENCE,SYNCHRO!90:SYNCHRO,ASSET|GI 150KV JATAKE|PHT 150KV JATAKE BARU#1|#1|?|?|SYNCHRO,Synchro,Serial absent and exact fallback attributes are incomplete.,Keep separate unless an authoritative exact identifier is found.
LOW_IDENTITY_CONFIDENCE,SYNCHRO!91:SYNCHRO,ASSET|GI 150KV JATAKE|PHT 150KV JATAKE BARU#2|#2|?|?|SYNCHRO,Synchro,Serial absent and exact fallback attributes are incomplete.,Keep separate unless an authoritative exact identifier is found.
LOW_IDENTITY_CONFIDENCE,SYNCHRO!92:SYNCHRO,ASSET|GI 150KV JATAKE|PHT 150KV MAXIMANGANDO#1|#1|?|?|SYNCHRO,Synchro,Serial absent and exact fallback attributes are incomplete.,Keep separate unless an authoritative exact identifier is found.
LOW_IDENTITY_CONFIDENCE,SYNCHRO!93:SYNCHRO,ASSET|GI 150KV JATAKE|PHT 150KV MAXIMANGANDO#2|#2|?|?|SYNCHRO,Synchro,Serial absent and exact fallback attributes are incomplete.,Keep separate unless an authoritative exact identifier is found.
LOW_IDENTITY_CONFIDENCE,SYNCHRO!94:SYNCHRO,ASSET|GI 150KV JATAKE|PHT 150KV MAXIMANGANDO#1|#1|?|?|SYNCHRO,Synchro,Serial absent and exact fallback attributes are incomplete.,Keep separate unless an authoritative exact identifier is found.
LOW_IDENTITY_CONFIDENCE,SYNCHRO!95:SYNCHRO,ASSET|GI 150KV JATAKE|PHT 150KV MAXIMANGANDO#2|#2|?|?|SYNCHRO,Synchro,Serial absent and exact fallback attributes are incomplete.,Keep separate unless an authoritative exact identifier is found.
LOW_IDENTITY_CONFIDENCE,SYNCHRO!96:SYNCHRO,ASSET|GI 150KV MAXIMANGANDO|PHT 150KV JATAKE#1|#1|?|?|SYNCHRO,Synchro,Serial absent and exact fallback attributes are incomplete.,Keep separate unless an authoritative exact identifier is found.
LOW_IDENTITY_CONFIDENCE,SYNCHRO!97:SYNCHRO,ASSET|GI 150KV MAXIMANGANDO|PHT 150KV JATAKE#2|#2|?|?|SYNCHRO,Synchro,Serial absent and exact fallback attributes are incomplete.,Keep separate unless an authoritative exact identifier is found.
LOW_IDENTITY_CONFIDENCE,SYNCHRO!98:SYNCHRO,ASSET|GI 150KV MAXIMANGANDO|PHT 150KV JATAKE#1|#1|?|?|SYNCHRO,Synchro,Serial absent and exact fallback attributes are incomplete.,Keep separate unless an authoritative exact identifier is found.
LOW_IDENTITY_CONFIDENCE,SYNCHRO!99:SYNCHRO,ASSET|GI 150KV MAXIMANGANDO|PHT 150KV JATAKE#2|#2|?|?|SYNCHRO,Synchro,Serial absent and exact fallback attributes are incomplete.,Keep separate unless an authoritative exact identifier is found.
LOW_IDENTITY_CONFIDENCE,SZP!20:SZP,ASSET|GITET 500KV BALARAJA|PHT 500KV KEMBANGAN (FUTURE)|#1|?|?|SZP,SZP,Serial absent and exact fallback attributes are incomplete.,Keep separate unless an authoritative exact identifier is found.
LOW_IDENTITY_CONFIDENCE,SZP!21:SZP,ASSET|GITET 500KV BALARAJA|PHT 500KV KEMBANGAN (FUTURE)|#2|?|?|SZP,SZP,Serial absent and exact fallback attributes are incomplete.,Keep separate unless an authoritative exact identifier is found.
LOW_IDENTITY_CONFIDENCE,SZP!28:SZP,ASSET|GISTET 500KV DURIKOSAMBI|IBT|#1|?|?|SZP,SZP,Serial absent and exact fallback attributes are incomplete.,Keep separate unless an authoritative exact identifier is found.
LOW_IDENTITY_CONFIDENCE,SZP!29:SZP,ASSET|GISTET 500KV DURIKOSAMBI|IBT|#2|?|?|SZP,SZP,Serial absent and exact fallback attributes are incomplete.,Keep separate unless an authoritative exact identifier is found.
LOW_IDENTITY_CONFIDENCE,SZP!30:SZP,ASSET|GISTET 500KV DURIKOSAMBI|PHT 500KV GANDUL|#1|?|?|SZP,SZP,Serial absent and exact fallback attributes are incomplete.,Keep separate unless an authoritative exact identifier is found.
LOW_IDENTITY_CONFIDENCE,SZP!31:SZP,ASSET|GISTET 500KV DURIKOSAMBI|PHT 500KV KEMBANGAN|#2|?|?|SZP,SZP,Serial absent and exact fallback attributes are incomplete.,Keep separate unless an authoritative exact identifier is found.
LOW_IDENTITY_CONFIDENCE,SZP!32:SZP,ASSET|GISTET 500KV DURIKOSAMBI|IBT (FUTURE)|#3|?|?|SZP,SZP,Serial absent and exact fallback attributes are incomplete.,Keep separate unless an authoritative exact identifier is found.
LOW_IDENTITY_CONFIDENCE,SZP!33:SZP,ASSET|GISTET 500KV DURIKOSAMBI|IBT (FUTURE)|#4|?|?|SZP,SZP,Serial absent and exact fallback attributes are incomplete.,Keep separate unless an authoritative exact identifier is found.
LOW_IDENTITY_CONFIDENCE,SZP!34:SZP,ASSET|GISTET 500KV DURIKOSAMBI|PHT 500KV MUARAKARANG (FUTURE)|#1|?|?|SZP,SZP,Serial absent and exact fallback attributes are incomplete.,Keep separate unless an authoritative exact identifier is found.
LOW_IDENTITY_CONFIDENCE,SZP!35:SZP,ASSET|GISTET 500KV DURIKOSAMBI|PHT 500KV MUARAKARANG (FUTURE)|#2|?|?|SZP,SZP,Serial absent and exact fallback attributes are incomplete.,Keep separate unless an authoritative exact identifier is found.
LOW_IDENTITY_CONFIDENCE,SZP!36:SZP,ASSET|GISTET 500KV DURIKOSAMBI|?|?|?|?|SZP,SZP,Serial absent and exact fallback attributes are incomplete.,Keep separate unless an authoritative exact identifier is found.
LOW_IDENTITY_CONFIDENCE,SZP!37:SZP,ASSET|GISTET 500KV DURIKOSAMBI|?|?|?|?|SZP,SZP,Serial absent and exact fallback attributes are incomplete.,Keep separate unless an authoritative exact identifier is found.
LOW_IDENTITY_CONFIDENCE,SZP!38:SZP,ASSET|GISTET 500KV DURIKOSAMBI|?|?|?|?|SZP,SZP,Serial absent and exact fallback attributes are incomplete.,Keep separate unless an authoritative exact identifier is found.
LOW_IDENTITY_CONFIDENCE,SZP!39:SZP,ASSET|GISTET 500KV DURIKOSAMBI|?|?|?|?|SZP,SZP,Serial absent and exact fallback attributes are incomplete.,Keep separate unless an authoritative exact identifier is found.
LOW_IDENTITY_CONFIDENCE,SZP!40:SZP,ASSET|GISTET 500KV KEMBANGAN|IBT|#1|?|?|SZP,SZP,Serial absent and exact fallback attributes are incomplete.,Keep separate unless an authoritative exact identifier is found.
LOW_IDENTITY_CONFIDENCE,SZP!41:SZP,ASSET|GISTET 500KV KEMBANGAN|IBT|#2|?|?|SZP,SZP,Serial absent and exact fallback attributes are incomplete.,Keep separate unless an authoritative exact identifier is found.
LOW_IDENTITY_CONFIDENCE,SZP!42:SZP,ASSET|GISTET 500KV KEMBANGAN|PHT 500KV DURIKOSAMBI|#1|?|?|SZP,SZP,Serial absent and exact fallback attributes are incomplete.,Keep separate unless an authoritative exact identifier is found.
LOW_IDENTITY_CONFIDENCE,SZP!43:SZP,ASSET|GISTET 500KV KEMBANGAN|PHT 500KV DURIKOSAMBI|#2|?|?|SZP,SZP,Serial absent and exact fallback attributes are incomplete.,Keep separate unless an authoritative exact identifier is found.
LOW_IDENTITY_CONFIDENCE,SZP!44:SZP,ASSET|GISTET 500KV KEMBANGAN|PHT 500KV GANDUL|#1|?|?|SZP,SZP,Serial absent and exact fallback attributes are incomplete.,Keep separate unless an authoritative exact identifier is found.
LOW_IDENTITY_CONFIDENCE,SZP!45:SZP,ASSET|GISTET 500KV KEMBANGAN|PHT 500KV GANDUL|#2|?|?|SZP,SZP,Serial absent and exact fallback attributes are incomplete.,Keep separate unless an authoritative exact identifier is found.
LOW_IDENTITY_CONFIDENCE,SZP!46:SZP,ASSET|GISTET 500KV KEMBANGAN|BALARAJA (FUTURE)|#1|?|?|SZP,SZP,Serial absent and exact fallback attributes are incomplete.,Keep separate unless an authoritative exact identifier is found.
LOW_IDENTITY_CONFIDENCE,SZP!47:SZP,ASSET|GISTET 500KV KEMBANGAN|BALARAJA (FUTURE)|#2|?|?|SZP,SZP,Serial absent and exact fallback attributes are incomplete.,Keep separate unless an authoritative exact identifier is found.
LOW_IDENTITY_CONFIDENCE,SZP!48:SZP,ASSET|GISTET 500KV KEMBANGAN|?|?|?|?|SZP,SZP,Serial absent and exact fallback attributes are incomplete.,Keep separate unless an authoritative exact identifier is found.
LOW_IDENTITY_CONFIDENCE,SZP!49:SZP,ASSET|GISTET 500KV KEMBANGAN|?|?|?|?|SZP,SZP,Serial absent and exact fallback attributes are incomplete.,Keep separate unless an authoritative exact identifier is found.
LOW_IDENTITY_CONFIDENCE,SZP!50:SZP,ASSET|GISTET 500KV KEMBANGAN|?|?|?|?|SZP,SZP,Serial absent and exact fallback attributes are incomplete.,Keep separate unless an authoritative exact identifier is found.
LOW_IDENTITY_CONFIDENCE,SZP!51:SZP,ASSET|GISTET 500KV KEMBANGAN|?|?|?|?|SZP,SZP,Serial absent and exact fallback attributes are incomplete.,Keep separate unless an authoritative exact identifier is found.
