source_workbook,source_sheet,source_row,source_hash,observed_at,logical_source,device_slot,function_type,coordination_class,asset_id,ultg,gi,bay,circuit,ct_ratio,pt_ratio,relay_role,manufacturer,model,serial_no,relay_kind,operation_year,status,identity_key,identity_confidence,identity_rule
Data Setting Penghantar UPT DKSBI.xlsx,AR,11,f0ba5b0036e47fb050940334d394bb217cdf81dcbdeea63e562db5b25048167c,2026-08-21,AR,AR,AR,AUXILIARY,PHT.01,ULTG ANGKE,GI 150kV ANGKE,PHT 150kV ANCOL#1,#1,,,Internal,GEC Alsthom,MVTR01,604474C,Elektromekanik,2001.0,,SERIAL|604474C,HIGH,exact normalized serial
Data Setting Penghantar UPT DKSBI.xlsx,AR,12,f0ba5b0036e47fb050940334d394bb217cdf81dcbdeea63e562db5b25048167c,2026-08-21,AR,AR,AR,AUXILIARY,PHT.02,ULTG ANGKE,GI 150kV ANGKE,PHT 150kV ANCOL#2,#2,,,Internal,GEC Alsthom,MVTR01,604477C,Elektromekanik,2001.0,,SERIAL|604477C,HIGH,exact normalized serial
Data Setting Penghantar UPT DKSBI.xlsx,AR,13,f0ba5b0036e47fb050940334d394bb217cdf81dcbdeea63e562db5b25048167c,2026-08-21,AR,AR,AR,AUXILIARY,PHT.03,ULTG ANGKE,GI 150kV ANGKE,PHT 150kV KARET LAMA#1,#1,,,Internal,,,,,,,ASSET|GI 150KV ANGKE|PHT 150KV KARET LAMA#1|#1|?|?|INTERNAL,LOW,incomplete exact attributes; no fuzzy merge
Data Setting Penghantar UPT DKSBI.xlsx,AR,14,f0ba5b0036e47fb050940334d394bb217cdf81dcbdeea63e562db5b25048167c,2026-08-21,AR,AR,AR,AUXILIARY,PHT.04,ULTG ANGKE,GI 150kV ANGKE,PHT 150kV KARET LAMA#2,#2,,,Internal,,,,,,,ASSET|GI 150KV ANGKE|PHT 150KV KARET LAMA#2|#2|?|?|INTERNAL,LOW,incomplete exact attributes; no fuzzy merge
Data Setting Penghantar UPT DKSBI.xlsx,AR,15,f0ba5b0036e47fb050940334d394bb217cdf81dcbdeea63e562db5b25048167c,2026-08-21,AR,AR,AR,AUXILIARY,PHT.05,ULTG ANGKE,GI 150kV ANGKE,PHT 150kV KETAPANG#1,#1,,,Tidak Aktif,,,,,,,ASSET|GI 150KV ANGKE|PHT 150KV KETAPANG#1|#1|?|?|TIDAK AKTIF,LOW,incomplete exact attributes; no fuzzy merge
Data Setting Penghantar UPT DKSBI.xlsx,AR,16,f0ba5b0036e47fb050940334d394bb217cdf81dcbdeea63e562db5b25048167c,2026-08-21,AR,AR,AR,AUXILIARY,PHT.06,ULTG ANGKE,GI 150kV ANGKE,PHT 150kV KETAPANG#2,#2,,,Tidak Aktif,,,,,,,ASSET|GI 150KV ANGKE|PHT 150KV KETAPANG#2|#2|?|?|TIDAK AKTIF,LOW,incomplete exact attributes; no fuzzy merge
Data Setting Penghantar UPT DKSBI.xlsx,AR,17,f0ba5b0036e47fb050940334d394bb217cdf81dcbdeea63e562db5b25048167c,2026-08-21,AR,AR,AR,AUXILIARY,PHT.07,ULTG ANGKE,GI 150kV ANGKE,PHT 150kV MUARAKARANG LAMA#1,#1,,,Tidak Aktif,,,,,,,ASSET|GI 150KV ANGKE|PHT 150KV MUARAKARANG LAMA#1|#1|?|?|TIDAK AKTIF,LOW,incomplete exact attributes; no fuzzy merge
Data Setting Penghantar UPT DKSBI.xlsx,AR,18,f0ba5b0036e47fb050940334d394bb217cdf81dcbdeea63e562db5b25048167c,2026-08-21,AR,AR,AR,AUXILIARY,PHT.08,ULTG ANGKE,GI 150kV ANGKE,PHT 150kV MUARAKARANG LAMA#2,#2,,,Tidak Aktif,,,,,,,ASSET|GI 150KV ANGKE|PHT 150KV MUARAKARANG LAMA#2|#2|?|?|TIDAK AKTIF,LOW,incomplete exact attributes; no fuzzy merge
Data Setting Penghantar UPT DKSBI.xlsx,AR,19,f0ba5b0036e47fb050940334d394bb217cdf81dcbdeea63e562db5b25048167c,2026-08-21,AR,AR,AR,AUXILIARY,PHT.09,ULTG ANGKE,GI 150kV ANGKE,PHT 150kV UGC MUARAKARANG LAMA#1,#1,,,Tidak Aktif,,,,,,,ASSET|GI 150KV ANGKE|PHT 150KV UGC MUARAKARANG LAMA#1|#1|?|?|TIDAK AKTIF,LOW,incomplete exact attributes; no fuzzy merge
Data Setting Penghantar UPT DKSBI.xlsx,AR,20,f0ba5b0036e47fb050940334d394bb217cdf81dcbdeea63e562db5b25048167c,2026-08-21,AR,AR,AR,AUXILIARY,PHT.10,ULTG ANGKE,GI 150kV ANGKE,PHT 150kV UGC MUARAKARANG LAMA#2,#2,,,Tidak Aktif,,,,,,,ASSET|GI 150KV ANGKE|PHT 150KV UGC MUARAKARANG LAMA#2|#2|?|?|TIDAK AKTIF,LOW,incomplete exact attributes; no fuzzy merge
Data Setting Penghantar UPT DKSBI.xlsx,AR,21,f0ba5b0036e47fb050940334d394bb217cdf81dcbdeea63e562db5b25048167c,2026-08-21,AR,AR,AR,AUXILIARY,PHT.11,ULTG ANGKE,GI 150kV DADAP,PHT 150kV LONTAR#1,#1,,,Internal,,,,,,,ASSET|GI 150KV DADAP|PHT 150KV LONTAR#1|#1|?|?|INTERNAL,LOW,incomplete exact attributes; no fuzzy merge
Data Setting Penghantar UPT DKSBI.xlsx,AR,22,f0ba5b0036e47fb050940334d394bb217cdf81dcbdeea63e562db5b25048167c,2026-08-21,AR,AR,AR,AUXILIARY,PHT.12,ULTG ANGKE,GI 150kV DADAP,PHT 150kV LONTAR#2,#2,,,Internal,,,,,,,ASSET|GI 150KV DADAP|PHT 150KV LONTAR#2|#2|?|?|INTERNAL,LOW,incomplete exact attributes; no fuzzy merge
Data Setting Penghantar UPT DKSBI.xlsx,AR,23,f0ba5b0036e47fb050940334d394bb217cdf81dcbdeea63e562db5b25048167c,2026-08-21,AR,AR,AR,AUXILIARY,PHT.13,ULTG ANGKE,GI 150kV DADAP,PHT 150kV TELUK NAGA#1,#1,,,Internal,,,,,,,ASSET|GI 150KV DADAP|PHT 150KV TELUK NAGA#1|#1|?|?|INTERNAL,LOW,incomplete exact attributes; no fuzzy merge
Data Setting Penghantar UPT DKSBI.xlsx,AR,24,f0ba5b0036e47fb050940334d394bb217cdf81dcbdeea63e562db5b25048167c,2026-08-21,AR,AR,AR,AUXILIARY,PHT.14,ULTG ANGKE,GI 150kV DADAP,PHT 150kV TELUK NAGA#2,#2,,,Internal,,,,,,,ASSET|GI 150KV DADAP|PHT 150KV TELUK NAGA#2|#2|?|?|INTERNAL,LOW,incomplete exact attributes; no fuzzy merge
Data Setting Penghantar UPT DKSBI.xlsx,AR,25,f0ba5b0036e47fb050940334d394bb217cdf81dcbdeea63e562db5b25048167c,2026-08-21,AR,AR,AR,AUXILIARY,PHT.15,ULTG ANGKE,GI 150kV MUARAKARANG BARU,PHT 150kV GIS MUARAKARANG BARU#1,#1,,,Tidak Aktif,,,,,,,ASSET|GI 150KV MUARAKARANG BARU|PHT 150KV GIS MUARAKARANG BARU#1|#1|?|?|TIDAK AKTIF,LOW,incomplete exact attributes; no fuzzy merge
Data Setting Penghantar UPT DKSBI.xlsx,AR,26,f0ba5b0036e47fb050940334d394bb217cdf81dcbdeea63e562db5b25048167c,2026-08-21,AR,AR,AR,AUXILIARY,PHT.16,ULTG ANGKE,GI 150kV MUARAKARANG BARU,PHT 150kV GIS MUARAKARANG BARU#2,#2,,,Tidak Aktif,,,,,,,ASSET|GI 150KV MUARAKARANG BARU|PHT 150KV GIS MUARAKARANG BARU#2|#2|?|?|TIDAK AKTIF,LOW,incomplete exact attributes; no fuzzy merge
Data Setting Penghantar UPT DKSBI.xlsx,AR,27,f0ba5b0036e47fb050940334d394bb217cdf81dcbdeea63e562db5b25048167c,2026-08-21,AR,AR,AR,AUXILIARY,PHT.17,ULTG ANGKE,GI 150kV MUARAKARANG BARU,PHT 150kV MUARAKARANG LAMA#1,#1,,,Tidak Aktif,,,,,,,ASSET|GI 150KV MUARAKARANG BARU|PHT 150KV MUARAKARANG LAMA#1|#1|?|?|TIDAK AKTIF,LOW,incomplete exact attributes; no fuzzy merge
Data Setting Penghantar UPT DKSBI.xlsx,AR,28,f0ba5b0036e47fb050940334d394bb217cdf81dcbdeea63e562db5b25048167c,2026-08-21,AR,AR,AR,AUXILIARY,PHT.18,ULTG ANGKE,GI 150kV MUARAKARANG BARU,PHT 150kV MUARAKARANG LAMA#2,#2,,,Tidak Aktif,,,,,,,ASSET|GI 150KV MUARAKARANG BARU|PHT 150KV MUARAKARANG LAMA#2|#2|?|?|TIDAK AKTIF,LOW,incomplete exact attributes; no fuzzy merge
Data Setting Penghantar UPT DKSBI.xlsx,AR,29,f0ba5b0036e47fb050940334d394bb217cdf81dcbdeea63e562db5b25048167c,2026-08-21,AR,AR,AR,AUXILIARY,PHT.19,ULTG ANGKE,GI 150kV MUARAKARANG LAMA,PHT 150kV ANGKE#1,#1,,,Tidak Aktif,,,,,,,ASSET|GI 150KV MUARAKARANG LAMA|PHT 150KV ANGKE#1|#1|?|?|TIDAK AKTIF,LOW,incomplete exact attributes; no fuzzy merge
Data Setting Penghantar UPT DKSBI.xlsx,AR,30,f0ba5b0036e47fb050940334d394bb217cdf81dcbdeea63e562db5b25048167c,2026-08-21,AR,AR,AR,AUXILIARY,PHT.20,ULTG ANGKE,GI 150kV MUARAKARANG LAMA,PHT 150kV ANGKE#2,#2,,,Tidak Aktif,,,,,,,ASSET|GI 150KV MUARAKARANG LAMA|PHT 150KV ANGKE#2|#2|?|?|TIDAK AKTIF,LOW,incomplete exact attributes; no fuzzy merge
Data Setting Penghantar UPT DKSBI.xlsx,AR,31,f0ba5b0036e47fb050940334d394bb217cdf81dcbdeea63e562db5b25048167c,2026-08-21,AR,AR,AR,AUXILIARY,PHT.21,ULTG ANGKE,GI 150kV MUARAKARANG LAMA,PHT 150kV BUDIKEMULYAN#1,#1,,,Tidak Aktif,,,,,,,ASSET|GI 150KV MUARAKARANG LAMA|PHT 150KV BUDIKEMULYAN#1|#1|?|?|TIDAK AKTIF,LOW,incomplete exact attributes; no fuzzy merge
Data Setting Penghantar UPT DKSBI.xlsx,AR,32,f0ba5b0036e47fb050940334d394bb217cdf81dcbdeea63e562db5b25048167c,2026-08-21,AR,AR,AR,AUXILIARY,PHT.22,ULTG ANGKE,GI 150kV MUARAKARANG LAMA,PHT 150kV BUDIKEMULYAN#2,#2,,,Tidak Aktif,,,,,,,ASSET|GI 150KV MUARAKARANG LAMA|PHT 150KV BUDIKEMULYAN#2|#2|?|?|TIDAK AKTIF,LOW,incomplete exact attributes; no fuzzy merge
Data Setting Penghantar UPT DKSBI.xlsx,AR,33,f0ba5b0036e47fb050940334d394bb217cdf81dcbdeea63e562db5b25048167c,2026-08-21,AR,AR,AR,AUXILIARY,PHT.23,ULTG ANGKE,GI 150kV MUARAKARANG LAMA,PHT 150kV MUARAKARANG BARU#1,#1,,,Tidak Aktif,,,,,,,ASSET|GI 150KV MUARAKARANG LAMA|PHT 150KV MUARAKARANG BARU#1|#1|?|?|TIDAK AKTIF,LOW,incomplete exact attributes; no fuzzy merge
Data Setting Penghantar UPT DKSBI.xlsx,AR,34,f0ba5b0036e47fb050940334d394bb217cdf81dcbdeea63e562db5b25048167c,2026-08-21,AR,AR,AR,AUXILIARY,PHT.24,ULTG ANGKE,GI 150kV MUARAKARANG LAMA,PHT 150kV MUARAKARANG BARU#2,#2,,,Tidak Aktif,,,,,,,ASSET|GI 150KV MUARAKARANG LAMA|PHT 150KV MUARAKARANG BARU#2|#2|?|?|TIDAK AKTIF,LOW,incomplete exact attributes; no fuzzy merge
Data Setting Penghantar UPT DKSBI.xlsx,AR,35,f0ba5b0036e47fb050940334d394bb217cdf81dcbdeea63e562db5b25048167c,2026-08-21,AR,AR,AR,AUXILIARY,PHT.25,ULTG ANGKE,GI 150kV MUARAKARANG LAMA,PHT 150kV UGC ANGKE#1,#1,,,Tidak Aktif,,,,,,,ASSET|GI 150KV MUARAKARANG LAMA|PHT 150KV UGC ANGKE#1|#1|?|?|TIDAK AKTIF,LOW,incomplete exact attributes; no fuzzy merge
Data Setting Penghantar UPT DKSBI.xlsx,AR,36,f0ba5b0036e47fb050940334d394bb217cdf81dcbdeea63e562db5b25048167c,2026-08-21,AR,AR,AR,AUXILIARY,PHT.26,ULTG ANGKE,GI 150kV MUARAKARANG LAMA,PHT 150kV UGC ANGKE#2,#2,,,Tidak Aktif,,,,,,,ASSET|GI 150KV MUARAKARANG LAMA|PHT 150KV UGC ANGKE#2|#2|?|?|TIDAK AKTIF,LOW,incomplete exact attributes; no fuzzy merge
Data Setting Penghantar UPT DKSBI.xlsx,AR,37,f0ba5b0036e47fb050940334d394bb217cdf81dcbdeea63e562db5b25048167c,2026-08-21,AR,AR,AR,AUXILIARY,PHT.27,ULTG ANGKE,GIS 150kV DAAN MOGOT,PHT 150kV DURIKOSAMBI#1,#1,,,Internal,,,,,,,ASSET|GIS 150KV DAAN MOGOT|PHT 150KV DURIKOSAMBI#1|#1|?|?|INTERNAL,LOW,incomplete exact attributes; no fuzzy merge
Data Setting Penghantar UPT DKSBI.xlsx,AR,38,f0ba5b0036e47fb050940334d394bb217cdf81dcbdeea63e562db5b25048167c,2026-08-21,AR,AR,AR,AUXILIARY,PHT.28,ULTG ANGKE,GIS 150kV DAAN MOGOT,PHT 150kV DURIKOSAMBI#2,#2,,,Internal,,,,,,,ASSET|GIS 150KV DAAN MOGOT|PHT 150KV DURIKOSAMBI#2|#2|?|?|INTERNAL,LOW,incomplete exact attributes; no fuzzy merge
Data Setting Penghantar UPT DKSBI.xlsx,AR,39,f0ba5b0036e47fb050940334d394bb217cdf81dcbdeea63e562db5b25048167c,2026-08-21,AR,AR,AR,AUXILIARY,PHT.29,ULTG ANGKE,GIS 150kV DAAN MOGOT,PHT 150kV PANTAI INDAH KAPUK#1,#1,,,Internal,,,,,,,ASSET|GIS 150KV DAAN MOGOT|PHT 150KV PANTAI INDAH KAPUK#1|#1|?|?|INTERNAL,LOW,incomplete exact attributes; no fuzzy merge
Data Setting Penghantar UPT DKSBI.xlsx,AR,40,f0ba5b0036e47fb050940334d394bb217cdf81dcbdeea63e562db5b25048167c,2026-08-21,AR,AR,AR,AUXILIARY,PHT.30,ULTG ANGKE,GIS 150kV DAAN MOGOT,PHT 150kV PANTAI INDAH KAPUK#2,#2,,,Internal,,,,,,,ASSET|GIS 150KV DAAN MOGOT|PHT 150KV PANTAI INDAH KAPUK#2|#2|?|?|INTERNAL,LOW,incomplete exact attributes; no fuzzy merge
Data Setting Penghantar UPT DKSBI.xlsx,AR,41,f0ba5b0036e47fb050940334d394bb217cdf81dcbdeea63e562db5b25048167c,2026-08-21,AR,AR,AR,AUXILIARY,PHT.31,ULTG ANGKE,GIS 150kV GROGOL,PHT 150kV GROGOL BARU#1,#1,,,Eksternal,Alsthom,LFAA 101,,Elektromekanik,,,ASSET|GIS 150KV GROGOL|PHT 150KV GROGOL BARU#1|#1|ALSTHOM|LFAA 101|EKSTERNAL,MEDIUM,exact normalized asset attributes
Data Setting Penghantar UPT DKSBI.xlsx,AR,42,f0ba5b0036e47fb050940334d394bb217cdf81dcbdeea63e562db5b25048167c,2026-08-21,AR,AR,AR,AUXILIARY,PHT.32,ULTG ANGKE,GIS 150kV GROGOL,PHT 150kV GROGOL BARU#2,#2,,,Eksternal,Alsthom,LFAA 101,,Elektromekanik,,,ASSET|GIS 150KV GROGOL|PHT 150KV GROGOL BARU#2|#2|ALSTHOM|LFAA 101|EKSTERNAL,MEDIUM,exact normalized asset attributes
Data Setting Penghantar UPT DKSBI.xlsx,AR,43,f0ba5b0036e47fb050940334d394bb217cdf81dcbdeea63e562db5b25048167c,2026-08-21,AR,AR,AR,AUXILIARY,PHT.33,ULTG ANGKE,GIS 150kV GROGOL,PHT 150kV TOMANG#1,#1,,,Tidak Aktif,,,,,,,ASSET|GIS 150KV GROGOL|PHT 150KV TOMANG#1|#1|?|?|TIDAK AKTIF,LOW,incomplete exact attributes; no fuzzy merge
Data Setting Penghantar UPT DKSBI.xlsx,AR,44,f0ba5b0036e47fb050940334d394bb217cdf81dcbdeea63e562db5b25048167c,2026-08-21,AR,AR,AR,AUXILIARY,PHT.34,ULTG ANGKE,GIS 150kV GROGOL,PHT 150kV TOMANG#2,#2,,,Tidak Aktif,,,,,,,ASSET|GIS 150KV GROGOL|PHT 150KV TOMANG#2|#2|?|?|TIDAK AKTIF,LOW,incomplete exact attributes; no fuzzy merge
Data Setting Penghantar UPT DKSBI.xlsx,AR,45,f0ba5b0036e47fb050940334d394bb217cdf81dcbdeea63e562db5b25048167c,2026-08-21,AR,AR,AR,AUXILIARY,PHT.35,ULTG ANGKE,GIS 150kV GROGOL BARU,PHT 150kV DURIKOSAMBI#1,#1,,,Internal,,,,,,,ASSET|GIS 150KV GROGOL BARU|PHT 150KV DURIKOSAMBI#1|#1|?|?|INTERNAL,LOW,incomplete exact attributes; no fuzzy merge
Data Setting Penghantar UPT DKSBI.xlsx,AR,46,f0ba5b0036e47fb050940334d394bb217cdf81dcbdeea63e562db5b25048167c,2026-08-21,AR,AR,AR,AUXILIARY,PHT.36,ULTG ANGKE,GIS 150kV GROGOL BARU,PHT 150kV DURIKOSAMBI#2,#2,,,Internal,,,,,,,ASSET|GIS 150KV GROGOL BARU|PHT 150KV DURIKOSAMBI#2|#2|?|?|INTERNAL,LOW,incomplete exact attributes; no fuzzy merge
Data Setting Penghantar UPT DKSBI.xlsx,AR,47,f0ba5b0036e47fb050940334d394bb217cdf81dcbdeea63e562db5b25048167c,2026-08-21,AR,AR,AR,AUXILIARY,PHT.37,ULTG ANGKE,GIS 150kV GROGOL BARU,PHT 150kV GROGOL#1,#1,,,Internal,,,,,,,ASSET|GIS 150KV GROGOL BARU|PHT 150KV GROGOL#1|#1|?|?|INTERNAL,LOW,incomplete exact attributes; no fuzzy merge
Data Setting Penghantar UPT DKSBI.xlsx,AR,48,f0ba5b0036e47fb050940334d394bb217cdf81dcbdeea63e562db5b25048167c,2026-08-21,AR,AR,AR,AUXILIARY,PHT.38,ULTG ANGKE,GIS 150kV GROGOL BARU,PHT 150kV GROGOL#2,#2,,,Internal,,,,,,,ASSET|GIS 150KV GROGOL BARU|PHT 150KV GROGOL#2|#2|?|?|INTERNAL,LOW,incomplete exact attributes; no fuzzy merge
Data Setting Penghantar UPT DKSBI.xlsx,AR,49,f0ba5b0036e47fb050940334d394bb217cdf81dcbdeea63e562db5b25048167c,2026-08-21,AR,AR,AR,AUXILIARY,PHT.39,ULTG ANGKE,GIS 150kV KEBON JERUK,PHT 150kV DURIKOSAMBI#1,#1,,,Tidak Aktif,,,,,,,ASSET|GIS 150KV KEBON JERUK|PHT 150KV DURIKOSAMBI#1|#1|?|?|TIDAK AKTIF,LOW,incomplete exact attributes; no fuzzy merge
Data Setting Penghantar UPT DKSBI.xlsx,AR,50,f0ba5b0036e47fb050940334d394bb217cdf81dcbdeea63e562db5b25048167c,2026-08-21,AR,AR,AR,AUXILIARY,PHT.40,ULTG ANGKE,GIS 150kV KEBON JERUK,PHT 150kV DURIKOSAMBI#2,#2,,,Tidak Aktif,,,,,,,ASSET|GIS 150KV KEBON JERUK|PHT 150KV DURIKOSAMBI#2|#2|?|?|TIDAK AKTIF,LOW,incomplete exact attributes; no fuzzy merge
Data Setting Penghantar UPT DKSBI.xlsx,AR,51,f0ba5b0036e47fb050940334d394bb217cdf81dcbdeea63e562db5b25048167c,2026-08-21,AR,AR,AR,AUXILIARY,PHT.41,ULTG ANGKE,GIS 150kV KEBON JERUK,PHT 150kV KARET BARU#1,#1,,,Tidak Aktif,,,,,,,ASSET|GIS 150KV KEBON JERUK|PHT 150KV KARET BARU#1|#1|?|?|TIDAK AKTIF,LOW,incomplete exact attributes; no fuzzy merge
Data Setting Penghantar UPT DKSBI.xlsx,AR,52,f0ba5b0036e47fb050940334d394bb217cdf81dcbdeea63e562db5b25048167c,2026-08-21,AR,AR,AR,AUXILIARY,PHT.42,ULTG ANGKE,GIS 150kV KEBON JERUK,PHT 150kV KARET BARU#2,#2,,,Tidak Aktif,,,,,,,ASSET|GIS 150KV KEBON JERUK|PHT 150KV KARET BARU#2|#2|?|?|TIDAK AKTIF,LOW,incomplete exact attributes; no fuzzy merge
Data Setting Penghantar UPT DKSBI.xlsx,AR,53,f0ba5b0036e47fb050940334d394bb217cdf81dcbdeea63e562db5b25048167c,2026-08-21,AR,AR,AR,AUXILIARY,PHT.43,ULTG ANGKE,GIS 150kV MUARAKARANG BARU,PHT 150kV MUARAKARANG BARU#1,#1,,,Tidak Aktif,,,,,,,ASSET|GIS 150KV MUARAKARANG BARU|PHT 150KV MUARAKARANG BARU#1|#1|?|?|TIDAK AKTIF,LOW,incomplete exact attributes; no fuzzy merge
Data Setting Penghantar UPT DKSBI.xlsx,AR,54,f0ba5b0036e47fb050940334d394bb217cdf81dcbdeea63e562db5b25048167c,2026-08-21,AR,AR,AR,AUXILIARY,PHT.44,ULTG ANGKE,GIS 150kV MUARAKARANG BARU,PHT 150kV MUARAKARANG BARU#2,#2,,,Tidak Aktif,,,,,,,ASSET|GIS 150KV MUARAKARANG BARU|PHT 150KV MUARAKARANG BARU#2|#2|?|?|TIDAK AKTIF,LOW,incomplete exact attributes; no fuzzy merge
Data Setting Penghantar UPT DKSBI.xlsx,AR,55,f0ba5b0036e47fb050940334d394bb217cdf81dcbdeea63e562db5b25048167c,2026-08-21,AR,AR,AR,AUXILIARY,PHT.45,ULTG ANGKE,GIS 150kV MUARAKARANG BARU,PHT 150kV PANTAI INDAH KAPUK#1,#1,,,Eksternal,Schneider,MICOM P841,,Numerik,,,ASSET|GIS 150KV MUARAKARANG BARU|PHT 150KV PANTAI INDAH KAPUK#1|#1|SCHNEIDER|MICOM P841|EKSTERNAL,MEDIUM,exact normalized asset attributes
Data Setting Penghantar UPT DKSBI.xlsx,AR,56,f0ba5b0036e47fb050940334d394bb217cdf81dcbdeea63e562db5b25048167c,2026-08-21,AR,AR,AR,AUXILIARY,PHT.46,ULTG ANGKE,GIS 150kV MUARAKARANG BARU,PHT 150kV PANTAI INDAH KAPUK#2,#2,,,Eksternal,Schneider,MICOM P841,,Numerik,,,ASSET|GIS 150KV MUARAKARANG BARU|PHT 150KV PANTAI INDAH KAPUK#2|#2|SCHNEIDER|MICOM P841|EKSTERNAL,MEDIUM,exact normalized asset attributes
Data Setting Penghantar UPT DKSBI.xlsx,AR,57,f0ba5b0036e47fb050940334d394bb217cdf81dcbdeea63e562db5b25048167c,2026-08-21,AR,AR,AR,AUXILIARY,PHT.47,ULTG ANGKE,GIS 150kV NEW SENAYAN,PHT 150kV KEMBANGAN#1,#1,,,Tidak Aktif,,,,,,,ASSET|GIS 150KV NEW SENAYAN|PHT 150KV KEMBANGAN#1|#1|?|?|TIDAK AKTIF,LOW,incomplete exact attributes; no fuzzy merge
Data Setting Penghantar UPT DKSBI.xlsx,AR,58,f0ba5b0036e47fb050940334d394bb217cdf81dcbdeea63e562db5b25048167c,2026-08-21,AR,AR,AR,AUXILIARY,PHT.48,ULTG ANGKE,GIS 150kV NEW SENAYAN,PHT 150kV KEMBANGAN#2,#2,,,Tidak Aktif,,,,,,,ASSET|GIS 150KV NEW SENAYAN|PHT 150KV KEMBANGAN#2|#2|?|?|TIDAK AKTIF,LOW,incomplete exact attributes; no fuzzy merge
Data Setting Penghantar UPT DKSBI.xlsx,AR,59,f0ba5b0036e47fb050940334d394bb217cdf81dcbdeea63e562db5b25048167c,2026-08-21,AR,AR,AR,AUXILIARY,PHT.49,ULTG ANGKE,GIS 150kV NEW SENAYAN,PHT 150kV SENAYAN#1,#1,,,Tidak Aktif,,,,,,,ASSET|GIS 150KV NEW SENAYAN|PHT 150KV SENAYAN#1|#1|?|?|TIDAK AKTIF,LOW,incomplete exact attributes; no fuzzy merge
Data Setting Penghantar UPT DKSBI.xlsx,AR,60,f0ba5b0036e47fb050940334d394bb217cdf81dcbdeea63e562db5b25048167c,2026-08-21,AR,AR,AR,AUXILIARY,PHT.50,ULTG ANGKE,GIS 150kV NEW SENAYAN,PHT 150kV SENAYAN#2,#2,,,Tidak Aktif,,,,,,,ASSET|GIS 150KV NEW SENAYAN|PHT 150KV SENAYAN#2|#2|?|?|TIDAK AKTIF,LOW,incomplete exact attributes; no fuzzy merge
Data Setting Penghantar UPT DKSBI.xlsx,AR,61,f0ba5b0036e47fb050940334d394bb217cdf81dcbdeea63e562db5b25048167c,2026-08-21,AR,AR,AR,AUXILIARY,PHT.51,ULTG ANGKE,GIS 150kV NEW SENAYAN,PHT 150kV ULUJAMI#1,#1,,,Tidak Aktif,,,,,,,ASSET|GIS 150KV NEW SENAYAN|PHT 150KV ULUJAMI#1|#1|?|?|TIDAK AKTIF,LOW,incomplete exact attributes; no fuzzy merge
Data Setting Penghantar UPT DKSBI.xlsx,AR,62,f0ba5b0036e47fb050940334d394bb217cdf81dcbdeea63e562db5b25048167c,2026-08-21,AR,AR,AR,AUXILIARY,PHT.52,ULTG ANGKE,GIS 150kV NEW SENAYAN,PHT 150kV ULUJAMI#2,#2,,,Tidak Aktif,,,,,,,ASSET|GIS 150KV NEW SENAYAN|PHT 150KV ULUJAMI#2|#2|?|?|TIDAK AKTIF,LOW,incomplete exact attributes; no fuzzy merge
Data Setting Penghantar UPT DKSBI.xlsx,AR,63,f0ba5b0036e47fb050940334d394bb217cdf81dcbdeea63e562db5b25048167c,2026-08-21,AR,AR,AR,AUXILIARY,PHT.53,ULTG ANGKE,GIS 150kV PANTAI INDAH KAPUK,PHT 150kV DAAN MOGOT#1,#1,,,Internal,Alstom,MiCom P545,197931U,Numerik,,,SERIAL|197931U,HIGH,exact normalized serial
Data Setting Penghantar UPT DKSBI.xlsx,AR,64,f0ba5b0036e47fb050940334d394bb217cdf81dcbdeea63e562db5b25048167c,2026-08-21,AR,AR,AR,AUXILIARY,PHT.54,ULTG ANGKE,GIS 150kV PANTAI INDAH KAPUK,PHT 150kV DAAN MOGOT#2,#2,,,Internal,,,,,,,ASSET|GIS 150KV PANTAI INDAH KAPUK|PHT 150KV DAAN MOGOT#2|#2|?|?|INTERNAL,LOW,incomplete exact attributes; no fuzzy merge
Data Setting Penghantar UPT DKSBI.xlsx,AR,65,f0ba5b0036e47fb050940334d394bb217cdf81dcbdeea63e562db5b25048167c,2026-08-21,AR,AR,AR,AUXILIARY,PHT.55,ULTG ANGKE,GIS 150kV PANTAI INDAH KAPUK,PHT 150kV GIS MUARAKARANG BARU#1,#1,,,Internal,,,,,,,ASSET|GIS 150KV PANTAI INDAH KAPUK|PHT 150KV GIS MUARAKARANG BARU#1|#1|?|?|INTERNAL,LOW,incomplete exact attributes; no fuzzy merge
Data Setting Penghantar UPT DKSBI.xlsx,AR,66,f0ba5b0036e47fb050940334d394bb217cdf81dcbdeea63e562db5b25048167c,2026-08-21,AR,AR,AR,AUXILIARY,PHT.56,ULTG ANGKE,GIS 150kV PANTAI INDAH KAPUK,PHT 150kV GIS MUARAKARANG BARU#2,#2,,,Internal,,,,,,,ASSET|GIS 150KV PANTAI INDAH KAPUK|PHT 150KV GIS MUARAKARANG BARU#2|#2|?|?|INTERNAL,LOW,incomplete exact attributes; no fuzzy merge
Data Setting Penghantar UPT DKSBI.xlsx,AR,67,f0ba5b0036e47fb050940334d394bb217cdf81dcbdeea63e562db5b25048167c,2026-08-21,AR,AR,AR,AUXILIARY,PHT.57,ULTG ANGKE,GIS 150kV TOMANG,PHT 150kV GROGOL#1,#1,,,Tidak Aktif,,,,,,,ASSET|GIS 150KV TOMANG|PHT 150KV GROGOL#1|#1|?|?|TIDAK AKTIF,LOW,incomplete exact attributes; no fuzzy merge
Data Setting Penghantar UPT DKSBI.xlsx,AR,68,f0ba5b0036e47fb050940334d394bb217cdf81dcbdeea63e562db5b25048167c,2026-08-21,AR,AR,AR,AUXILIARY,PHT.58,ULTG ANGKE,GIS 150kV TOMANG,PHT 150kV GROGOL#2,#2,,,Tidak Aktif,,,,,,,ASSET|GIS 150KV TOMANG|PHT 150KV GROGOL#2|#2|?|?|TIDAK AKTIF,LOW,incomplete exact attributes; no fuzzy merge
Data Setting Penghantar UPT DKSBI.xlsx,AR,69,f0ba5b0036e47fb050940334d394bb217cdf81dcbdeea63e562db5b25048167c,2026-08-21,AR,AR,AR,AUXILIARY,PHT.59,ULTG ANGKE,GIS 150kV ULUJAMI,PHT 150kV NEW SENAYAN#1,#1,,,Tidak Aktif,,,,,,,ASSET|GIS 150KV ULUJAMI|PHT 150KV NEW SENAYAN#1|#1|?|?|TIDAK AKTIF,LOW,incomplete exact attributes; no fuzzy merge
Data Setting Penghantar UPT DKSBI.xlsx,AR,70,f0ba5b0036e47fb050940334d394bb217cdf81dcbdeea63e562db5b25048167c,2026-08-21,AR,AR,AR,AUXILIARY,PHT.60,ULTG ANGKE,GIS 150kV ULUJAMI,PHT 150kV NEW SENAYAN#2,#2,,,Tidak Aktif,,,,,,,ASSET|GIS 150KV ULUJAMI|PHT 150KV NEW SENAYAN#2|#2|?|?|TIDAK AKTIF,LOW,incomplete exact attributes; no fuzzy merge
Data Setting Penghantar UPT DKSBI.xlsx,AR,71,f0ba5b0036e47fb050940334d394bb217cdf81dcbdeea63e562db5b25048167c,2026-08-21,AR,AR,AR,AUXILIARY,PHT.61,ULTG ANGKE,GISTET 500kV MUARAKARANG BARU,PHT 500kV DURIKOSAMBI#1,#1,,,Eksternal,,,,,,,ASSET|GISTET 500KV MUARAKARANG BARU|PHT 500KV DURIKOSAMBI#1|#1|?|?|EKSTERNAL,LOW,incomplete exact attributes; no fuzzy merge
Data Setting Penghantar UPT DKSBI.xlsx,AR,72,f0ba5b0036e47fb050940334d394bb217cdf81dcbdeea63e562db5b25048167c,2026-08-21,AR,AR,AR,AUXILIARY,PHT.62,ULTG ANGKE,GISTET 500kV MUARAKARANG BARU,PHT 500kV DURIKOSAMBI#2,#2,,,Eksternal,,,,,,,ASSET|GISTET 500KV MUARAKARANG BARU|PHT 500KV DURIKOSAMBI#2|#2|?|?|EKSTERNAL,LOW,incomplete exact attributes; no fuzzy merge
Data Setting Penghantar UPT DKSBI.xlsx,AR,73,f0ba5b0036e47fb050940334d394bb217cdf81dcbdeea63e562db5b25048167c,2026-08-21,AR,AR,AR,AUXILIARY,PHT.63,ULTG ANGKE,GISTET 500kV MUARAKARANG BARU,PHT 500kV DURIKOSAMBI#1,#1,,,Eksternal,,,,,,,ASSET|GISTET 500KV MUARAKARANG BARU|PHT 500KV DURIKOSAMBI#1|#1|?|?|EKSTERNAL,LOW,incomplete exact attributes; no fuzzy merge
Data Setting Penghantar UPT DKSBI.xlsx,AR,74,f0ba5b0036e47fb050940334d394bb217cdf81dcbdeea63e562db5b25048167c,2026-08-21,AR,AR,AR,AUXILIARY,PHT.64,ULTG ANGKE,GISTET 500kV MUARAKARANG BARU,PHT 500kV DURIKOSAMBI#2,#2,,,Eksternal,,,,,,,ASSET|GISTET 500KV MUARAKARANG BARU|PHT 500KV DURIKOSAMBI#2|#2|?|?|EKSTERNAL,LOW,incomplete exact attributes; no fuzzy merge
Data Setting Penghantar UPT DKSBI.xlsx,AR,75,f0ba5b0036e47fb050940334d394bb217cdf81dcbdeea63e562db5b25048167c,2026-08-21,AR,AR,AR,AUXILIARY,PHT.65,ULTG ANGKE,GISTET 500kV MUARAKARANG BARU,PHT 500kV TANJUNG PRIOK#1,#1,,,Eksternal,,,,,,,ASSET|GISTET 500KV MUARAKARANG BARU|PHT 500KV TANJUNG PRIOK#1|#1|?|?|EKSTERNAL,LOW,incomplete exact attributes; no fuzzy merge
Data Setting Penghantar UPT DKSBI.xlsx,AR,76,f0ba5b0036e47fb050940334d394bb217cdf81dcbdeea63e562db5b25048167c,2026-08-21,AR,AR,AR,AUXILIARY,PHT.66,ULTG ANGKE,GISTET 500kV MUARAKARANG BARU,PHT 500kV TANJUNG PRIOK#2,#2,,,Eksternal,,,,,,,ASSET|GISTET 500KV MUARAKARANG BARU|PHT 500KV TANJUNG PRIOK#2|#2|?|?|EKSTERNAL,LOW,incomplete exact attributes; no fuzzy merge
Data Setting Penghantar UPT DKSBI.xlsx,AR,77,f0ba5b0036e47fb050940334d394bb217cdf81dcbdeea63e562db5b25048167c,2026-08-21,AR,AR,AR,AUXILIARY,PHT.67,ULTG ANGKE,GISTET 500kV MUARAKARANG BARU,PHT 500kV TANJUNG PRIOK#1,#1,,,Eksternal,,,,,,,ASSET|GISTET 500KV MUARAKARANG BARU|PHT 500KV TANJUNG PRIOK#1|#1|?|?|EKSTERNAL,LOW,incomplete exact attributes; no fuzzy merge
Data Setting Penghantar UPT DKSBI.xlsx,AR,78,f0ba5b0036e47fb050940334d394bb217cdf81dcbdeea63e562db5b25048167c,2026-08-21,AR,AR,AR,AUXILIARY,PHT.68,ULTG ANGKE,GISTET 500kV MUARAKARANG BARU,PHT 500kV TANJUNG PRIOK#2,#2,,,Eksternal,,,,,,,ASSET|GISTET 500KV MUARAKARANG BARU|PHT 500KV TANJUNG PRIOK#2|#2|?|?|EKSTERNAL,LOW,incomplete exact attributes; no fuzzy merge
Data Setting Penghantar UPT DKSBI.xlsx,AR,79,f0ba5b0036e47fb050940334d394bb217cdf81dcbdeea63e562db5b25048167c,2026-08-21,AR,AR,AR,AUXILIARY,PHT.69,ULTG CITRA RAYA,GI 150kV CURUG,PHT 150kV CIKUPA#1,#1,,,Tidak Aktif,,,,,,,ASSET|GI 150KV CURUG|PHT 150KV CIKUPA#1|#1|?|?|TIDAK AKTIF,LOW,incomplete exact attributes; no fuzzy merge
Data Setting Penghantar UPT DKSBI.xlsx,AR,80,f0ba5b0036e47fb050940334d394bb217cdf81dcbdeea63e562db5b25048167c,2026-08-21,AR,AR,AR,AUXILIARY,PHT.70,ULTG CITRA RAYA,GI 150kV CURUG,PHT 150kV CIKUPA#2,#2,,,Tidak Aktif,,,,,,,ASSET|GI 150KV CURUG|PHT 150KV CIKUPA#2|#2|?|?|TIDAK AKTIF,LOW,incomplete exact attributes; no fuzzy merge
Data Setting Penghantar UPT DKSBI.xlsx,AR,81,f0ba5b0036e47fb050940334d394bb217cdf81dcbdeea63e562db5b25048167c,2026-08-21,AR,AR,AR,AUXILIARY,PHT.71,ULTG CITRA RAYA,GI 150kV CURUG,PHT 150kV SUMMARECON GADING SERPONG#1,#1,,,Tidak Aktif,,,,,,,ASSET|GI 150KV CURUG|PHT 150KV SUMMARECON GADING SERPONG#1|#1|?|?|TIDAK AKTIF,LOW,incomplete exact attributes; no fuzzy merge
Data Setting Penghantar UPT DKSBI.xlsx,AR,82,f0ba5b0036e47fb050940334d394bb217cdf81dcbdeea63e562db5b25048167c,2026-08-21,AR,AR,AR,AUXILIARY,PHT.72,ULTG CITRA RAYA,GI 150kV CURUG,PHT 150kV SUMMARECON GADING SERPONG#2,#2,,,Tidak Aktif,,,,,,,ASSET|GI 150KV CURUG|PHT 150KV SUMMARECON GADING SERPONG#2|#2|?|?|TIDAK AKTIF,LOW,incomplete exact attributes; no fuzzy merge
Data Setting Penghantar UPT DKSBI.xlsx,AR,83,f0ba5b0036e47fb050940334d394bb217cdf81dcbdeea63e562db5b25048167c,2026-08-21,AR,AR,AR,AUXILIARY,PHT.73,ULTG CITRA RAYA,GI 150kV GAJAH TUNGGAL,PHT 150kV PASAR KEMIS,#1,,,,,,,,,,ASSET|GI 150KV GAJAH TUNGGAL|PHT 150KV PASAR KEMIS|#1|?|?|?,LOW,incomplete exact attributes; no fuzzy merge
Data Setting Penghantar UPT DKSBI.xlsx,AR,84,f0ba5b0036e47fb050940334d394bb217cdf81dcbdeea63e562db5b25048167c,2026-08-21,AR,AR,AR,AUXILIARY,PHT.74,ULTG CITRA RAYA,GI 150kV GAJAH TUNGGAL,PHT 150kV PASAR KEMIS BARU,#1,,,Internal,,,,,,,ASSET|GI 150KV GAJAH TUNGGAL|PHT 150KV PASAR KEMIS BARU|#1|?|?|INTERNAL,LOW,incomplete exact attributes; no fuzzy merge
Data Setting Penghantar UPT DKSBI.xlsx,AR,85,f0ba5b0036e47fb050940334d394bb217cdf81dcbdeea63e562db5b25048167c,2026-08-21,AR,AR,AR,AUXILIARY,PHT.75,ULTG CITRA RAYA,GI 150kV ITS,PHT 150kV TANGERANG BARU,#1,,,Internal,,,,,,,ASSET|GI 150KV ITS|PHT 150KV TANGERANG BARU|#1|?|?|INTERNAL,LOW,incomplete exact attributes; no fuzzy merge
Data Setting Penghantar UPT DKSBI.xlsx,AR,86,f0ba5b0036e47fb050940334d394bb217cdf81dcbdeea63e562db5b25048167c,2026-08-21,AR,AR,AR,AUXILIARY,PHT.76,ULTG CITRA RAYA,GI 150kV ITS,PHT 150kV CENGKARENG BARU,#1,,,Internal,,,,,,,ASSET|GI 150KV ITS|PHT 150KV CENGKARENG BARU|#1|?|?|INTERNAL,LOW,incomplete exact attributes; no fuzzy merge
Data Setting Penghantar UPT DKSBI.xlsx,AR,87,f0ba5b0036e47fb050940334d394bb217cdf81dcbdeea63e562db5b25048167c,2026-08-21,AR,AR,AR,AUXILIARY,PHT.77,ULTG CITRA RAYA,GI 150kV ITS,PHT 150kV KONSUMEN,#1,,,Tidak Aktif,,,,,,,ASSET|GI 150KV ITS|PHT 150KV KONSUMEN|#1|?|?|TIDAK AKTIF,LOW,incomplete exact attributes; no fuzzy merge
Data Setting Penghantar UPT DKSBI.xlsx,AR,88,f0ba5b0036e47fb050940334d394bb217cdf81dcbdeea63e562db5b25048167c,2026-08-21,AR,AR,AR,AUXILIARY,PHT.78,ULTG CITRA RAYA,GI 150kV JATAKE,PHT 150kV CIKUPA#1,#1,,,,,,,,,,ASSET|GI 150KV JATAKE|PHT 150KV CIKUPA#1|#1|?|?|?,LOW,incomplete exact attributes; no fuzzy merge
Data Setting Penghantar UPT DKSBI.xlsx,AR,89,f0ba5b0036e47fb050940334d394bb217cdf81dcbdeea63e562db5b25048167c,2026-08-21,AR,AR,AR,AUXILIARY,PHT.79,ULTG CITRA RAYA,GI 150kV JATAKE,PHT 150kV CIKUPA#2,#2,,,,,,,,,,ASSET|GI 150KV JATAKE|PHT 150KV CIKUPA#2|#2|?|?|?,LOW,incomplete exact attributes; no fuzzy merge
Data Setting Penghantar UPT DKSBI.xlsx,AR,90,f0ba5b0036e47fb050940334d394bb217cdf81dcbdeea63e562db5b25048167c,2026-08-21,AR,AR,AR,AUXILIARY,PHT.80,ULTG CITRA RAYA,GI 150kV JATAKE,PHT 150kV JATAKE BARU#1,#1,,,Internal,,,,,,,ASSET|GI 150KV JATAKE|PHT 150KV JATAKE BARU#1|#1|?|?|INTERNAL,LOW,incomplete exact attributes; no fuzzy merge
Data Setting Penghantar UPT DKSBI.xlsx,AR,91,f0ba5b0036e47fb050940334d394bb217cdf81dcbdeea63e562db5b25048167c,2026-08-21,AR,AR,AR,AUXILIARY,PHT.81,ULTG CITRA RAYA,GI 150kV JATAKE,PHT 150kV JATAKE BARU#2,#2,,,Internal,,,,,,,ASSET|GI 150KV JATAKE|PHT 150KV JATAKE BARU#2|#2|?|?|INTERNAL,LOW,incomplete exact attributes; no fuzzy merge
Data Setting Penghantar UPT DKSBI.xlsx,AR,92,f0ba5b0036e47fb050940334d394bb217cdf81dcbdeea63e562db5b25048167c,2026-08-21,AR,AR,AR,AUXILIARY,PHT.82,ULTG CITRA RAYA,GI 150kV JATAKE,PHT 150kV MAXIMANGANDO#1,#1,,,Tidak Aktif,Alstom,MiCom P442,31830604/07/11,Numerik,,,SERIAL|31830604/07/11,HIGH,exact normalized serial
Data Setting Penghantar UPT DKSBI.xlsx,AR,93,f0ba5b0036e47fb050940334d394bb217cdf81dcbdeea63e562db5b25048167c,2026-08-21,AR,AR,AR,AUXILIARY,PHT.83,ULTG CITRA RAYA,GI 150kV JATAKE,PHT 150kV MAXIMANGANDO#2,#2,,,Tidak Aktif,Alstom,MiCom P442,31830509/07/11,Numerik,,,SERIAL|31830509/07/11,HIGH,exact normalized serial
Data Setting Penghantar UPT DKSBI.xlsx,AR,94,f0ba5b0036e47fb050940334d394bb217cdf81dcbdeea63e562db5b25048167c,2026-08-21,AR,AR,AR,AUXILIARY,PHT.84,ULTG CITRA RAYA,GI 150kV JATAKE,PHT 150kV MAXIMANGANDO#1,#1,,,Tidak Aktif,,,,,,,ASSET|GI 150KV JATAKE|PHT 150KV MAXIMANGANDO#1|#1|?|?|TIDAK AKTIF,LOW,incomplete exact attributes; no fuzzy merge
Data Setting Penghantar UPT DKSBI.xlsx,AR,95,f0ba5b0036e47fb050940334d394bb217cdf81dcbdeea63e562db5b25048167c,2026-08-21,AR,AR,AR,AUXILIARY,PHT.85,ULTG CITRA RAYA,GI 150kV JATAKE,PHT 150kV MAXIMANGANDO#2,#2,,,Tidak Aktif,,,,,,,ASSET|GI 150KV JATAKE|PHT 150KV MAXIMANGANDO#2|#2|?|?|TIDAK AKTIF,LOW,incomplete exact attributes; no fuzzy merge
Data Setting Penghantar UPT DKSBI.xlsx,AR,96,f0ba5b0036e47fb050940334d394bb217cdf81dcbdeea63e562db5b25048167c,2026-08-21,AR,AR,AR,AUXILIARY,PHT.86,ULTG CITRA RAYA,GI 150kV MAXIMANGANDO,PHT 150kV JATAKE#1,#1,,,Tidak Aktif,NR,PCS-931,,Numerik,2021.0,,ASSET|GI 150KV MAXIMANGANDO|PHT 150KV JATAKE#1|#1|NR|PCS-931|TIDAK AKTIF,MEDIUM,exact normalized asset attributes
Data Setting Penghantar UPT DKSBI.xlsx,AR,97,f0ba5b0036e47fb050940334d394bb217cdf81dcbdeea63e562db5b25048167c,2026-08-21,AR,AR,AR,AUXILIARY,PHT.87,ULTG CITRA RAYA,GI 150kV MAXIMANGANDO,PHT 150kV JATAKE#2,#2,,,Tidak Aktif,NR,PCS-931,,Numerik,2021.0,,ASSET|GI 150KV MAXIMANGANDO|PHT 150KV JATAKE#2|#2|NR|PCS-931|TIDAK AKTIF,MEDIUM,exact normalized asset attributes
Data Setting Penghantar UPT DKSBI.xlsx,AR,98,f0ba5b0036e47fb050940334d394bb217cdf81dcbdeea63e562db5b25048167c,2026-08-21,AR,AR,AR,AUXILIARY,PHT.88,ULTG CITRA RAYA,GI 150kV MAXIMANGANDO,PHT 150kV JATAKE#1,#1,,,Tidak Aktif,,,,,,,ASSET|GI 150KV MAXIMANGANDO|PHT 150KV JATAKE#1|#1|?|?|TIDAK AKTIF,LOW,incomplete exact attributes; no fuzzy merge
Data Setting Penghantar UPT DKSBI.xlsx,AR,99,f0ba5b0036e47fb050940334d394bb217cdf81dcbdeea63e562db5b25048167c,2026-08-21,AR,AR,AR,AUXILIARY,PHT.89,ULTG CITRA RAYA,GI 150kV MAXIMANGANDO,PHT 150kV JATAKE#2,#2,,,Tidak Aktif,,,,,,,ASSET|GI 150KV MAXIMANGANDO|PHT 150KV JATAKE#2|#2|?|?|TIDAK AKTIF,LOW,incomplete exact attributes; no fuzzy merge
Data Setting Penghantar UPT DKSBI.xlsx,AR,100,f0ba5b0036e47fb050940334d394bb217cdf81dcbdeea63e562db5b25048167c,2026-08-21,AR,AR,AR,AUXILIARY,PHT.90,ULTG CITRA RAYA,GI 150kV SINDANG JAYA,PHT 150kV BALARAJA#1,#1,,,Internal,NR,PCS-931,,Numerik,2021.0,,ASSET|GI 150KV SINDANG JAYA|PHT 150KV BALARAJA#1|#1|NR|PCS-931|INTERNAL,MEDIUM,exact normalized asset attributes
Data Setting Penghantar UPT DKSBI.xlsx,AR,101,f0ba5b0036e47fb050940334d394bb217cdf81dcbdeea63e562db5b25048167c,2026-08-21,AR,AR,AR,AUXILIARY,PHT.91,ULTG CITRA RAYA,GI 150kV SINDANG JAYA,PHT 150kV BALARAJA#2,#2,,,Internal,NR,PCS-931,,Numerik,2021.0,,ASSET|GI 150KV SINDANG JAYA|PHT 150KV BALARAJA#2|#2|NR|PCS-931|INTERNAL,MEDIUM,exact normalized asset attributes
Data Setting Penghantar UPT DKSBI.xlsx,AR,102,f0ba5b0036e47fb050940334d394bb217cdf81dcbdeea63e562db5b25048167c,2026-08-21,AR,AR,AR,AUXILIARY,PHT.92,ULTG CITRA RAYA,GI 150kV SINDANG JAYA,PHT 150kV LONTAR#1,#1,,,Internal,NR,PCS-931,,Numerik,2021.0,,ASSET|GI 150KV SINDANG JAYA|PHT 150KV LONTAR#1|#1|NR|PCS-931|INTERNAL,MEDIUM,exact normalized asset attributes
Data Setting Penghantar UPT DKSBI.xlsx,AR,103,f0ba5b0036e47fb050940334d394bb217cdf81dcbdeea63e562db5b25048167c,2026-08-21,AR,AR,AR,AUXILIARY,PHT.93,ULTG CITRA RAYA,GI 150kV SINDANG JAYA,PHT 150kV LONTAR#2,#2,,,Internal,NR,PCS-931,,Numerik,2021.0,,ASSET|GI 150KV SINDANG JAYA|PHT 150KV LONTAR#2|#2|NR|PCS-931|INTERNAL,MEDIUM,exact normalized asset attributes
Data Setting Penghantar UPT DKSBI.xlsx,AR,104,f0ba5b0036e47fb050940334d394bb217cdf81dcbdeea63e562db5b25048167c,2026-08-21,AR,AR,AR,AUXILIARY,PHT.94,ULTG CITRA RAYA,GI 150kV SINDANG JAYA,PHT 150kV SUVARNA SUTERA#1,#1,,,Internal,,,,,,,ASSET|GI 150KV SINDANG JAYA|PHT 150KV SUVARNA SUTERA#1|#1|?|?|INTERNAL,LOW,incomplete exact attributes; no fuzzy merge
Data Setting Penghantar UPT DKSBI.xlsx,AR,105,f0ba5b0036e47fb050940334d394bb217cdf81dcbdeea63e562db5b25048167c,2026-08-21,AR,AR,AR,AUXILIARY,PHT.95,ULTG CITRA RAYA,GI 150kV SINDANG JAYA,PHT 150kV SUVARNA SUTERA#2,#2,,,Internal,,,,,,,ASSET|GI 150KV SINDANG JAYA|PHT 150KV SUVARNA SUTERA#2|#2|?|?|INTERNAL,LOW,incomplete exact attributes; no fuzzy merge
Data Setting Penghantar UPT DKSBI.xlsx,AR,106,f0ba5b0036e47fb050940334d394bb217cdf81dcbdeea63e562db5b25048167c,2026-08-21,AR,AR,AR,AUXILIARY,PHT.96,ULTG CITRA RAYA,GI 150kV TANGERANG BARU,PHT 150kV LONTAR#1,#1,,,Eksternal,Areva,KAVR 13,,Elektromekanik,,,ASSET|GI 150KV TANGERANG BARU|PHT 150KV LONTAR#1|#1|AREVA|KAVR 13|EKSTERNAL,MEDIUM,exact normalized asset attributes
Data Setting Penghantar UPT DKSBI.xlsx,AR,107,f0ba5b0036e47fb050940334d394bb217cdf81dcbdeea63e562db5b25048167c,2026-08-21,AR,AR,AR,AUXILIARY,PHT.97,ULTG CITRA RAYA,GI 150kV TANGERANG BARU,PHT 150kV LONTAR#2,#2,,,Eksternal,Areva,KAVR 13,,Elektromekanik,,,ASSET|GI 150KV TANGERANG BARU|PHT 150KV LONTAR#2|#2|AREVA|KAVR 13|EKSTERNAL,MEDIUM,exact normalized asset attributes
Data Setting Penghantar UPT DKSBI.xlsx,AR,108,f0ba5b0036e47fb050940334d394bb217cdf81dcbdeea63e562db5b25048167c,2026-08-21,AR,AR,AR,AUXILIARY,PHT.98,ULTG CITRA RAYA,GI 150kV TANGERANG BARU,PHT 150kV ITS,#1,,,Eksternal,Areva,KAVR 13,3354779/02/09,Elektromekanik,,,SERIAL|3354779/02/09,HIGH,exact normalized serial
Data Setting Penghantar UPT DKSBI.xlsx,AR,109,f0ba5b0036e47fb050940334d394bb217cdf81dcbdeea63e562db5b25048167c,2026-08-21,AR,AR,AR,AUXILIARY,PHT.99,ULTG CITRA RAYA,GI 150kV TANGERANG BARU,PHT 150kV CENGKARENG BARU,#1,,,Eksternal,Areva,KAVR 13,3354778/02/09,Elektromekanik,,,SERIAL|3354778/02/09,HIGH,exact normalized serial
Data Setting Penghantar UPT DKSBI.xlsx,AR,110,f0ba5b0036e47fb050940334d394bb217cdf81dcbdeea63e562db5b25048167c,2026-08-21,AR,AR,AR,AUXILIARY,PHT.100,ULTG CITRA RAYA,GI 150kV TELUK NAGA,PHT 150kV DADAP#1,#1,,,Eksternal,Areva,KAVR 13,3354784/02/09,Elektromekanik,,,SERIAL|3354784/02/09,HIGH,exact normalized serial
Data Setting Penghantar UPT DKSBI.xlsx,AR,111,f0ba5b0036e47fb050940334d394bb217cdf81dcbdeea63e562db5b25048167c,2026-08-21,AR,AR,AR,AUXILIARY,PHT.101,ULTG CITRA RAYA,GI 150kV TELUK NAGA,PHT 150kV DADAP#2,#2,,,Eksternal,Areva,KAVR 13,3354775/02/09,Elektromekanik,,,SERIAL|3354775/02/09,HIGH,exact normalized serial
Data Setting Penghantar UPT DKSBI.xlsx,AR,112,f0ba5b0036e47fb050940334d394bb217cdf81dcbdeea63e562db5b25048167c,2026-08-21,AR,AR,AR,AUXILIARY,PHT.102,ULTG CITRA RAYA,GI 150kV TELUK NAGA,PHT 150kV SEPATAN#1,#1,,,Internal,Alsthom,LFAA 101,690036F,Elektromekanik,,,SERIAL|690036F,HIGH,exact normalized serial
Data Setting Penghantar UPT DKSBI.xlsx,AR,113,f0ba5b0036e47fb050940334d394bb217cdf81dcbdeea63e562db5b25048167c,2026-08-21,AR,AR,AR,AUXILIARY,PHT.103,ULTG CITRA RAYA,GI 150kV TELUK NAGA,PHT 150kV SEPATAN#2,#2,,,Internal,Alsthom,LFAA 101,690047F,Elektromekanik,,,SERIAL|690047F,HIGH,exact normalized serial
Data Setting Penghantar UPT DKSBI.xlsx,AR,114,f0ba5b0036e47fb050940334d394bb217cdf81dcbdeea63e562db5b25048167c,2026-08-21,AR,AR,AR,AUXILIARY,PHT.104,ULTG CITRA RAYA,GIS 150kV JATAKE BARU,PHT 150kV JATAKE#1,#1,,,Internal,NR,PCS-931,,Numerik,2021.0,,ASSET|GIS 150KV JATAKE BARU|PHT 150KV JATAKE#1|#1|NR|PCS-931|INTERNAL,MEDIUM,exact normalized asset attributes
Data Setting Penghantar UPT DKSBI.xlsx,AR,115,f0ba5b0036e47fb050940334d394bb217cdf81dcbdeea63e562db5b25048167c,2026-08-21,AR,AR,AR,AUXILIARY,PHT.105,ULTG CITRA RAYA,GIS 150kV JATAKE BARU,PHT 150kV JATAKE#2,#2,,,Internal,NR,PCS-931,,Numerik,2021.0,,ASSET|GIS 150KV JATAKE BARU|PHT 150KV JATAKE#2|#2|NR|PCS-931|INTERNAL,MEDIUM,exact normalized asset attributes
Data Setting Penghantar UPT DKSBI.xlsx,AR,116,f0ba5b0036e47fb050940334d394bb217cdf81dcbdeea63e562db5b25048167c,2026-08-21,AR,AR,AR,AUXILIARY,PHT.106,ULTG CITRA RAYA,GIS 150kV JATAKE BARU,PHT 150kV TANGERANG#1,#1,,,Internal,NR,PCS-931,,Numerik,2021.0,,ASSET|GIS 150KV JATAKE BARU|PHT 150KV TANGERANG#1|#1|NR|PCS-931|INTERNAL,MEDIUM,exact normalized asset attributes
Data Setting Penghantar UPT DKSBI.xlsx,AR,117,f0ba5b0036e47fb050940334d394bb217cdf81dcbdeea63e562db5b25048167c,2026-08-21,AR,AR,AR,AUXILIARY,PHT.107,ULTG CITRA RAYA,GIS 150kV JATAKE BARU,PHT 150kV TANGERANG#2,#2,,,Internal,NR,PCS-931,,Numerik,2021.0,,ASSET|GIS 150KV JATAKE BARU|PHT 150KV TANGERANG#2|#2|NR|PCS-931|INTERNAL,MEDIUM,exact normalized asset attributes
Data Setting Penghantar UPT DKSBI.xlsx,AR,118,f0ba5b0036e47fb050940334d394bb217cdf81dcbdeea63e562db5b25048167c,2026-08-21,AR,AR,AR,AUXILIARY,PHT.108,ULTG CITRA RAYA,GIS 150kV LONTAR,PHT 150kV SINDANG JAYA#1,#1,,,Eksternal,Schneider,MICOM P841,,Numerik,2021.0,,ASSET|GIS 150KV LONTAR|PHT 150KV SINDANG JAYA#1|#1|SCHNEIDER|MICOM P841|EKSTERNAL,MEDIUM,exact normalized asset attributes
Data Setting Penghantar UPT DKSBI.xlsx,AR,119,f0ba5b0036e47fb050940334d394bb217cdf81dcbdeea63e562db5b25048167c,2026-08-21,AR,AR,AR,AUXILIARY,PHT.109,ULTG CITRA RAYA,GIS 150kV LONTAR,PHT 150kV SINDANG JAYA#2,#2,,,Eksternal,Schneider,MICOM P841,,Numerik,2021.0,,ASSET|GIS 150KV LONTAR|PHT 150KV SINDANG JAYA#2|#2|SCHNEIDER|MICOM P841|EKSTERNAL,MEDIUM,exact normalized asset attributes
Data Setting Penghantar UPT DKSBI.xlsx,AR,120,f0ba5b0036e47fb050940334d394bb217cdf81dcbdeea63e562db5b25048167c,2026-08-21,AR,AR,AR,AUXILIARY,PHT.110,ULTG CITRA RAYA,GIS 150kV LONTAR,PHT 150kV DADAP#1,#1,,,Eksternal,NR,CZX-22,,Numerik,,,ASSET|GIS 150KV LONTAR|PHT 150KV DADAP#1|#1|NR|CZX-22|EKSTERNAL,MEDIUM,exact normalized asset attributes
Data Setting Penghantar UPT DKSBI.xlsx,AR,121,f0ba5b0036e47fb050940334d394bb217cdf81dcbdeea63e562db5b25048167c,2026-08-21,AR,AR,AR,AUXILIARY,PHT.111,ULTG CITRA RAYA,GIS 150kV LONTAR,PHT 150kV DADAP#2,#2,,,Eksternal,NR,CZX-22,,Numerik,,,ASSET|GIS 150KV LONTAR|PHT 150KV DADAP#2|#2|NR|CZX-22|EKSTERNAL,MEDIUM,exact normalized asset attributes
Data Setting Penghantar UPT DKSBI.xlsx,AR,122,f0ba5b0036e47fb050940334d394bb217cdf81dcbdeea63e562db5b25048167c,2026-08-21,AR,AR,AR,AUXILIARY,PHT.112,ULTG CITRA RAYA,GIS 150kV LONTAR,PHT 150kV TANGERANG BARU#1,#1,,,Eksternal,NR,CZX-22,,Numerik,,,ASSET|GIS 150KV LONTAR|PHT 150KV TANGERANG BARU#1|#1|NR|CZX-22|EKSTERNAL,MEDIUM,exact normalized asset attributes
Data Setting Penghantar UPT DKSBI.xlsx,AR,123,f0ba5b0036e47fb050940334d394bb217cdf81dcbdeea63e562db5b25048167c,2026-08-21,AR,AR,AR,AUXILIARY,PHT.113,ULTG CITRA RAYA,GIS 150kV LONTAR,PHT 150kV TANGERANG BARU#2,#2,,,Eksternal,NR,CZX-22,,Numerik,,,ASSET|GIS 150KV LONTAR|PHT 150KV TANGERANG BARU#2|#2|NR|CZX-22|EKSTERNAL,MEDIUM,exact normalized asset attributes
Data Setting Penghantar UPT DKSBI.xlsx,AR,124,f0ba5b0036e47fb050940334d394bb217cdf81dcbdeea63e562db5b25048167c,2026-08-21,AR,AR,AR,AUXILIARY,PHT.114,ULTG DURIKOSAMBI,GI 150kV CENGKARENG,PHT 150kV DURIKOSAMBI#1,#1,,,Internal,,,,,,,ASSET|GI 150KV CENGKARENG|PHT 150KV DURIKOSAMBI#1|#1|?|?|INTERNAL,LOW,incomplete exact attributes; no fuzzy merge
Data Setting Penghantar UPT DKSBI.xlsx,AR,125,f0ba5b0036e47fb050940334d394bb217cdf81dcbdeea63e562db5b25048167c,2026-08-21,AR,AR,AR,AUXILIARY,PHT.115,ULTG DURIKOSAMBI,GI 150kV CENGKARENG,PHT 150kV DURIKOSAMBI#2,#2,,,Internal,,,,,,,ASSET|GI 150KV CENGKARENG|PHT 150KV DURIKOSAMBI#2|#2|?|?|INTERNAL,LOW,incomplete exact attributes; no fuzzy merge
Data Setting Penghantar UPT DKSBI.xlsx,AR,126,f0ba5b0036e47fb050940334d394bb217cdf81dcbdeea63e562db5b25048167c,2026-08-21,AR,AR,AR,AUXILIARY,PHT.116,ULTG DURIKOSAMBI,GI 150kV CENGKARENG,PHT 150kV CENGKARENG BARU#1,#1,,,Tidak Aktif,,,,,,,ASSET|GI 150KV CENGKARENG|PHT 150KV CENGKARENG BARU#1|#1|?|?|TIDAK AKTIF,LOW,incomplete exact attributes; no fuzzy merge
Data Setting Penghantar UPT DKSBI.xlsx,AR,127,f0ba5b0036e47fb050940334d394bb217cdf81dcbdeea63e562db5b25048167c,2026-08-21,AR,AR,AR,AUXILIARY,PHT.117,ULTG DURIKOSAMBI,GI 150kV CENGKARENG,PHT 150kV CENGKARENG BARU#2,#2,,,Tidak Aktif,,,,,,,ASSET|GI 150KV CENGKARENG|PHT 150KV CENGKARENG BARU#2|#2|?|?|TIDAK AKTIF,LOW,incomplete exact attributes; no fuzzy merge
Data Setting Penghantar UPT DKSBI.xlsx,AR,128,f0ba5b0036e47fb050940334d394bb217cdf81dcbdeea63e562db5b25048167c,2026-08-21,AR,AR,AR,AUXILIARY,PHT.118,ULTG DURIKOSAMBI,GI 150kV CENGKARENG,PHT 150kV TANGERANG#1,#1,,,Internal,Siemens,7SL87,,Numerik,2021.0,,ASSET|GI 150KV CENGKARENG|PHT 150KV TANGERANG#1|#1|SIEMENS|7SL87|INTERNAL,MEDIUM,exact normalized asset attributes
Data Setting Penghantar UPT DKSBI.xlsx,AR,129,f0ba5b0036e47fb050940334d394bb217cdf81dcbdeea63e562db5b25048167c,2026-08-21,AR,AR,AR,AUXILIARY,PHT.119,ULTG DURIKOSAMBI,GI 150kV CENGKARENG,PHT 150kV TANGERANG#2,#2,,,Internal,Siemens,7SL87,,Numerik,2021.0,,ASSET|GI 150KV CENGKARENG|PHT 150KV TANGERANG#2|#2|SIEMENS|7SL87|INTERNAL,MEDIUM,exact normalized asset attributes
Data Setting Penghantar UPT DKSBI.xlsx,AR,130,f0ba5b0036e47fb050940334d394bb217cdf81dcbdeea63e562db5b25048167c,2026-08-21,AR,AR,AR,AUXILIARY,PHT.120,ULTG DURIKOSAMBI,GI 150kV CENGKARENG BARU,PHT 150kV BANDARA SOEKARNO HATTA#1,#1,,,Tidak Aktif,,,,,,,ASSET|GI 150KV CENGKARENG BARU|PHT 150KV BANDARA SOEKARNO HATTA#1|#1|?|?|TIDAK AKTIF,LOW,incomplete exact attributes; no fuzzy merge
Data Setting Penghantar UPT DKSBI.xlsx,AR,131,f0ba5b0036e47fb050940334d394bb217cdf81dcbdeea63e562db5b25048167c,2026-08-21,AR,AR,AR,AUXILIARY,PHT.121,ULTG DURIKOSAMBI,GI 150kV CENGKARENG BARU,PHT 150kV BANDARA SOEKARNO HATTA#2,#2,,,Tidak Aktif,,,,,,,ASSET|GI 150KV CENGKARENG BARU|PHT 150KV BANDARA SOEKARNO HATTA#2|#2|?|?|TIDAK AKTIF,LOW,incomplete exact attributes; no fuzzy merge
Data Setting Penghantar UPT DKSBI.xlsx,AR,132,f0ba5b0036e47fb050940334d394bb217cdf81dcbdeea63e562db5b25048167c,2026-08-21,AR,AR,AR,AUXILIARY,PHT.122,ULTG DURIKOSAMBI,GI 150kV CENGKARENG BARU,PHT 150kV CENGKARENG#1,#1,,,Tidak Aktif,,,,,,,ASSET|GI 150KV CENGKARENG BARU|PHT 150KV CENGKARENG#1|#1|?|?|TIDAK AKTIF,LOW,incomplete exact attributes; no fuzzy merge
Data Setting Penghantar UPT DKSBI.xlsx,AR,133,f0ba5b0036e47fb050940334d394bb217cdf81dcbdeea63e562db5b25048167c,2026-08-21,AR,AR,AR,AUXILIARY,PHT.123,ULTG DURIKOSAMBI,GI 150kV CENGKARENG BARU,PHT 150kV CENGKARENG#2,#2,,,Tidak Aktif,,,,,,,ASSET|GI 150KV CENGKARENG BARU|PHT 150KV CENGKARENG#2|#2|?|?|TIDAK AKTIF,LOW,incomplete exact attributes; no fuzzy merge
Data Setting Penghantar UPT DKSBI.xlsx,AR,134,f0ba5b0036e47fb050940334d394bb217cdf81dcbdeea63e562db5b25048167c,2026-08-21,AR,AR,AR,AUXILIARY,PHT.124,ULTG DURIKOSAMBI,GI 150kV CENGKARENG BARU,PHT 150kV ITS,#1,,,Internal,,,,,,,ASSET|GI 150KV CENGKARENG BARU|PHT 150KV ITS|#1|?|?|INTERNAL,LOW,incomplete exact attributes; no fuzzy merge
Data Setting Penghantar UPT DKSBI.xlsx,AR,135,f0ba5b0036e47fb050940334d394bb217cdf81dcbdeea63e562db5b25048167c,2026-08-21,AR,AR,AR,AUXILIARY,PHT.125,ULTG DURIKOSAMBI,GI 150kV CENGKARENG BARU,PHT 150kV TANGERANG BARU,#1,,,Internal,,,,,,,ASSET|GI 150KV CENGKARENG BARU|PHT 150KV TANGERANG BARU|#1|?|?|INTERNAL,LOW,incomplete exact attributes; no fuzzy merge
Data Setting Penghantar UPT DKSBI.xlsx,AR,136,f0ba5b0036e47fb050940334d394bb217cdf81dcbdeea63e562db5b25048167c,2026-08-21,AR,AR,AR,AUXILIARY,PHT.126,ULTG DURIKOSAMBI,GI 150kV CILEDUG,PHT 150kV ALAM SUTERA#1,#1,,,Tidak Aktif,,,,,,,ASSET|GI 150KV CILEDUG|PHT 150KV ALAM SUTERA#1|#1|?|?|TIDAK AKTIF,LOW,incomplete exact attributes; no fuzzy merge
Data Setting Penghantar UPT DKSBI.xlsx,AR,137,f0ba5b0036e47fb050940334d394bb217cdf81dcbdeea63e562db5b25048167c,2026-08-21,AR,AR,AR,AUXILIARY,PHT.127,ULTG DURIKOSAMBI,GI 150kV CILEDUG,PHT 150kV ALAM SUTERA#2,#2,,,Tidak Aktif,,,,,,,ASSET|GI 150KV CILEDUG|PHT 150KV ALAM SUTERA#2|#2|?|?|TIDAK AKTIF,LOW,incomplete exact attributes; no fuzzy merge
Data Setting Penghantar UPT DKSBI.xlsx,AR,138,f0ba5b0036e47fb050940334d394bb217cdf81dcbdeea63e562db5b25048167c,2026-08-21,AR,AR,AR,AUXILIARY,PHT.128,ULTG DURIKOSAMBI,GI 150kV CILEDUG,PHT 150kV METLAND#1,#1,,,Tidak Aktif,,,,,,,ASSET|GI 150KV CILEDUG|PHT 150KV METLAND#1|#1|?|?|TIDAK AKTIF,LOW,incomplete exact attributes; no fuzzy merge
Data Setting Penghantar UPT DKSBI.xlsx,AR,139,f0ba5b0036e47fb050940334d394bb217cdf81dcbdeea63e562db5b25048167c,2026-08-21,AR,AR,AR,AUXILIARY,PHT.129,ULTG DURIKOSAMBI,GI 150kV CILEDUG,PHT 150kV METLAND#2,#2,,,Tidak Aktif,,,,,,,ASSET|GI 150KV CILEDUG|PHT 150KV METLAND#2|#2|?|?|TIDAK AKTIF,LOW,incomplete exact attributes; no fuzzy merge
Data Setting Penghantar UPT DKSBI.xlsx,AR,140,f0ba5b0036e47fb050940334d394bb217cdf81dcbdeea63e562db5b25048167c,2026-08-21,AR,AR,AR,AUXILIARY,PHT.130,ULTG DURIKOSAMBI,GI 150kV DURIKOSAMBI,PHT 150kV CENGKARENG#1,#1,,,,Alsthom,MVTR,"588657C, 588658C",Elektromekanik,,,"SERIAL|588657C, 588658C",HIGH,exact normalized serial
Data Setting Penghantar UPT DKSBI.xlsx,AR,141,f0ba5b0036e47fb050940334d394bb217cdf81dcbdeea63e562db5b25048167c,2026-08-21,AR,AR,AR,AUXILIARY,PHT.131,ULTG DURIKOSAMBI,GI 150kV DURIKOSAMBI,PHT 150kV CENGKARENG#2,#2,,,,Alsthom,MVTR,"588656C, 588655C",Elektromekanik,,,"SERIAL|588656C, 588655C",HIGH,exact normalized serial
Data Setting Penghantar UPT DKSBI.xlsx,AR,142,f0ba5b0036e47fb050940334d394bb217cdf81dcbdeea63e562db5b25048167c,2026-08-21,AR,AR,AR,AUXILIARY,PHT.132,ULTG DURIKOSAMBI,GI 150kV DURIKOSAMBI,PHT 150kV LMK,#1,,,,Alsthom,LFAA 101,62047BF,Elektromekanik,,,SERIAL|62047BF,HIGH,exact normalized serial
Data Setting Penghantar UPT DKSBI.xlsx,AR,143,f0ba5b0036e47fb050940334d394bb217cdf81dcbdeea63e562db5b25048167c,2026-08-21,AR,AR,AR,AUXILIARY,PHT.133,ULTG DURIKOSAMBI,GI 150kV DURIKOSAMBI,PHT 150kV GROGOL BARU#1,#1,,,Eksternal,Alsthom,LFAA 101,,Elektromekanik,,,ASSET|GI 150KV DURIKOSAMBI|PHT 150KV GROGOL BARU#1|#1|ALSTHOM|LFAA 101|EKSTERNAL,MEDIUM,exact normalized asset attributes
Data Setting Penghantar UPT DKSBI.xlsx,AR,144,f0ba5b0036e47fb050940334d394bb217cdf81dcbdeea63e562db5b25048167c,2026-08-21,AR,AR,AR,AUXILIARY,PHT.134,ULTG DURIKOSAMBI,GI 150kV DURIKOSAMBI,PHT 150kV GROGOL BARU#2,#2,,,Eksternal,Alsthom,LFAA 101,,Elektromekanik,,,ASSET|GI 150KV DURIKOSAMBI|PHT 150KV GROGOL BARU#2|#2|ALSTHOM|LFAA 101|EKSTERNAL,MEDIUM,exact normalized asset attributes
Data Setting Penghantar UPT DKSBI.xlsx,AR,145,f0ba5b0036e47fb050940334d394bb217cdf81dcbdeea63e562db5b25048167c,2026-08-21,AR,AR,AR,AUXILIARY,PHT.135,ULTG DURIKOSAMBI,GI 150kV DURIKOSAMBI,PHT 150kV KEBON JERUK#1,#1,,,Tidak Aktif,,,,,,,ASSET|GI 150KV DURIKOSAMBI|PHT 150KV KEBON JERUK#1|#1|?|?|TIDAK AKTIF,LOW,incomplete exact attributes; no fuzzy merge
Data Setting Penghantar UPT DKSBI.xlsx,AR,146,f0ba5b0036e47fb050940334d394bb217cdf81dcbdeea63e562db5b25048167c,2026-08-21,AR,AR,AR,AUXILIARY,PHT.136,ULTG DURIKOSAMBI,GI 150kV DURIKOSAMBI,PHT 150kV KEBON JERUK#2,#2,,,Tidak Aktif,,,,,,,ASSET|GI 150KV DURIKOSAMBI|PHT 150KV KEBON JERUK#2|#2|?|?|TIDAK AKTIF,LOW,incomplete exact attributes; no fuzzy merge
Data Setting Penghantar UPT DKSBI.xlsx,AR,147,f0ba5b0036e47fb050940334d394bb217cdf81dcbdeea63e562db5b25048167c,2026-08-21,AR,AR,AR,AUXILIARY,PHT.137,ULTG DURIKOSAMBI,GI 150kV DURIKOSAMBI,PHT 150kV KEMBANGAN#1,#1,,,Tidak Aktif,,,,,,,ASSET|GI 150KV DURIKOSAMBI|PHT 150KV KEMBANGAN#1|#1|?|?|TIDAK AKTIF,LOW,incomplete exact attributes; no fuzzy merge
Data Setting Penghantar UPT DKSBI.xlsx,AR,148,f0ba5b0036e47fb050940334d394bb217cdf81dcbdeea63e562db5b25048167c,2026-08-21,AR,AR,AR,AUXILIARY,PHT.138,ULTG DURIKOSAMBI,GI 150kV DURIKOSAMBI,PHT 150kV KEMBANGAN#2,#2,,,Tidak Aktif,,,,,,,ASSET|GI 150KV DURIKOSAMBI|PHT 150KV KEMBANGAN#2|#2|?|?|TIDAK AKTIF,LOW,incomplete exact attributes; no fuzzy merge
Data Setting Penghantar UPT DKSBI.xlsx,AR,149,f0ba5b0036e47fb050940334d394bb217cdf81dcbdeea63e562db5b25048167c,2026-08-21,AR,AR,AR,AUXILIARY,PHT.139,ULTG DURIKOSAMBI,GI 150kV DURIKOSAMBI,PHT 150kV DAAN MOGOT#1,#1,,,,Alsthom,LFAA 101,315994J,Elektromekanik,,,SERIAL|315994J,HIGH,exact normalized serial
Data Setting Penghantar UPT DKSBI.xlsx,AR,150,f0ba5b0036e47fb050940334d394bb217cdf81dcbdeea63e562db5b25048167c,2026-08-21,AR,AR,AR,AUXILIARY,PHT.140,ULTG DURIKOSAMBI,GI 150kV DURIKOSAMBI,PHT 150kV DAAN MOGOT#2,#2,,,,Alsthom,LFAA 101,315995J,Elektromekanik,,,SERIAL|315995J,HIGH,exact normalized serial
Data Setting Penghantar UPT DKSBI.xlsx,AR,151,f0ba5b0036e47fb050940334d394bb217cdf81dcbdeea63e562db5b25048167c,2026-08-21,AR,AR,AR,AUXILIARY,PHT.141,ULTG DURIKOSAMBI,GI 150kV TANGERANG,PHT 150kV CENGKARENG#1,#1,,,Internal,Siemens,7SL87,,Numerik,2021.0,,ASSET|GI 150KV TANGERANG|PHT 150KV CENGKARENG#1|#1|SIEMENS|7SL87|INTERNAL,MEDIUM,exact normalized asset attributes
Data Setting Penghantar UPT DKSBI.xlsx,AR,152,f0ba5b0036e47fb050940334d394bb217cdf81dcbdeea63e562db5b25048167c,2026-08-21,AR,AR,AR,AUXILIARY,PHT.142,ULTG DURIKOSAMBI,GI 150kV TANGERANG,PHT 150kV CENGKARENG#2,#2,,,Internal,Siemens,7SL87,,Numerik,2021.0,,ASSET|GI 150KV TANGERANG|PHT 150KV CENGKARENG#2|#2|SIEMENS|7SL87|INTERNAL,MEDIUM,exact normalized asset attributes
Data Setting Penghantar UPT DKSBI.xlsx,AR,153,f0ba5b0036e47fb050940334d394bb217cdf81dcbdeea63e562db5b25048167c,2026-08-21,AR,AR,AR,AUXILIARY,PHT.143,ULTG DURIKOSAMBI,GI 150kV TANGERANG,PHT 150kV JATAKE BARU#1,#1,,,Internal,NR,PCS-931,,Numerik,2021.0,,ASSET|GI 150KV TANGERANG|PHT 150KV JATAKE BARU#1|#1|NR|PCS-931|INTERNAL,MEDIUM,exact normalized asset attributes
Data Setting Penghantar UPT DKSBI.xlsx,AR,154,f0ba5b0036e47fb050940334d394bb217cdf81dcbdeea63e562db5b25048167c,2026-08-21,AR,AR,AR,AUXILIARY,PHT.144,ULTG DURIKOSAMBI,GI 150kV TANGERANG,PHT 150kV JATAKE BARU#2,#2,,,Internal,NR,PCS-931,,Numerik,2021.0,,ASSET|GI 150KV TANGERANG|PHT 150KV JATAKE BARU#2|#2|NR|PCS-931|INTERNAL,MEDIUM,exact normalized asset attributes
Data Setting Penghantar UPT DKSBI.xlsx,AR,155,f0ba5b0036e47fb050940334d394bb217cdf81dcbdeea63e562db5b25048167c,2026-08-21,AR,AR,AR,AUXILIARY,PHT.145,ULTG DURIKOSAMBI,GIS 150kV ALAM SUTERA,PHT 150kV CILEDUG#1,#1,,,Tidak Aktif,,,,,,,ASSET|GIS 150KV ALAM SUTERA|PHT 150KV CILEDUG#1|#1|?|?|TIDAK AKTIF,LOW,incomplete exact attributes; no fuzzy merge
Data Setting Penghantar UPT DKSBI.xlsx,AR,156,f0ba5b0036e47fb050940334d394bb217cdf81dcbdeea63e562db5b25048167c,2026-08-21,AR,AR,AR,AUXILIARY,PHT.146,ULTG DURIKOSAMBI,GIS 150kV ALAM SUTERA,PHT 150kV CILEDUG#2,#2,,,Tidak Aktif,,,,,,,ASSET|GIS 150KV ALAM SUTERA|PHT 150KV CILEDUG#2|#2|?|?|TIDAK AKTIF,LOW,incomplete exact attributes; no fuzzy merge
Data Setting Penghantar UPT DKSBI.xlsx,AR,157,f0ba5b0036e47fb050940334d394bb217cdf81dcbdeea63e562db5b25048167c,2026-08-21,AR,AR,AR,AUXILIARY,PHT.147,ULTG DURIKOSAMBI,GIS 150kV ALAM SUTERA,PHT 150kV SUMMARECON GADING SERPONG#1,#1,,,Tidak Aktif,,,,,,,ASSET|GIS 150KV ALAM SUTERA|PHT 150KV SUMMARECON GADING SERPONG#1|#1|?|?|TIDAK AKTIF,LOW,incomplete exact attributes; no fuzzy merge
Data Setting Penghantar UPT DKSBI.xlsx,AR,158,f0ba5b0036e47fb050940334d394bb217cdf81dcbdeea63e562db5b25048167c,2026-08-21,AR,AR,AR,AUXILIARY,PHT.148,ULTG DURIKOSAMBI,GIS 150kV ALAM SUTERA,PHT 150kV SUMMARECON GADING SERPONG#2,#2,,,Tidak Aktif,,,,,,,ASSET|GIS 150KV ALAM SUTERA|PHT 150KV SUMMARECON GADING SERPONG#2|#2|?|?|TIDAK AKTIF,LOW,incomplete exact attributes; no fuzzy merge
Data Setting Penghantar UPT DKSBI.xlsx,AR,159,f0ba5b0036e47fb050940334d394bb217cdf81dcbdeea63e562db5b25048167c,2026-08-21,AR,AR,AR,AUXILIARY,PHT.149,ULTG DURIKOSAMBI,GIS 150kV KEMBANGAN,PHT 150kV METLAND#1,#1,,,Tidak Aktif,,,,,,,ASSET|GIS 150KV KEMBANGAN|PHT 150KV METLAND#1|#1|?|?|TIDAK AKTIF,LOW,incomplete exact attributes; no fuzzy merge
Data Setting Penghantar UPT DKSBI.xlsx,AR,160,f0ba5b0036e47fb050940334d394bb217cdf81dcbdeea63e562db5b25048167c,2026-08-21,AR,AR,AR,AUXILIARY,PHT.150,ULTG DURIKOSAMBI,GIS 150kV KEMBANGAN,PHT 150kV METLAND#2,#2,,,Tidak Aktif,,,,,,,ASSET|GIS 150KV KEMBANGAN|PHT 150KV METLAND#2|#2|?|?|TIDAK AKTIF,LOW,incomplete exact attributes; no fuzzy merge
Data Setting Penghantar UPT DKSBI.xlsx,AR,161,f0ba5b0036e47fb050940334d394bb217cdf81dcbdeea63e562db5b25048167c,2026-08-21,AR,AR,AR,AUXILIARY,PHT.151,ULTG DURIKOSAMBI,GIS 150kV KEMBANGAN,PHT 150kV DURIKOSAMBI#1,#1,,,Tidak Aktif,,,,,,,ASSET|GIS 150KV KEMBANGAN|PHT 150KV DURIKOSAMBI#1|#1|?|?|TIDAK AKTIF,LOW,incomplete exact attributes; no fuzzy merge
Data Setting Penghantar UPT DKSBI.xlsx,AR,162,f0ba5b0036e47fb050940334d394bb217cdf81dcbdeea63e562db5b25048167c,2026-08-21,AR,AR,AR,AUXILIARY,PHT.152,ULTG DURIKOSAMBI,GIS 150kV KEMBANGAN,PHT 150kV DURIKOSAMBI#2,#2,,,Tidak Aktif,,,,,,,ASSET|GIS 150KV KEMBANGAN|PHT 150KV DURIKOSAMBI#2|#2|?|?|TIDAK AKTIF,LOW,incomplete exact attributes; no fuzzy merge
Data Setting Penghantar UPT DKSBI.xlsx,AR,163,f0ba5b0036e47fb050940334d394bb217cdf81dcbdeea63e562db5b25048167c,2026-08-21,AR,AR,AR,AUXILIARY,PHT.153,ULTG DURIKOSAMBI,GIS 150kV KEMBANGAN,PHT 150kV NEW SENAYAN#1,#1,,,Tidak Aktif,,,,,,,ASSET|GIS 150KV KEMBANGAN|PHT 150KV NEW SENAYAN#1|#1|?|?|TIDAK AKTIF,LOW,incomplete exact attributes; no fuzzy merge
Data Setting Penghantar UPT DKSBI.xlsx,AR,164,f0ba5b0036e47fb050940334d394bb217cdf81dcbdeea63e562db5b25048167c,2026-08-21,AR,AR,AR,AUXILIARY,PHT.154,ULTG DURIKOSAMBI,GIS 150kV KEMBANGAN,PHT 150kV NEW SENAYAN#2,#2,,,Tidak Aktif,,,,,,,ASSET|GIS 150KV KEMBANGAN|PHT 150KV NEW SENAYAN#2|#2|?|?|TIDAK AKTIF,LOW,incomplete exact attributes; no fuzzy merge
Data Setting Penghantar UPT DKSBI.xlsx,AR,165,f0ba5b0036e47fb050940334d394bb217cdf81dcbdeea63e562db5b25048167c,2026-08-21,AR,AR,AR,AUXILIARY,PHT.155,ULTG DURIKOSAMBI,GIS 150kV KEMBANGAN,PHT 150kV PETUKANGAN#1,#1,,,Internal,,,,,,,ASSET|GIS 150KV KEMBANGAN|PHT 150KV PETUKANGAN#1|#1|?|?|INTERNAL,LOW,incomplete exact attributes; no fuzzy merge
Data Setting Penghantar UPT DKSBI.xlsx,AR,166,f0ba5b0036e47fb050940334d394bb217cdf81dcbdeea63e562db5b25048167c,2026-08-21,AR,AR,AR,AUXILIARY,PHT.156,ULTG DURIKOSAMBI,GIS 150kV KEMBANGAN,PHT 150kV PETUKANGAN#2,#2,,,Internal,,,,,,,ASSET|GIS 150KV KEMBANGAN|PHT 150KV PETUKANGAN#2|#2|?|?|INTERNAL,LOW,incomplete exact attributes; no fuzzy merge
Data Setting Penghantar UPT DKSBI.xlsx,AR,167,f0ba5b0036e47fb050940334d394bb217cdf81dcbdeea63e562db5b25048167c,2026-08-21,AR,AR,AR,AUXILIARY,PHT.157,ULTG DURIKOSAMBI,GIS 150kV METLAND,PHT 150kV KEMBANGAN#1,#1,,,Tidak Aktif,,,,,,,ASSET|GIS 150KV METLAND|PHT 150KV KEMBANGAN#1|#1|?|?|TIDAK AKTIF,LOW,incomplete exact attributes; no fuzzy merge
Data Setting Penghantar UPT DKSBI.xlsx,AR,168,f0ba5b0036e47fb050940334d394bb217cdf81dcbdeea63e562db5b25048167c,2026-08-21,AR,AR,AR,AUXILIARY,PHT.158,ULTG DURIKOSAMBI,GIS 150kV METLAND,PHT 150kV KEMBANGAN#2,#2,,,Tidak Aktif,,,,,,,ASSET|GIS 150KV METLAND|PHT 150KV KEMBANGAN#2|#2|?|?|TIDAK AKTIF,LOW,incomplete exact attributes; no fuzzy merge
Data Setting Penghantar UPT DKSBI.xlsx,AR,169,f0ba5b0036e47fb050940334d394bb217cdf81dcbdeea63e562db5b25048167c,2026-08-21,AR,AR,AR,AUXILIARY,PHT.159,ULTG DURIKOSAMBI,GIS 150kV METLAND,PHT 150kV CILEDUG#1,#1,,,Tidak Aktif,,,,,,,ASSET|GIS 150KV METLAND|PHT 150KV CILEDUG#1|#1|?|?|TIDAK AKTIF,LOW,incomplete exact attributes; no fuzzy merge
Data Setting Penghantar UPT DKSBI.xlsx,AR,170,f0ba5b0036e47fb050940334d394bb217cdf81dcbdeea63e562db5b25048167c,2026-08-21,AR,AR,AR,AUXILIARY,PHT.160,ULTG DURIKOSAMBI,GIS 150kV METLAND,PHT 150kV CILEDUG#2,#2,,,Tidak Aktif,,,,,,,ASSET|GIS 150KV METLAND|PHT 150KV CILEDUG#2|#2|?|?|TIDAK AKTIF,LOW,incomplete exact attributes; no fuzzy merge
Data Setting Penghantar UPT DKSBI.xlsx,AR,171,f0ba5b0036e47fb050940334d394bb217cdf81dcbdeea63e562db5b25048167c,2026-08-21,AR,AR,AR,AUXILIARY,PHT.161,ULTG DURIKOSAMBI,GIS 150kV SUMMARECON GADING SERPONG,PHT 150kV ALAM SUTERA#1,#1,,,Tidak Aktif,,,,,,,ASSET|GIS 150KV SUMMARECON GADING SERPONG|PHT 150KV ALAM SUTERA#1|#1|?|?|TIDAK AKTIF,LOW,incomplete exact attributes; no fuzzy merge
Data Setting Penghantar UPT DKSBI.xlsx,AR,172,f0ba5b0036e47fb050940334d394bb217cdf81dcbdeea63e562db5b25048167c,2026-08-21,AR,AR,AR,AUXILIARY,PHT.162,ULTG DURIKOSAMBI,GIS 150kV SUMMARECON GADING SERPONG,PHT 150kV ALAM SUTERA#2,#2,,,Tidak Aktif,,,,,,,ASSET|GIS 150KV SUMMARECON GADING SERPONG|PHT 150KV ALAM SUTERA#2|#2|?|?|TIDAK AKTIF,LOW,incomplete exact attributes; no fuzzy merge
Data Setting Penghantar UPT DKSBI.xlsx,AR,173,f0ba5b0036e47fb050940334d394bb217cdf81dcbdeea63e562db5b25048167c,2026-08-21,AR,AR,AR,AUXILIARY,PHT.163,ULTG DURIKOSAMBI,GIS 150kV SUMMARECON GADING SERPONG,PHT 150kV CURUG#1,#1,,,Tidak Aktif,,,,,,,ASSET|GIS 150KV SUMMARECON GADING SERPONG|PHT 150KV CURUG#1|#1|?|?|TIDAK AKTIF,LOW,incomplete exact attributes; no fuzzy merge
Data Setting Penghantar UPT DKSBI.xlsx,AR,174,f0ba5b0036e47fb050940334d394bb217cdf81dcbdeea63e562db5b25048167c,2026-08-21,AR,AR,AR,AUXILIARY,PHT.164,ULTG DURIKOSAMBI,GIS 150kV SUMMARECON GADING SERPONG,PHT 150kV CURUG#2,#2,,,Tidak Aktif,,,,,,,ASSET|GIS 150KV SUMMARECON GADING SERPONG|PHT 150KV CURUG#2|#2|?|?|TIDAK AKTIF,LOW,incomplete exact attributes; no fuzzy merge
Data Setting Penghantar UPT DKSBI.xlsx,AR,175,f0ba5b0036e47fb050940334d394bb217cdf81dcbdeea63e562db5b25048167c,2026-08-21,AR,AR,AR,AUXILIARY,PHT.165,ULTG DURIKOSAMBI,GISTET 500kV DURIKOSAMBI,PHT 500kV GANDUL#1,#1,,,Eksternal,,,,,,,ASSET|GISTET 500KV DURIKOSAMBI|PHT 500KV GANDUL#1|#1|?|?|EKSTERNAL,LOW,incomplete exact attributes; no fuzzy merge
Data Setting Penghantar UPT DKSBI.xlsx,AR,176,f0ba5b0036e47fb050940334d394bb217cdf81dcbdeea63e562db5b25048167c,2026-08-21,AR,AR,AR,AUXILIARY,PHT.166,ULTG DURIKOSAMBI,GISTET 500kV DURIKOSAMBI,PHT 500kV KEMBANGAN#2,#2,,,Eksternal,,,,,,,ASSET|GISTET 500KV DURIKOSAMBI|PHT 500KV KEMBANGAN#2|#2|?|?|EKSTERNAL,LOW,incomplete exact attributes; no fuzzy merge
Data Setting Penghantar UPT DKSBI.xlsx,AR,177,f0ba5b0036e47fb050940334d394bb217cdf81dcbdeea63e562db5b25048167c,2026-08-21,AR,AR,AR,AUXILIARY,PHT.167,ULTG DURIKOSAMBI,GISTET 500kV DURIKOSAMBI,PHT 500kV MUARAKARANG#1,#1,,,Eksternal,,,,,,,ASSET|GISTET 500KV DURIKOSAMBI|PHT 500KV MUARAKARANG#1|#1|?|?|EKSTERNAL,LOW,incomplete exact attributes; no fuzzy merge
Data Setting Penghantar UPT DKSBI.xlsx,AR,178,f0ba5b0036e47fb050940334d394bb217cdf81dcbdeea63e562db5b25048167c,2026-08-21,AR,AR,AR,AUXILIARY,PHT.168,ULTG DURIKOSAMBI,GISTET 500kV DURIKOSAMBI,PHT 500kV MUARAKARANG#2,#2,,,Eksternal,,,,,,,ASSET|GISTET 500KV DURIKOSAMBI|PHT 500KV MUARAKARANG#2|#2|?|?|EKSTERNAL,LOW,incomplete exact attributes; no fuzzy merge
Data Setting Penghantar UPT DKSBI.xlsx,AR,179,f0ba5b0036e47fb050940334d394bb217cdf81dcbdeea63e562db5b25048167c,2026-08-21,AR,AR,AR,AUXILIARY,PHT.169,ULTG DURIKOSAMBI,GISTET 500kV DURIKOSAMBI,PHT 500kV GANDUL#1,#1,,,Eksternal,,,,,,,ASSET|GISTET 500KV DURIKOSAMBI|PHT 500KV GANDUL#1|#1|?|?|EKSTERNAL,LOW,incomplete exact attributes; no fuzzy merge
Data Setting Penghantar UPT DKSBI.xlsx,AR,180,f0ba5b0036e47fb050940334d394bb217cdf81dcbdeea63e562db5b25048167c,2026-08-21,AR,AR,AR,AUXILIARY,PHT.170,ULTG DURIKOSAMBI,GISTET 500kV DURIKOSAMBI,PHT 500kV KEMBANGAN#2,#2,,,Eksternal,,,,,,,ASSET|GISTET 500KV DURIKOSAMBI|PHT 500KV KEMBANGAN#2|#2|?|?|EKSTERNAL,LOW,incomplete exact attributes; no fuzzy merge
Data Setting Penghantar UPT DKSBI.xlsx,AR,181,f0ba5b0036e47fb050940334d394bb217cdf81dcbdeea63e562db5b25048167c,2026-08-21,AR,AR,AR,AUXILIARY,PHT.171,ULTG DURIKOSAMBI,GISTET 500kV DURIKOSAMBI,PHT 500kV MUARAKARANG#1,#1,,,Eksternal,,,,,,,ASSET|GISTET 500KV DURIKOSAMBI|PHT 500KV MUARAKARANG#1|#1|?|?|EKSTERNAL,LOW,incomplete exact attributes; no fuzzy merge
Data Setting Penghantar UPT DKSBI.xlsx,AR,182,f0ba5b0036e47fb050940334d394bb217cdf81dcbdeea63e562db5b25048167c,2026-08-21,AR,AR,AR,AUXILIARY,PHT.172,ULTG DURIKOSAMBI,GISTET 500kV DURIKOSAMBI,PHT 500kV MUARAKARANG#2,#2,,,Eksternal,,,,,,,ASSET|GISTET 500KV DURIKOSAMBI|PHT 500KV MUARAKARANG#2|#2|?|?|EKSTERNAL,LOW,incomplete exact attributes; no fuzzy merge
Data Setting Penghantar UPT DKSBI.xlsx,AR,183,f0ba5b0036e47fb050940334d394bb217cdf81dcbdeea63e562db5b25048167c,2026-08-21,AR,AR,AR,AUXILIARY,PHT.173,ULTG DURIKOSAMBI,GISTET 500kV KEMBANGAN,PHT 500kV DURIKOSAMBI#1,#1,,,Eksternal,,,,,,,ASSET|GISTET 500KV KEMBANGAN|PHT 500KV DURIKOSAMBI#1|#1|?|?|EKSTERNAL,LOW,incomplete exact attributes; no fuzzy merge
Data Setting Penghantar UPT DKSBI.xlsx,AR,184,f0ba5b0036e47fb050940334d394bb217cdf81dcbdeea63e562db5b25048167c,2026-08-21,AR,AR,AR,AUXILIARY,PHT.174,ULTG DURIKOSAMBI,GISTET 500kV KEMBANGAN,PHT 500kV DURIKOSAMBI#2,#2,,,Eksternal,,,,,,,ASSET|GISTET 500KV KEMBANGAN|PHT 500KV DURIKOSAMBI#2|#2|?|?|EKSTERNAL,LOW,incomplete exact attributes; no fuzzy merge
Data Setting Penghantar UPT DKSBI.xlsx,AR,185,f0ba5b0036e47fb050940334d394bb217cdf81dcbdeea63e562db5b25048167c,2026-08-21,AR,AR,AR,AUXILIARY,PHT.175,ULTG DURIKOSAMBI,GISTET 500kV KEMBANGAN,PHT 500kV BALARAJA#1,#1,,,Eksternal,,,,,,,ASSET|GISTET 500KV KEMBANGAN|PHT 500KV BALARAJA#1|#1|?|?|EKSTERNAL,LOW,incomplete exact attributes; no fuzzy merge
Data Setting Penghantar UPT DKSBI.xlsx,AR,186,f0ba5b0036e47fb050940334d394bb217cdf81dcbdeea63e562db5b25048167c,2026-08-21,AR,AR,AR,AUXILIARY,PHT.176,ULTG DURIKOSAMBI,GISTET 500kV KEMBANGAN,PHT 500kV BALARAJA#2,#2,,,Eksternal,,,,,,,ASSET|GISTET 500KV KEMBANGAN|PHT 500KV BALARAJA#2|#2|?|?|EKSTERNAL,LOW,incomplete exact attributes; no fuzzy merge
Data Setting Penghantar UPT DKSBI.xlsx,AR,187,f0ba5b0036e47fb050940334d394bb217cdf81dcbdeea63e562db5b25048167c,2026-08-21,AR,AR,AR,AUXILIARY,PHT.177,ULTG DURIKOSAMBI,GISTET 500kV KEMBANGAN,PHT 500kV GANDUL#1,#1,,,Eksternal,,,,,,,ASSET|GISTET 500KV KEMBANGAN|PHT 500KV GANDUL#1|#1|?|?|EKSTERNAL,LOW,incomplete exact attributes; no fuzzy merge
Data Setting Penghantar UPT DKSBI.xlsx,AR,188,f0ba5b0036e47fb050940334d394bb217cdf81dcbdeea63e562db5b25048167c,2026-08-21,AR,AR,AR,AUXILIARY,PHT.178,ULTG DURIKOSAMBI,GISTET 500kV KEMBANGAN,PHT 500kV GANDUL#2,#2,,,Eksternal,,,,,,,ASSET|GISTET 500KV KEMBANGAN|PHT 500KV GANDUL#2|#2|?|?|EKSTERNAL,LOW,incomplete exact attributes; no fuzzy merge
Data Setting Penghantar UPT DKSBI.xlsx,AR,189,f0ba5b0036e47fb050940334d394bb217cdf81dcbdeea63e562db5b25048167c,2026-08-21,AR,AR,AR,AUXILIARY,PHT.179,ULTG DURIKOSAMBI,GISTET 500kV KEMBANGAN,PHT 500kV DURIKOSAMBI#1,#1,,,Eksternal,,,,,,,ASSET|GISTET 500KV KEMBANGAN|PHT 500KV DURIKOSAMBI#1|#1|?|?|EKSTERNAL,LOW,incomplete exact attributes; no fuzzy merge
Data Setting Penghantar UPT DKSBI.xlsx,AR,190,f0ba5b0036e47fb050940334d394bb217cdf81dcbdeea63e562db5b25048167c,2026-08-21,AR,AR,AR,AUXILIARY,PHT.180,ULTG DURIKOSAMBI,GISTET 500kV KEMBANGAN,PHT 500kV DURIKOSAMBI#2,#2,,,Eksternal,,,,,,,ASSET|GISTET 500KV KEMBANGAN|PHT 500KV DURIKOSAMBI#2|#2|?|?|EKSTERNAL,LOW,incomplete exact attributes; no fuzzy merge
Data Setting Penghantar UPT DKSBI.xlsx,AR,191,f0ba5b0036e47fb050940334d394bb217cdf81dcbdeea63e562db5b25048167c,2026-08-21,AR,AR,AR,AUXILIARY,PHT.181,ULTG DURIKOSAMBI,GISTET 500kV KEMBANGAN,PHT 500kV BALARAJA#1,#1,,,Eksternal,,,,,,,ASSET|GISTET 500KV KEMBANGAN|PHT 500KV BALARAJA#1|#1|?|?|EKSTERNAL,LOW,incomplete exact attributes; no fuzzy merge
Data Setting Penghantar UPT DKSBI.xlsx,AR,192,f0ba5b0036e47fb050940334d394bb217cdf81dcbdeea63e562db5b25048167c,2026-08-21,AR,AR,AR,AUXILIARY,PHT.182,ULTG DURIKOSAMBI,GISTET 500kV KEMBANGAN,PHT 500kV BALARAJA#2,#2,,,Eksternal,,,,,,,ASSET|GISTET 500KV KEMBANGAN|PHT 500KV BALARAJA#2|#2|?|?|EKSTERNAL,LOW,incomplete exact attributes; no fuzzy merge
Data Setting Penghantar UPT DKSBI.xlsx,AR,193,f0ba5b0036e47fb050940334d394bb217cdf81dcbdeea63e562db5b25048167c,2026-08-21,AR,AR,AR,AUXILIARY,PHT.183,ULTG DURIKOSAMBI,GISTET 500kV KEMBANGAN,PHT 500kV GANDUL#1,#1,,,Eksternal,,,,,,,ASSET|GISTET 500KV KEMBANGAN|PHT 500KV GANDUL#1|#1|?|?|EKSTERNAL,LOW,incomplete exact attributes; no fuzzy merge
Data Setting Penghantar UPT DKSBI.xlsx,AR,194,f0ba5b0036e47fb050940334d394bb217cdf81dcbdeea63e562db5b25048167c,2026-08-21,AR,AR,AR,AUXILIARY,PHT.184,ULTG DURIKOSAMBI,GISTET 500kV KEMBANGAN,PHT 500kV GANDUL#2,#2,,,Eksternal,,,,,,,ASSET|GISTET 500KV KEMBANGAN|PHT 500KV GANDUL#2|#2|?|?|EKSTERNAL,LOW,incomplete exact attributes; no fuzzy merge
Data Setting Penghantar UPT DKSBI.xlsx,BUSPRO,10,f0ba5b0036e47fb050940334d394bb217cdf81dcbdeea63e562db5b25048167c,2026-08-21,BUSPRO,BUSPRO,BUSPRO,UNIT,,ULTG ANGKE,GI 150KV ANGKE,MPU,,4000 / 5,,MPU,Alstom,MiCom P746,,Numerik,2022.0,Aktif,ASSET|GI 150KV ANGKE|MPU|?|ALSTOM|MICOM P746|MPU,LOW,incomplete exact attributes; no fuzzy merge
Data Setting Penghantar UPT DKSBI.xlsx,BUSPRO,11,f0ba5b0036e47fb050940334d394bb217cdf81dcbdeea63e562db5b25048167c,2026-08-21,BUSPRO,BUSPRO,BUSPRO,UNIT,,ULTG ANGKE,GI 150KV DADAP,MPU,,,,MPU,Alstom,MiCom P743,,Numerik,,,ASSET|GI 150KV DADAP|MPU|?|ALSTOM|MICOM P743|MPU,LOW,incomplete exact attributes; no fuzzy merge
Data Setting Penghantar UPT DKSBI.xlsx,BUSPRO,12,f0ba5b0036e47fb050940334d394bb217cdf81dcbdeea63e562db5b25048167c,2026-08-21,BUSPRO,BUSPRO,BUSPRO,UNIT,,ULTG ANGKE,GI 150KV MUARAKARANG BARU,MPU,,,,MPU,GEC Alsthom,MCAG 34,,Elektromekanik,1992.0,Aktif,ASSET|GI 150KV MUARAKARANG BARU|MPU|?|GEC ALSTHOM|MCAG 34|MPU,LOW,incomplete exact attributes; no fuzzy merge
Data Setting Penghantar UPT DKSBI.xlsx,BUSPRO,13,f0ba5b0036e47fb050940334d394bb217cdf81dcbdeea63e562db5b25048167c,2026-08-21,BUSPRO,BUSPRO,BUSPRO,UNIT,,ULTG ANGKE,GI 150KV MUARAKARANG LAMA,MPU,,4000 / 5,,MPU,Siemens,Reyrolle,,Numerik,2009.0,Aktif,ASSET|GI 150KV MUARAKARANG LAMA|MPU|?|SIEMENS|REYROLLE|MPU,LOW,incomplete exact attributes; no fuzzy merge
Data Setting Penghantar UPT DKSBI.xlsx,BUSPRO,14,f0ba5b0036e47fb050940334d394bb217cdf81dcbdeea63e562db5b25048167c,2026-08-21,BUSPRO,BUSPRO,BUSPRO,UNIT,,ULTG ANGKE,GIS 150KV DAAN MOGOT,MPU,,,,MPU,ABB,REB 670,,Numerik,2018.0,Aktif,ASSET|GIS 150KV DAAN MOGOT|MPU|?|ABB|REB 670|MPU,LOW,incomplete exact attributes; no fuzzy merge
Data Setting Penghantar UPT DKSBI.xlsx,BUSPRO,15,f0ba5b0036e47fb050940334d394bb217cdf81dcbdeea63e562db5b25048167c,2026-08-21,BUSPRO,BUSPRO,BUSPRO,UNIT,,ULTG ANGKE,GIS 150KV GROGOL,MPU,,,,MPU,GEC Alsthom,MCAG 34,,Elektromekanik,2005.0,Aktif,ASSET|GIS 150KV GROGOL|MPU|?|GEC ALSTHOM|MCAG 34|MPU,LOW,incomplete exact attributes; no fuzzy merge
Data Setting Penghantar UPT DKSBI.xlsx,BUSPRO,16,f0ba5b0036e47fb050940334d394bb217cdf81dcbdeea63e562db5b25048167c,2026-08-21,BUSPRO,BUSPRO,BUSPRO,UNIT,,ULTG ANGKE,GIS 150KV GROGOL BARU,MPU,,,,MPU,Siemens,7SS85,,Numerik,2020.0,Aktif,ASSET|GIS 150KV GROGOL BARU|MPU|?|SIEMENS|7SS85|MPU,LOW,incomplete exact attributes; no fuzzy merge
Data Setting Penghantar UPT DKSBI.xlsx,BUSPRO,17,f0ba5b0036e47fb050940334d394bb217cdf81dcbdeea63e562db5b25048167c,2026-08-21,BUSPRO,BUSPRO,BUSPRO,UNIT,,ULTG ANGKE,GIS 150KV KEBON JERUK,MPU,,,,MPU,GE Alstom,MiCom P746,,Numerik,2022.0,Aktif,ASSET|GIS 150KV KEBON JERUK|MPU|?|GE ALSTOM|MICOM P746|MPU,LOW,incomplete exact attributes; no fuzzy merge
Data Setting Penghantar UPT DKSBI.xlsx,BUSPRO,18,f0ba5b0036e47fb050940334d394bb217cdf81dcbdeea63e562db5b25048167c,2026-08-21,BUSPRO,BUSPRO,BUSPRO,UNIT,,ULTG ANGKE,GIS 150KV MUARAKARANG BARU,MPU,,,,MPU,,,,,,,ASSET|GIS 150KV MUARAKARANG BARU|MPU|?|?|?|MPU,LOW,incomplete exact attributes; no fuzzy merge
Data Setting Penghantar UPT DKSBI.xlsx,BUSPRO,19,f0ba5b0036e47fb050940334d394bb217cdf81dcbdeea63e562db5b25048167c,2026-08-21,BUSPRO,BUSPRO,BUSPRO,UNIT,,ULTG ANGKE,GIS 150KV NEW SENAYAN,MPU,,,,MPU,Areva,MiCom P122,,Numerik,2008.0,Aktif,ASSET|GIS 150KV NEW SENAYAN|MPU|?|AREVA|MICOM P122|MPU,LOW,incomplete exact attributes; no fuzzy merge
Data Setting Penghantar UPT DKSBI.xlsx,BUSPRO,20,f0ba5b0036e47fb050940334d394bb217cdf81dcbdeea63e562db5b25048167c,2026-08-21,BUSPRO,BUSPRO,BUSPRO,UNIT,,ULTG ANGKE,GIS 150KV PANTAI INDAH KAPUK,MPU,,,,MPU,Siemens,7SS52,,Numerik,2016.0,Aktif,ASSET|GIS 150KV PANTAI INDAH KAPUK|MPU|?|SIEMENS|7SS52|MPU,LOW,incomplete exact attributes; no fuzzy merge
Data Setting Penghantar UPT DKSBI.xlsx,BUSPRO,21,f0ba5b0036e47fb050940334d394bb217cdf81dcbdeea63e562db5b25048167c,2026-08-21,BUSPRO,BUSPRO,BUSPRO,UNIT,,ULTG ANGKE,GIS 150KV TOMANG,MPU,,,,MPU,Schneider,MiCom P741,,Numerik,2021.0,Aktif,ASSET|GIS 150KV TOMANG|MPU|?|SCHNEIDER|MICOM P741|MPU,LOW,incomplete exact attributes; no fuzzy merge
Data Setting Penghantar UPT DKSBI.xlsx,BUSPRO,22,f0ba5b0036e47fb050940334d394bb217cdf81dcbdeea63e562db5b25048167c,2026-08-21,BUSPRO,BUSPRO,BUSPRO,UNIT,,ULTG ANGKE,GIS 150KV ULUJAMI,MPU,,2000 / 1,,MPU,GE Alstom,MiCom P746,,Numerik,2021.0,Aktif,ASSET|GIS 150KV ULUJAMI|MPU|?|GE ALSTOM|MICOM P746|MPU,LOW,incomplete exact attributes; no fuzzy merge
Data Setting Penghantar UPT DKSBI.xlsx,BUSPRO,23,f0ba5b0036e47fb050940334d394bb217cdf81dcbdeea63e562db5b25048167c,2026-08-21,BUSPRO,BUSPRO,BUSPRO,UNIT,,ULTG ANGKE,GISTET 500KV MUARAKARANG BARU,MPU-A,,,,MPU-A,,,,,,,ASSET|GISTET 500KV MUARAKARANG BARU|MPU-A|?|?|?|MPU-A,LOW,incomplete exact attributes; no fuzzy merge
Data Setting Penghantar UPT DKSBI.xlsx,BUSPRO,24,f0ba5b0036e47fb050940334d394bb217cdf81dcbdeea63e562db5b25048167c,2026-08-21,BUSPRO,BUSPRO,BUSPRO,UNIT,,ULTG ANGKE,GISTET 500KV MUARAKARANG BARU,MPU-B,,,,MPU-B,,,,,,,ASSET|GISTET 500KV MUARAKARANG BARU|MPU-B|?|?|?|MPU-B,LOW,incomplete exact attributes; no fuzzy merge
Data Setting Penghantar UPT DKSBI.xlsx,BUSPRO,25,f0ba5b0036e47fb050940334d394bb217cdf81dcbdeea63e562db5b25048167c,2026-08-21,BUSPRO,BUSPRO,BUSPRO,UNIT,,ULTG CITRA RAYA,GI 150KV CURUG,MPU,,4000 / 1,,MPU,GEC Alsthom,MCAG 34,,Elektromekanik,2021.0,Aktif,ASSET|GI 150KV CURUG|MPU|?|GEC ALSTHOM|MCAG 34|MPU,LOW,incomplete exact attributes; no fuzzy merge
Data Setting Penghantar UPT DKSBI.xlsx,BUSPRO,26,f0ba5b0036e47fb050940334d394bb217cdf81dcbdeea63e562db5b25048167c,2026-08-21,BUSPRO,BUSPRO,BUSPRO,UNIT,,ULTG CITRA RAYA,GI 150KV GAJAH TUNGGAL,MPU,,,,MPU,,,,,,,ASSET|GI 150KV GAJAH TUNGGAL|MPU|?|?|?|MPU,LOW,incomplete exact attributes; no fuzzy merge
Data Setting Penghantar UPT DKSBI.xlsx,BUSPRO,27,f0ba5b0036e47fb050940334d394bb217cdf81dcbdeea63e562db5b25048167c,2026-08-21,BUSPRO,BUSPRO,BUSPRO,UNIT,,ULTG CITRA RAYA,GI 150KV ITS,MPU,,,,MPU,,,,,,,ASSET|GI 150KV ITS|MPU|?|?|?|MPU,LOW,incomplete exact attributes; no fuzzy merge
Data Setting Penghantar UPT DKSBI.xlsx,BUSPRO,28,f0ba5b0036e47fb050940334d394bb217cdf81dcbdeea63e562db5b25048167c,2026-08-21,BUSPRO,BUSPRO,BUSPRO,UNIT,,ULTG CITRA RAYA,GI 150KV JATAKE,MPU,,2000 / 5,,MPU,NR,PCS 915,,Numerik,2021.0,Aktif,ASSET|GI 150KV JATAKE|MPU|?|NR|PCS 915|MPU,LOW,incomplete exact attributes; no fuzzy merge
Data Setting Penghantar UPT DKSBI.xlsx,BUSPRO,29,f0ba5b0036e47fb050940334d394bb217cdf81dcbdeea63e562db5b25048167c,2026-08-21,BUSPRO,BUSPRO,BUSPRO,UNIT,,ULTG CITRA RAYA,GI 150KV MAXIMANGANDO,MPU,,,,MPU,,,,Tidak Ada,,Tidak Ada,ASSET|GI 150KV MAXIMANGANDO|MPU|?|?|?|MPU,LOW,incomplete exact attributes; no fuzzy merge
Data Setting Penghantar UPT DKSBI.xlsx,BUSPRO,30,f0ba5b0036e47fb050940334d394bb217cdf81dcbdeea63e562db5b25048167c,2026-08-21,BUSPRO,BUSPRO,BUSPRO,UNIT,,ULTG CITRA RAYA,GI 150KV SINDANG JAYA,MPU,,4000 / 1,,MPU,NR,PCS 915,,Numerik,2021.0,Aktif,ASSET|GI 150KV SINDANG JAYA|MPU|?|NR|PCS 915|MPU,LOW,incomplete exact attributes; no fuzzy merge
Data Setting Penghantar UPT DKSBI.xlsx,BUSPRO,31,f0ba5b0036e47fb050940334d394bb217cdf81dcbdeea63e562db5b25048167c,2026-08-21,BUSPRO,BUSPRO,BUSPRO,UNIT,,ULTG CITRA RAYA,GI 150KV TANGERANG BARU,MPU,,4000 / 1,,MPU,Areva,MiCom P741,,Numerik,2012.0,Tidak Aktif,ASSET|GI 150KV TANGERANG BARU|MPU|?|AREVA|MICOM P741|MPU,LOW,incomplete exact attributes; no fuzzy merge
Data Setting Penghantar UPT DKSBI.xlsx,BUSPRO,32,f0ba5b0036e47fb050940334d394bb217cdf81dcbdeea63e562db5b25048167c,2026-08-21,BUSPRO,BUSPRO,BUSPRO,UNIT,,ULTG CITRA RAYA,GI 150KV TELUK NAGA,MPU,,,,MPU,Areva,MiCom P741,,Numerik,2023.0,Aktif,ASSET|GI 150KV TELUK NAGA|MPU|?|AREVA|MICOM P741|MPU,LOW,incomplete exact attributes; no fuzzy merge
Data Setting Penghantar UPT DKSBI.xlsx,BUSPRO,33,f0ba5b0036e47fb050940334d394bb217cdf81dcbdeea63e562db5b25048167c,2026-08-21,BUSPRO,BUSPRO,BUSPRO,UNIT,,ULTG CITRA RAYA,GIS 150KV JATAKE BARU,MPU,,4000 / 1,,MPU,NR,PCS 915,,Numerik,2021.0,Aktif,ASSET|GIS 150KV JATAKE BARU|MPU|?|NR|PCS 915|MPU,LOW,incomplete exact attributes; no fuzzy merge
Data Setting Penghantar UPT DKSBI.xlsx,BUSPRO,34,f0ba5b0036e47fb050940334d394bb217cdf81dcbdeea63e562db5b25048167c,2026-08-21,BUSPRO,BUSPRO,BUSPRO,UNIT,,ULTG CITRA RAYA,GIS 150KV LONTAR,MPU-A,,3200 / 1,,MPU-A,NR,RCS 915,,Numerik,2010.0,Aktif,ASSET|GIS 150KV LONTAR|MPU-A|?|NR|RCS 915|MPU-A,LOW,incomplete exact attributes; no fuzzy merge
Data Setting Penghantar UPT DKSBI.xlsx,BUSPRO,35,f0ba5b0036e47fb050940334d394bb217cdf81dcbdeea63e562db5b25048167c,2026-08-21,BUSPRO,BUSPRO,BUSPRO,UNIT,,ULTG CITRA RAYA,GIS 150KV LONTAR,MPU-B,,3200 / 1,,MPU-B,NR,RCS 915,,Numerik,2010.0,Aktif,ASSET|GIS 150KV LONTAR|MPU-B|?|NR|RCS 915|MPU-B,LOW,incomplete exact attributes; no fuzzy merge
Data Setting Penghantar UPT DKSBI.xlsx,BUSPRO,36,f0ba5b0036e47fb050940334d394bb217cdf81dcbdeea63e562db5b25048167c,2026-08-21,BUSPRO,BUSPRO,BUSPRO,UNIT,,ULTG DURIKOSAMBI,GI 150KV CENGKARENG,MPU,,,,MPU,Areva,MiCom P741,,Numerik,2012.0,Belum Aktif,ASSET|GI 150KV CENGKARENG|MPU|?|AREVA|MICOM P741|MPU,LOW,incomplete exact attributes; no fuzzy merge
Data Setting Penghantar UPT DKSBI.xlsx,BUSPRO,37,f0ba5b0036e47fb050940334d394bb217cdf81dcbdeea63e562db5b25048167c,2026-08-21,BUSPRO,BUSPRO,BUSPRO,UNIT,,ULTG DURIKOSAMBI,GI 150KV CENGKARENG BARU,MPU,,,,MPU,Alstom,MiCom P746,,Numerik,2018.0,Aktif,ASSET|GI 150KV CENGKARENG BARU|MPU|?|ALSTOM|MICOM P746|MPU,LOW,incomplete exact attributes; no fuzzy merge
Data Setting Penghantar UPT DKSBI.xlsx,BUSPRO,38,f0ba5b0036e47fb050940334d394bb217cdf81dcbdeea63e562db5b25048167c,2026-08-21,BUSPRO,BUSPRO,BUSPRO,UNIT,,ULTG DURIKOSAMBI,GI 150KV CILEDUG,MPU,,,,MPU,GEC Alsthom,MCAG 34,,Elektromekanik,1995.0,Aktif,ASSET|GI 150KV CILEDUG|MPU|?|GEC ALSTHOM|MCAG 34|MPU,LOW,incomplete exact attributes; no fuzzy merge
Data Setting Penghantar UPT DKSBI.xlsx,BUSPRO,39,f0ba5b0036e47fb050940334d394bb217cdf81dcbdeea63e562db5b25048167c,2026-08-21,BUSPRO,BUSPRO,BUSPRO,UNIT,,ULTG DURIKOSAMBI,GI 150KV DURIKOSAMBI,MPU,,,,MPU,GE,B90,20349801.0,Numerik,2015.0,Aktif,SERIAL|20349801,HIGH,exact normalized serial
Data Setting Penghantar UPT DKSBI.xlsx,BUSPRO,40,f0ba5b0036e47fb050940334d394bb217cdf81dcbdeea63e562db5b25048167c,2026-08-21,BUSPRO,BUSPRO,BUSPRO,UNIT,,ULTG DURIKOSAMBI,GI 150KV TANGERANG,MPU,,,,MPU,Alstom,MiCom P746,,Numerik,2022.0,Aktif,ASSET|GI 150KV TANGERANG|MPU|?|ALSTOM|MICOM P746|MPU,LOW,incomplete exact attributes; no fuzzy merge
Data Setting Penghantar UPT DKSBI.xlsx,BUSPRO,41,f0ba5b0036e47fb050940334d394bb217cdf81dcbdeea63e562db5b25048167c,2026-08-21,BUSPRO,BUSPRO,BUSPRO,UNIT,,ULTG DURIKOSAMBI,GIS 150KV ALAM SUTERA,MPU,,4000 / 1,,MPU,Alstom,MiCom P746,,Numerik,2014.0,Aktif,ASSET|GIS 150KV ALAM SUTERA|MPU|?|ALSTOM|MICOM P746|MPU,LOW,incomplete exact attributes; no fuzzy merge
Data Setting Penghantar UPT DKSBI.xlsx,BUSPRO,42,f0ba5b0036e47fb050940334d394bb217cdf81dcbdeea63e562db5b25048167c,2026-08-21,BUSPRO,BUSPRO,BUSPRO,UNIT,,ULTG DURIKOSAMBI,GIS 150KV KEMBANGAN,MPU,,,,MPU,GEC Alsthom,MCAG 34,,Elektromekanik,1994.0,Aktif,ASSET|GIS 150KV KEMBANGAN|MPU|?|GEC ALSTHOM|MCAG 34|MPU,LOW,incomplete exact attributes; no fuzzy merge
Data Setting Penghantar UPT DKSBI.xlsx,BUSPRO,43,f0ba5b0036e47fb050940334d394bb217cdf81dcbdeea63e562db5b25048167c,2026-08-21,BUSPRO,BUSPRO,BUSPRO,UNIT,,ULTG DURIKOSAMBI,GIS 150KV SUMMARECON GADING SERPONG,MPU,,4000 / 1,,MPU,ABB,REB 670,"T1809122, T1809123, T1809121",Numerik,2019.0,Aktif,"SERIAL|T1809122, T1809123, T1809121",HIGH,exact normalized serial
Data Setting Penghantar UPT DKSBI.xlsx,BUSPRO,44,f0ba5b0036e47fb050940334d394bb217cdf81dcbdeea63e562db5b25048167c,2026-08-21,BUSPRO,BUSPRO,BUSPRO,UNIT,,ULTG DURIKOSAMBI,GIS 150KV METLAND,MPU,,,,MPU,,,,,,,ASSET|GIS 150KV METLAND|MPU|?|?|?|MPU,LOW,incomplete exact attributes; no fuzzy merge
Data Setting Penghantar UPT DKSBI.xlsx,BUSPRO,45,f0ba5b0036e47fb050940334d394bb217cdf81dcbdeea63e562db5b25048167c,2026-08-21,BUSPRO,BUSPRO,BUSPRO,UNIT,,ULTG DURIKOSAMBI,GISTET 500KV DURIKOSAMBI,MPU-A,,,,MPU-A,Alstom,MiCom P746,,Numerik,2019.0,Aktif,ASSET|GISTET 500KV DURIKOSAMBI|MPU-A|?|ALSTOM|MICOM P746|MPU-A,LOW,incomplete exact attributes; no fuzzy merge
Data Setting Penghantar UPT DKSBI.xlsx,BUSPRO,46,f0ba5b0036e47fb050940334d394bb217cdf81dcbdeea63e562db5b25048167c,2026-08-21,BUSPRO,BUSPRO,BUSPRO,UNIT,,ULTG DURIKOSAMBI,GISTET 500KV DURIKOSAMBI,MPU-B,,,,MPU-B,GE,B90,,Numerik,2019.0,Aktif,ASSET|GISTET 500KV DURIKOSAMBI|MPU-B|?|GE|B90|MPU-B,LOW,incomplete exact attributes; no fuzzy merge
Data Setting Penghantar UPT DKSBI.xlsx,BUSPRO,47,f0ba5b0036e47fb050940334d394bb217cdf81dcbdeea63e562db5b25048167c,2026-08-21,BUSPRO,BUSPRO,BUSPRO,UNIT,,ULTG DURIKOSAMBI,GISTET 500KV KEMBANGAN,MPU-A,,,,MPU-A,Alstom,MiCom P746,,Numerik,2019.0,Aktif,ASSET|GISTET 500KV KEMBANGAN|MPU-A|?|ALSTOM|MICOM P746|MPU-A,LOW,incomplete exact attributes; no fuzzy merge
Data Setting Penghantar UPT DKSBI.xlsx,BUSPRO,48,f0ba5b0036e47fb050940334d394bb217cdf81dcbdeea63e562db5b25048167c,2026-08-21,BUSPRO,BUSPRO,BUSPRO,UNIT,,ULTG DURIKOSAMBI,GISTET 500KV KEMBANGAN,MPU-B,,,,MPU-B,GE,B90,,Numerik,2019.0,Aktif,ASSET|GISTET 500KV KEMBANGAN|MPU-B|?|GE|B90|MPU-B,LOW,incomplete exact attributes; no fuzzy merge
Data Setting Penghantar UPT DKSBI.xlsx,CBF,10,f0ba5b0036e47fb050940334d394bb217cdf81dcbdeea63e562db5b25048167c,2026-08-21,CBF,CBF,CBF,AUXILIARY,,ULTG CIKUPA,GITET 500KV BALARAJA,IBT,#1,2000 / 1,,CBF,Areva,MiCom P821,3307182.0,Numerik,,,SERIAL|3307182,HIGH,exact normalized serial
Data Setting Penghantar UPT DKSBI.xlsx,CBF,11,f0ba5b0036e47fb050940334d394bb217cdf81dcbdeea63e562db5b25048167c,2026-08-21,CBF,CBF,CBF,AUXILIARY,,ULTG CIKUPA,GITET 500KV BALARAJA,IBT,#2,2000 / 1,,CBF,Areva,MiCom P821,3307172.0,Numerik,,,SERIAL|3307172,HIGH,exact normalized serial
Data Setting Penghantar UPT DKSBI.xlsx,CBF,12,f0ba5b0036e47fb050940334d394bb217cdf81dcbdeea63e562db5b25048167c,2026-08-21,CBF,CBF,CBF,AUXILIARY,,ULTG CIKUPA,GITET 500KV BALARAJA,IBT,#3,1000 / 1,,CBF,Siemens,7VK61,BF1201064272,Numerik,,,SERIAL|BF1201064272,HIGH,exact normalized serial
Data Setting Penghantar UPT DKSBI.xlsx,CBF,13,f0ba5b0036e47fb050940334d394bb217cdf81dcbdeea63e562db5b25048167c,2026-08-21,CBF,CBF,CBF,AUXILIARY,,ULTG CIKUPA,GITET 500KV BALARAJA,IBT,#4,2000 / 1,,CBF,Areva,MiCom P821,32687102/10/13,Numerik,,,SERIAL|32687102/10/13,HIGH,exact normalized serial
Data Setting Penghantar UPT DKSBI.xlsx,CBF,14,f0ba5b0036e47fb050940334d394bb217cdf81dcbdeea63e562db5b25048167c,2026-08-21,CBF,CBF,CBF,AUXILIARY,,ULTG CIKUPA,GITET 500KV BALARAJA,PHT 500kV JAWA 7,#1,4000 / 1,,CBF,Areva,MiCom P821,3307181.0,Numerik,,,SERIAL|3307181,HIGH,exact normalized serial
Data Setting Penghantar UPT DKSBI.xlsx,CBF,15,f0ba5b0036e47fb050940334d394bb217cdf81dcbdeea63e562db5b25048167c,2026-08-21,CBF,CBF,CBF,AUXILIARY,,ULTG CIKUPA,GITET 500KV BALARAJA,PHT 500kV JAWA 7,#2,4000 / 1,,CBF,Schneider,MiCom P142,732190F,Numerik,,,SERIAL|732190F,HIGH,exact normalized serial
Data Setting Penghantar UPT DKSBI.xlsx,CBF,16,f0ba5b0036e47fb050940334d394bb217cdf81dcbdeea63e562db5b25048167c,2026-08-21,CBF,CBF,CBF,AUXILIARY,,ULTG CIKUPA,GITET 500KV BALARAJA,PHT 500kV LENGKONG,#1,4000 / 1,,CBF,Areva,MiCom P821,3307179.0,Numerik,,,SERIAL|3307179,HIGH,exact normalized serial
Data Setting Penghantar UPT DKSBI.xlsx,CBF,17,f0ba5b0036e47fb050940334d394bb217cdf81dcbdeea63e562db5b25048167c,2026-08-21,CBF,CBF,CBF,AUXILIARY,,ULTG CIKUPA,GITET 500KV BALARAJA,PHT 500kV LENGKONG,#2,4000 / 1,,CBF,Areva,MiCom P821,3307174.0,Numerik,,,SERIAL|3307174,HIGH,exact normalized serial
Data Setting Penghantar UPT DKSBI.xlsx,CBF,18,f0ba5b0036e47fb050940334d394bb217cdf81dcbdeea63e562db5b25048167c,2026-08-21,CBF,CBF,CBF,AUXILIARY,,ULTG CIKUPA,GITET 500KV BALARAJA,PHT 500kV SURALAYA,#1,4000 / 1,,CBF,Schneider,MiCom P142,733531F,Numerik,2021.0,,SERIAL|733531F,HIGH,exact normalized serial
Data Setting Penghantar UPT DKSBI.xlsx,CBF,19,f0ba5b0036e47fb050940334d394bb217cdf81dcbdeea63e562db5b25048167c,2026-08-21,CBF,CBF,CBF,AUXILIARY,,ULTG CIKUPA,GITET 500KV BALARAJA,PHT 500kV SURALAYA,#2,4000 / 1,,CBF,Areva,MiCom P821,3307180.0,Numerik,,,SERIAL|3307180,HIGH,exact normalized serial
Data Setting Penghantar UPT DKSBI.xlsx,CBF,20,f0ba5b0036e47fb050940334d394bb217cdf81dcbdeea63e562db5b25048167c,2026-08-21,CBF,CBF,CBF,AUXILIARY,,ULTG CIKUPA,GITET 500KV BALARAJA,PHT 500kV KEMBANGAN (FUTURE),#1,2000 / 1,,CBF,SIEMENS,7VK87,BM1803010496,Numerik,,,SERIAL|BM1803010496,HIGH,exact normalized serial
Data Setting Penghantar UPT DKSBI.xlsx,CBF,21,f0ba5b0036e47fb050940334d394bb217cdf81dcbdeea63e562db5b25048167c,2026-08-21,CBF,CBF,CBF,AUXILIARY,,ULTG CIKUPA,GITET 500KV BALARAJA,PHT 500kV KEMBANGAN (FUTURE),#2,2000 / 1,,CBF,SIEMENS,7VK87,BM1803010493,Numerik,,,SERIAL|BM1803010493,HIGH,exact normalized serial
Data Setting Penghantar UPT DKSBI.xlsx,CBF,22,f0ba5b0036e47fb050940334d394bb217cdf81dcbdeea63e562db5b25048167c,2026-08-21,CBF,CBF,CBF,AUXILIARY,,ULTG CIKUPA,GITET 500KV BALARAJA,,,2000 / 1,,CBF,Areva,MiCom P821,3307173.0,Numerik,,,SERIAL|3307173,HIGH,exact normalized serial
Data Setting Penghantar UPT DKSBI.xlsx,CBF,23,f0ba5b0036e47fb050940334d394bb217cdf81dcbdeea63e562db5b25048167c,2026-08-21,CBF,CBF,CBF,AUXILIARY,,ULTG CIKUPA,GITET 500KV BALARAJA,,,2000 / 1,,CBF,Areva,MiCom P821,3307171.0,Numerik,,,SERIAL|3307171,HIGH,exact normalized serial
Data Setting Penghantar UPT DKSBI.xlsx,CBF,24,f0ba5b0036e47fb050940334d394bb217cdf81dcbdeea63e562db5b25048167c,2026-08-21,CBF,CBF,CBF,AUXILIARY,,ULTG CIKUPA,GITET 500KV BALARAJA,,,2000 / 1,,CBF,Areva,MiCom P821,3307176.0,Numerik,,,SERIAL|3307176,HIGH,exact normalized serial
Data Setting Penghantar UPT DKSBI.xlsx,CBF,25,f0ba5b0036e47fb050940334d394bb217cdf81dcbdeea63e562db5b25048167c,2026-08-21,CBF,CBF,CBF,AUXILIARY,,ULTG CIKUPA,GITET 500KV BALARAJA,,,2000 / 1,,CBF,Areva,MiCom P821,3307177.0,Numerik,,,SERIAL|3307177,HIGH,exact normalized serial
Data Setting Penghantar UPT DKSBI.xlsx,CBF,26,f0ba5b0036e47fb050940334d394bb217cdf81dcbdeea63e562db5b25048167c,2026-08-21,CBF,CBF,CBF,AUXILIARY,,ULTG CIKUPA,GITET 500KV BALARAJA,,,2000 / 1,,CBF,Siemens,7VK61,BF1201064277,Numerik,,,SERIAL|BF1201064277,HIGH,exact normalized serial
Data Setting Penghantar UPT DKSBI.xlsx,CBF,27,f0ba5b0036e47fb050940334d394bb217cdf81dcbdeea63e562db5b25048167c,2026-08-21,CBF,CBF,CBF,AUXILIARY,,ULTG CIKUPA,GITET 500KV BALARAJA,,,2000 / 1,,CBF,Areva,MiCom P821,32687103/10/13,Numerik,,,SERIAL|32687103/10/13,HIGH,exact normalized serial
Data Setting Penghantar UPT DKSBI.xlsx,CBF,28,f0ba5b0036e47fb050940334d394bb217cdf81dcbdeea63e562db5b25048167c,2026-08-21,CBF,CBF,CBF,AUXILIARY,,ULTG DURIKOSAMBI,GISTET 500KV DURIKOSAMBI,IBT,#1,,,CBF,,,,,,,ASSET|GISTET 500KV DURIKOSAMBI|IBT|#1|?|?|CBF,LOW,incomplete exact attributes; no fuzzy merge
Data Setting Penghantar UPT DKSBI.xlsx,CBF,29,f0ba5b0036e47fb050940334d394bb217cdf81dcbdeea63e562db5b25048167c,2026-08-21,CBF,CBF,CBF,AUXILIARY,,ULTG DURIKOSAMBI,GISTET 500KV DURIKOSAMBI,IBT,#2,,,CBF,,,,,,,ASSET|GISTET 500KV DURIKOSAMBI|IBT|#2|?|?|CBF,LOW,incomplete exact attributes; no fuzzy merge
Data Setting Penghantar UPT DKSBI.xlsx,CBF,30,f0ba5b0036e47fb050940334d394bb217cdf81dcbdeea63e562db5b25048167c,2026-08-21,CBF,CBF,CBF,AUXILIARY,,ULTG DURIKOSAMBI,GISTET 500KV DURIKOSAMBI,PHT 500kV GANDUL,#1,,,CBF,,,,,,,ASSET|GISTET 500KV DURIKOSAMBI|PHT 500KV GANDUL|#1|?|?|CBF,LOW,incomplete exact attributes; no fuzzy merge
Data Setting Penghantar UPT DKSBI.xlsx,CBF,31,f0ba5b0036e47fb050940334d394bb217cdf81dcbdeea63e562db5b25048167c,2026-08-21,CBF,CBF,CBF,AUXILIARY,,ULTG DURIKOSAMBI,GISTET 500KV DURIKOSAMBI,PHT 500kV KEMBANGAN,#2,,,CBF,,,,,,,ASSET|GISTET 500KV DURIKOSAMBI|PHT 500KV KEMBANGAN|#2|?|?|CBF,LOW,incomplete exact attributes; no fuzzy merge
Data Setting Penghantar UPT DKSBI.xlsx,CBF,32,f0ba5b0036e47fb050940334d394bb217cdf81dcbdeea63e562db5b25048167c,2026-08-21,CBF,CBF,CBF,AUXILIARY,,ULTG DURIKOSAMBI,GISTET 500KV DURIKOSAMBI,IBT (FUTURE),#3,,,CBF,,,,,,,ASSET|GISTET 500KV DURIKOSAMBI|IBT (FUTURE)|#3|?|?|CBF,LOW,incomplete exact attributes; no fuzzy merge
Data Setting Penghantar UPT DKSBI.xlsx,CBF,33,f0ba5b0036e47fb050940334d394bb217cdf81dcbdeea63e562db5b25048167c,2026-08-21,CBF,CBF,CBF,AUXILIARY,,ULTG DURIKOSAMBI,GISTET 500KV DURIKOSAMBI,IBT (FUTURE),#4,,,CBF,,,,,,,ASSET|GISTET 500KV DURIKOSAMBI|IBT (FUTURE)|#4|?|?|CBF,LOW,incomplete exact attributes; no fuzzy merge
Data Setting Penghantar UPT DKSBI.xlsx,CBF,34,f0ba5b0036e47fb050940334d394bb217cdf81dcbdeea63e562db5b25048167c,2026-08-21,CBF,CBF,CBF,AUXILIARY,,ULTG DURIKOSAMBI,GISTET 500KV DURIKOSAMBI,PHT 500kV MUARAKARANG (FUTURE),#1,,,CBF,,,,,,,ASSET|GISTET 500KV DURIKOSAMBI|PHT 500KV MUARAKARANG (FUTURE)|#1|?|?|CBF,LOW,incomplete exact attributes; no fuzzy merge
Data Setting Penghantar UPT DKSBI.xlsx,CBF,35,f0ba5b0036e47fb050940334d394bb217cdf81dcbdeea63e562db5b25048167c,2026-08-21,CBF,CBF,CBF,AUXILIARY,,ULTG DURIKOSAMBI,GISTET 500KV DURIKOSAMBI,PHT 500kV MUARAKARANG (FUTURE),#2,,,CBF,,,,,,,ASSET|GISTET 500KV DURIKOSAMBI|PHT 500KV MUARAKARANG (FUTURE)|#2|?|?|CBF,LOW,incomplete exact attributes; no fuzzy merge
Data Setting Penghantar UPT DKSBI.xlsx,CBF,36,f0ba5b0036e47fb050940334d394bb217cdf81dcbdeea63e562db5b25048167c,2026-08-21,CBF,CBF,CBF,AUXILIARY,,ULTG DURIKOSAMBI,GISTET 500KV DURIKOSAMBI,,,,,CBF,,,,,,,ASSET|GISTET 500KV DURIKOSAMBI|?|?|?|?|CBF,LOW,incomplete exact attributes; no fuzzy merge
Data Setting Penghantar UPT DKSBI.xlsx,CBF,37,f0ba5b0036e47fb050940334d394bb217cdf81dcbdeea63e562db5b25048167c,2026-08-21,CBF,CBF,CBF,AUXILIARY,,ULTG DURIKOSAMBI,GISTET 500KV DURIKOSAMBI,,,,,CBF,,,,,,,ASSET|GISTET 500KV DURIKOSAMBI|?|?|?|?|CBF,LOW,incomplete exact attributes; no fuzzy merge
Data Setting Penghantar UPT DKSBI.xlsx,CBF,38,f0ba5b0036e47fb050940334d394bb217cdf81dcbdeea63e562db5b25048167c,2026-08-21,CBF,CBF,CBF,AUXILIARY,,ULTG DURIKOSAMBI,GISTET 500KV DURIKOSAMBI,,,,,CBF,,,,,,,ASSET|GISTET 500KV DURIKOSAMBI|?|?|?|?|CBF,LOW,incomplete exact attributes; no fuzzy merge
Data Setting Penghantar UPT DKSBI.xlsx,CBF,39,f0ba5b0036e47fb050940334d394bb217cdf81dcbdeea63e562db5b25048167c,2026-08-21,CBF,CBF,CBF,AUXILIARY,,ULTG DURIKOSAMBI,GISTET 500KV DURIKOSAMBI,,,,,CBF,,,,,,,ASSET|GISTET 500KV DURIKOSAMBI|?|?|?|?|CBF,LOW,incomplete exact attributes; no fuzzy merge
Data Setting Penghantar UPT DKSBI.xlsx,CBF,40,f0ba5b0036e47fb050940334d394bb217cdf81dcbdeea63e562db5b25048167c,2026-08-21,CBF,CBF,CBF,AUXILIARY,,ULTG DURIKOSAMBI,GISTET 500KV KEMBANGAN,IBT,#1,1000 / 1,,CBF,GEC Alstom,MCGG,633932B,Elektromekanik,,,SERIAL|633932B,HIGH,exact normalized serial
Data Setting Penghantar UPT DKSBI.xlsx,CBF,41,f0ba5b0036e47fb050940334d394bb217cdf81dcbdeea63e562db5b25048167c,2026-08-21,CBF,CBF,CBF,AUXILIARY,,ULTG DURIKOSAMBI,GISTET 500KV KEMBANGAN,IBT,#1,1000 / 1,,CBF,GEC Alstom,MCGG,633933B,Elektromekanik,,,SERIAL|633933B,HIGH,exact normalized serial
Data Setting Penghantar UPT DKSBI.xlsx,CBF,42,f0ba5b0036e47fb050940334d394bb217cdf81dcbdeea63e562db5b25048167c,2026-08-21,CBF,CBF,CBF,AUXILIARY,,ULTG DURIKOSAMBI,GISTET 500KV KEMBANGAN,IBT,#1,1000 / 1,,CBF,GEC Alstom,MCGG,633922B,Elektromekanik,,,SERIAL|633922B,HIGH,exact normalized serial
Data Setting Penghantar UPT DKSBI.xlsx,CBF,43,f0ba5b0036e47fb050940334d394bb217cdf81dcbdeea63e562db5b25048167c,2026-08-21,CBF,CBF,CBF,AUXILIARY,,ULTG DURIKOSAMBI,GISTET 500KV KEMBANGAN,IBT,#1,1000 / 1,,CBF,GEC Alstom,MCGG,633923B,Elektromekanik,,,SERIAL|633923B,HIGH,exact normalized serial
Data Setting Penghantar UPT DKSBI.xlsx,CBF,44,f0ba5b0036e47fb050940334d394bb217cdf81dcbdeea63e562db5b25048167c,2026-08-21,CBF,CBF,CBF,AUXILIARY,,ULTG DURIKOSAMBI,GISTET 500KV KEMBANGAN,IBT,#1,2000 / 5,,CBF,GEC Alstom,MCGG,633903B,Elektromekanik,,,SERIAL|633903B,HIGH,exact normalized serial
Data Setting Penghantar UPT DKSBI.xlsx,CBF,45,f0ba5b0036e47fb050940334d394bb217cdf81dcbdeea63e562db5b25048167c,2026-08-21,CBF,CBF,CBF,AUXILIARY,,ULTG DURIKOSAMBI,GISTET 500KV KEMBANGAN,IBT,#1,2000 / 5,,CBF,GEC Alstom,MCGG,633904B,Elektromekanik,,,SERIAL|633904B,HIGH,exact normalized serial
Data Setting Penghantar UPT DKSBI.xlsx,CBF,46,f0ba5b0036e47fb050940334d394bb217cdf81dcbdeea63e562db5b25048167c,2026-08-21,CBF,CBF,CBF,AUXILIARY,,ULTG DURIKOSAMBI,GISTET 500KV KEMBANGAN,IBT,#2,,,CBF,GEC,MCTI 39,,Elektromekanik,,,ASSET|GISTET 500KV KEMBANGAN|IBT|#2|GEC|MCTI 39|CBF,MEDIUM,exact normalized asset attributes
Data Setting Penghantar UPT DKSBI.xlsx,CBF,47,f0ba5b0036e47fb050940334d394bb217cdf81dcbdeea63e562db5b25048167c,2026-08-21,CBF,CBF,CBF,AUXILIARY,,ULTG DURIKOSAMBI,GISTET 500KV KEMBANGAN,PHT 500kV DURIKOSAMBI,#1,,,CBF,,,,,,,ASSET|GISTET 500KV KEMBANGAN|PHT 500KV DURIKOSAMBI|#1|?|?|CBF,LOW,incomplete exact attributes; no fuzzy merge
Data Setting Penghantar UPT DKSBI.xlsx,CBF,48,f0ba5b0036e47fb050940334d394bb217cdf81dcbdeea63e562db5b25048167c,2026-08-21,CBF,CBF,CBF,AUXILIARY,,ULTG DURIKOSAMBI,GISTET 500KV KEMBANGAN,PHT 500kV DURIKOSAMBI,#2,,,CBF,,,,,,,ASSET|GISTET 500KV KEMBANGAN|PHT 500KV DURIKOSAMBI|#2|?|?|CBF,LOW,incomplete exact attributes; no fuzzy merge
Data Setting Penghantar UPT DKSBI.xlsx,CBF,49,f0ba5b0036e47fb050940334d394bb217cdf81dcbdeea63e562db5b25048167c,2026-08-21,CBF,CBF,CBF,AUXILIARY,,ULTG DURIKOSAMBI,GISTET 500KV KEMBANGAN,PHT 500kV GANDUL,#1,,,CBF,,,,,,,ASSET|GISTET 500KV KEMBANGAN|PHT 500KV GANDUL|#1|?|?|CBF,LOW,incomplete exact attributes; no fuzzy merge
Data Setting Penghantar UPT DKSBI.xlsx,CBF,50,f0ba5b0036e47fb050940334d394bb217cdf81dcbdeea63e562db5b25048167c,2026-08-21,CBF,CBF,CBF,AUXILIARY,,ULTG DURIKOSAMBI,GISTET 500KV KEMBANGAN,PHT 500kV GANDUL,#2,,,CBF,,,,,,,ASSET|GISTET 500KV KEMBANGAN|PHT 500KV GANDUL|#2|?|?|CBF,LOW,incomplete exact attributes; no fuzzy merge
Data Setting Penghantar UPT DKSBI.xlsx,CBF,51,f0ba5b0036e47fb050940334d394bb217cdf81dcbdeea63e562db5b25048167c,2026-08-21,CBF,CBF,CBF,AUXILIARY,,ULTG DURIKOSAMBI,GISTET 500KV KEMBANGAN,PHT 500kV BALARAJA (FUTURE),#1,,,CBF,,,,,,,ASSET|GISTET 500KV KEMBANGAN|PHT 500KV BALARAJA (FUTURE)|#1|?|?|CBF,LOW,incomplete exact attributes; no fuzzy merge
Data Setting Penghantar UPT DKSBI.xlsx,CBF,52,f0ba5b0036e47fb050940334d394bb217cdf81dcbdeea63e562db5b25048167c,2026-08-21,CBF,CBF,CBF,AUXILIARY,,ULTG DURIKOSAMBI,GISTET 500KV KEMBANGAN,PHT 500kV BALARAJA (FUTURE),#2,,,CBF,,,,,,,ASSET|GISTET 500KV KEMBANGAN|PHT 500KV BALARAJA (FUTURE)|#2|?|?|CBF,LOW,incomplete exact attributes; no fuzzy merge
Data Setting Penghantar UPT DKSBI.xlsx,CBF,53,f0ba5b0036e47fb050940334d394bb217cdf81dcbdeea63e562db5b25048167c,2026-08-21,CBF,CBF,CBF,AUXILIARY,,ULTG DURIKOSAMBI,GISTET 500KV KEMBANGAN,,,,,CBF,,,,,,,ASSET|GISTET 500KV KEMBANGAN|?|?|?|?|CBF,LOW,incomplete exact attributes; no fuzzy merge
Data Setting Penghantar UPT DKSBI.xlsx,CBF,54,f0ba5b0036e47fb050940334d394bb217cdf81dcbdeea63e562db5b25048167c,2026-08-21,CBF,CBF,CBF,AUXILIARY,,ULTG DURIKOSAMBI,GISTET 500KV KEMBANGAN,,,,,CBF,,,,,,,ASSET|GISTET 500KV KEMBANGAN|?|?|?|?|CBF,LOW,incomplete exact attributes; no fuzzy merge
Data Setting Penghantar UPT DKSBI.xlsx,CBF,55,f0ba5b0036e47fb050940334d394bb217cdf81dcbdeea63e562db5b25048167c,2026-08-21,CBF,CBF,CBF,AUXILIARY,,ULTG DURIKOSAMBI,GISTET 500KV KEMBANGAN,,,,,CBF,,,,,,,ASSET|GISTET 500KV KEMBANGAN|?|?|?|?|CBF,LOW,incomplete exact attributes; no fuzzy merge
Data Setting Penghantar UPT DKSBI.xlsx,CBF,56,f0ba5b0036e47fb050940334d394bb217cdf81dcbdeea63e562db5b25048167c,2026-08-21,CBF,CBF,CBF,AUXILIARY,,ULTG DURIKOSAMBI,GISTET 500KV KEMBANGAN,,,,,CBF,,,,,,,ASSET|GISTET 500KV KEMBANGAN|?|?|?|?|CBF,LOW,incomplete exact attributes; no fuzzy merge
Data Setting Penghantar UPT DKSBI.xlsx,CBF,57,f0ba5b0036e47fb050940334d394bb217cdf81dcbdeea63e562db5b25048167c,2026-08-21,CBF,CBF,CBF,AUXILIARY,,ULTG DURIKOSAMBI,GI 150KV ANGKE,TRF,#1,,,CBF,,,,,,,ASSET|GI 150KV ANGKE|TRF|#1|?|?|CBF,LOW,incomplete exact attributes; no fuzzy merge
Data Setting Penghantar UPT DKSBI.xlsx,CBF,58,f0ba5b0036e47fb050940334d394bb217cdf81dcbdeea63e562db5b25048167c,2026-08-21,CBF,CBF,CBF,AUXILIARY,,ULTG DURIKOSAMBI,GI 150KV ANGKE,TRF,#2,,,CBF,,,,,,,ASSET|GI 150KV ANGKE|TRF|#2|?|?|CBF,LOW,incomplete exact attributes; no fuzzy merge
Data Setting Penghantar UPT DKSBI.xlsx,CBF,59,f0ba5b0036e47fb050940334d394bb217cdf81dcbdeea63e562db5b25048167c,2026-08-21,CBF,CBF,CBF,AUXILIARY,,ULTG DURIKOSAMBI,GI 150KV ANGKE,TRF,#3,,,CBF,,,,,,,ASSET|GI 150KV ANGKE|TRF|#3|?|?|CBF,LOW,incomplete exact attributes; no fuzzy merge
Data Setting Penghantar UPT DKSBI.xlsx,CBF,60,f0ba5b0036e47fb050940334d394bb217cdf81dcbdeea63e562db5b25048167c,2026-08-21,CBF,CBF,CBF,AUXILIARY,,ULTG DURIKOSAMBI,GI 150KV ANGKE,TRF,#4,,,CBF,,,,,,,ASSET|GI 150KV ANGKE|TRF|#4|?|?|CBF,LOW,incomplete exact attributes; no fuzzy merge
Data Setting Penghantar UPT DKSBI.xlsx,CBF,61,f0ba5b0036e47fb050940334d394bb217cdf81dcbdeea63e562db5b25048167c,2026-08-21,CBF,CBF,CBF,AUXILIARY,,ULTG DURIKOSAMBI,GI 150KV ANGKE,PHT 150kV ANCOL,#1,,,CBF,,,,,,,ASSET|GI 150KV ANGKE|PHT 150KV ANCOL|#1|?|?|CBF,LOW,incomplete exact attributes; no fuzzy merge
Data Setting Penghantar UPT DKSBI.xlsx,CBF,62,f0ba5b0036e47fb050940334d394bb217cdf81dcbdeea63e562db5b25048167c,2026-08-21,CBF,CBF,CBF,AUXILIARY,,ULTG DURIKOSAMBI,GI 150KV ANGKE,PHT 150kV ANCOL,#2,,,CBF,,,,,,,ASSET|GI 150KV ANGKE|PHT 150KV ANCOL|#2|?|?|CBF,LOW,incomplete exact attributes; no fuzzy merge
Data Setting Penghantar UPT DKSBI.xlsx,CBF,63,f0ba5b0036e47fb050940334d394bb217cdf81dcbdeea63e562db5b25048167c,2026-08-21,CBF,CBF,CBF,AUXILIARY,,ULTG DURIKOSAMBI,GI 150KV ANGKE,PHT 150kV KARET LAMA,#1,,,CBF,,,,,,,ASSET|GI 150KV ANGKE|PHT 150KV KARET LAMA|#1|?|?|CBF,LOW,incomplete exact attributes; no fuzzy merge
Data Setting Penghantar UPT DKSBI.xlsx,CBF,64,f0ba5b0036e47fb050940334d394bb217cdf81dcbdeea63e562db5b25048167c,2026-08-21,CBF,CBF,CBF,AUXILIARY,,ULTG DURIKOSAMBI,GI 150KV ANGKE,PHT 150kV KARET LAMA,#2,,,CBF,,,,,,,ASSET|GI 150KV ANGKE|PHT 150KV KARET LAMA|#2|?|?|CBF,LOW,incomplete exact attributes; no fuzzy merge
Data Setting Penghantar UPT DKSBI.xlsx,CBF,65,f0ba5b0036e47fb050940334d394bb217cdf81dcbdeea63e562db5b25048167c,2026-08-21,CBF,CBF,CBF,AUXILIARY,,ULTG DURIKOSAMBI,GI 150KV ANGKE,PHT 150kV KETAPANG,#1,,,CBF,,,,,,,ASSET|GI 150KV ANGKE|PHT 150KV KETAPANG|#1|?|?|CBF,LOW,incomplete exact attributes; no fuzzy merge
Data Setting Penghantar UPT DKSBI.xlsx,CBF,66,f0ba5b0036e47fb050940334d394bb217cdf81dcbdeea63e562db5b25048167c,2026-08-21,CBF,CBF,CBF,AUXILIARY,,ULTG DURIKOSAMBI,GI 150KV ANGKE,PHT 150kV KETAPANG,#2,,,CBF,,,,,,,ASSET|GI 150KV ANGKE|PHT 150KV KETAPANG|#2|?|?|CBF,LOW,incomplete exact attributes; no fuzzy merge
Data Setting Penghantar UPT DKSBI.xlsx,CBF,67,f0ba5b0036e47fb050940334d394bb217cdf81dcbdeea63e562db5b25048167c,2026-08-21,CBF,CBF,CBF,AUXILIARY,,ULTG DURIKOSAMBI,GI 150KV ANGKE,PHT 150kV MUARAKARANG LAMA,#1,,,CBF,,,,,,,ASSET|GI 150KV ANGKE|PHT 150KV MUARAKARANG LAMA|#1|?|?|CBF,LOW,incomplete exact attributes; no fuzzy merge
Data Setting Penghantar UPT DKSBI.xlsx,CBF,68,f0ba5b0036e47fb050940334d394bb217cdf81dcbdeea63e562db5b25048167c,2026-08-21,CBF,CBF,CBF,AUXILIARY,,ULTG DURIKOSAMBI,GI 150KV ANGKE,PHT 150kV MUARAKARANG LAMA,#2,,,CBF,,,,,,,ASSET|GI 150KV ANGKE|PHT 150KV MUARAKARANG LAMA|#2|?|?|CBF,LOW,incomplete exact attributes; no fuzzy merge
Data Setting Penghantar UPT DKSBI.xlsx,CBF,69,f0ba5b0036e47fb050940334d394bb217cdf81dcbdeea63e562db5b25048167c,2026-08-21,CBF,CBF,CBF,AUXILIARY,,ULTG DURIKOSAMBI,GI 150KV ANGKE,PHT 150kV UGC MUARAKARANG LAMA,#1,,,CBF,,,,,,,ASSET|GI 150KV ANGKE|PHT 150KV UGC MUARAKARANG LAMA|#1|?|?|CBF,LOW,incomplete exact attributes; no fuzzy merge
Data Setting Penghantar UPT DKSBI.xlsx,CBF,70,f0ba5b0036e47fb050940334d394bb217cdf81dcbdeea63e562db5b25048167c,2026-08-21,CBF,CBF,CBF,AUXILIARY,,ULTG DURIKOSAMBI,GI 150KV ANGKE,PHT 150kV UGC MUARAKARANG LAMA,#2,,,CBF,,,,,,,ASSET|GI 150KV ANGKE|PHT 150KV UGC MUARAKARANG LAMA|#2|?|?|CBF,LOW,incomplete exact attributes; no fuzzy merge
Data Setting Penghantar UPT DKSBI.xlsx,CBF,71,f0ba5b0036e47fb050940334d394bb217cdf81dcbdeea63e562db5b25048167c,2026-08-21,CBF,CBF,CBF,AUXILIARY,,ULTG CIKUPA,GI 150KV BALARAJA,TRF,#1,,,CBF,,,,,,,ASSET|GI 150KV BALARAJA|TRF|#1|?|?|CBF,LOW,incomplete exact attributes; no fuzzy merge
Data Setting Penghantar UPT DKSBI.xlsx,CBF,72,f0ba5b0036e47fb050940334d394bb217cdf81dcbdeea63e562db5b25048167c,2026-08-21,CBF,CBF,CBF,AUXILIARY,,ULTG CIKUPA,GI 150KV BALARAJA,TRF,#2,,,CBF,,,,,,,ASSET|GI 150KV BALARAJA|TRF|#2|?|?|CBF,LOW,incomplete exact attributes; no fuzzy merge
Data Setting Penghantar UPT DKSBI.xlsx,CBF,73,f0ba5b0036e47fb050940334d394bb217cdf81dcbdeea63e562db5b25048167c,2026-08-21,CBF,CBF,CBF,AUXILIARY,,ULTG CIKUPA,GI 150KV BALARAJA,TRF,#3,,,CBF,,,,,,,ASSET|GI 150KV BALARAJA|TRF|#3|?|?|CBF,LOW,incomplete exact attributes; no fuzzy merge
Data Setting Penghantar UPT DKSBI.xlsx,CBF,74,f0ba5b0036e47fb050940334d394bb217cdf81dcbdeea63e562db5b25048167c,2026-08-21,CBF,CBF,CBF,AUXILIARY,,ULTG CIKUPA,GI 150KV BALARAJA,TRF,#4,,,CBF,,,,,,,ASSET|GI 150KV BALARAJA|TRF|#4|?|?|CBF,LOW,incomplete exact attributes; no fuzzy merge
Data Setting Penghantar UPT DKSBI.xlsx,CBF,75,f0ba5b0036e47fb050940334d394bb217cdf81dcbdeea63e562db5b25048167c,2026-08-21,CBF,CBF,CBF,AUXILIARY,,ULTG CIKUPA,GI 150KV BALARAJA,PHT 150kV CIKANDE,#1,,,CBF,,,,,,,ASSET|GI 150KV BALARAJA|PHT 150KV CIKANDE|#1|?|?|CBF,LOW,incomplete exact attributes; no fuzzy merge
Data Setting Penghantar UPT DKSBI.xlsx,CBF,76,f0ba5b0036e47fb050940334d394bb217cdf81dcbdeea63e562db5b25048167c,2026-08-21,CBF,CBF,CBF,AUXILIARY,,ULTG CIKUPA,GI 150KV BALARAJA,PHT 150kV CIKANDE,#2,,,CBF,,,,,,,ASSET|GI 150KV BALARAJA|PHT 150KV CIKANDE|#2|?|?|CBF,LOW,incomplete exact attributes; no fuzzy merge
Data Setting Penghantar UPT DKSBI.xlsx,CBF,77,f0ba5b0036e47fb050940334d394bb217cdf81dcbdeea63e562db5b25048167c,2026-08-21,CBF,CBF,CBF,AUXILIARY,,ULTG CIKUPA,GI 150KV BALARAJA,PHT 150kV SUVARNA SUTERA,#1,,,CBF,,,,,,,ASSET|GI 150KV BALARAJA|PHT 150KV SUVARNA SUTERA|#1|?|?|CBF,LOW,incomplete exact attributes; no fuzzy merge
Data Setting Penghantar UPT DKSBI.xlsx,CBF,78,f0ba5b0036e47fb050940334d394bb217cdf81dcbdeea63e562db5b25048167c,2026-08-21,CBF,CBF,CBF,AUXILIARY,,ULTG CIKUPA,GI 150KV BALARAJA,PHT 150kV SUVARNA SUTERA,#2,,,CBF,,,,,,,ASSET|GI 150KV BALARAJA|PHT 150KV SUVARNA SUTERA|#2|?|?|CBF,LOW,incomplete exact attributes; no fuzzy merge
Data Setting Penghantar UPT DKSBI.xlsx,CBF,79,f0ba5b0036e47fb050940334d394bb217cdf81dcbdeea63e562db5b25048167c,2026-08-21,CBF,CBF,CBF,AUXILIARY,,ULTG CIKUPA,GI 150KV BALARAJA,PHT 150kV NEW BALARAJA,#1,,,CBF,,,,,,,ASSET|GI 150KV BALARAJA|PHT 150KV NEW BALARAJA|#1|?|?|CBF,LOW,incomplete exact attributes; no fuzzy merge
Data Setting Penghantar UPT DKSBI.xlsx,CBF,80,f0ba5b0036e47fb050940334d394bb217cdf81dcbdeea63e562db5b25048167c,2026-08-21,CBF,CBF,CBF,AUXILIARY,,ULTG CIKUPA,GI 150KV BALARAJA,PHT 150kV NEW BALARAJA,#2,,,CBF,,,,,,,ASSET|GI 150KV BALARAJA|PHT 150KV NEW BALARAJA|#2|?|?|CBF,LOW,incomplete exact attributes; no fuzzy merge
Data Setting Penghantar UPT DKSBI.xlsx,CBF,81,f0ba5b0036e47fb050940334d394bb217cdf81dcbdeea63e562db5b25048167c,2026-08-21,CBF,CBF,CBF,AUXILIARY,,ULTG TANGKOT,GI 150KV CENGKARENG,TRF,#1,,,CBF,,,,,,,ASSET|GI 150KV CENGKARENG|TRF|#1|?|?|CBF,LOW,incomplete exact attributes; no fuzzy merge
Data Setting Penghantar UPT DKSBI.xlsx,CBF,82,f0ba5b0036e47fb050940334d394bb217cdf81dcbdeea63e562db5b25048167c,2026-08-21,CBF,CBF,CBF,AUXILIARY,,ULTG TANGKOT,GI 150KV CENGKARENG,TRF,#2,,,CBF,,,,,,,ASSET|GI 150KV CENGKARENG|TRF|#2|?|?|CBF,LOW,incomplete exact attributes; no fuzzy merge
Data Setting Penghantar UPT DKSBI.xlsx,CBF,83,f0ba5b0036e47fb050940334d394bb217cdf81dcbdeea63e562db5b25048167c,2026-08-21,CBF,CBF,CBF,AUXILIARY,,ULTG TANGKOT,GI 150KV CENGKARENG,TRF,#3,,,CBF,,,,,,,ASSET|GI 150KV CENGKARENG|TRF|#3|?|?|CBF,LOW,incomplete exact attributes; no fuzzy merge
Data Setting Penghantar UPT DKSBI.xlsx,CBF,84,f0ba5b0036e47fb050940334d394bb217cdf81dcbdeea63e562db5b25048167c,2026-08-21,CBF,CBF,CBF,AUXILIARY,,ULTG TANGKOT,GI 150KV CENGKARENG,TRF,#4,,,CBF,,,,,,,ASSET|GI 150KV CENGKARENG|TRF|#4|?|?|CBF,LOW,incomplete exact attributes; no fuzzy merge
Data Setting Penghantar UPT DKSBI.xlsx,CBF,85,f0ba5b0036e47fb050940334d394bb217cdf81dcbdeea63e562db5b25048167c,2026-08-21,CBF,CBF,CBF,AUXILIARY,,ULTG TANGKOT,GI 150KV CENGKARENG,TRF,#5,,,CBF,,,,,,,ASSET|GI 150KV CENGKARENG|TRF|#5|?|?|CBF,LOW,incomplete exact attributes; no fuzzy merge
Data Setting Penghantar UPT DKSBI.xlsx,CBF,86,f0ba5b0036e47fb050940334d394bb217cdf81dcbdeea63e562db5b25048167c,2026-08-21,CBF,CBF,CBF,AUXILIARY,,ULTG TANGKOT,GI 150KV CENGKARENG,PHT 150kV DURIKOSAMBI,#1,,,CBF,,,,,,,ASSET|GI 150KV CENGKARENG|PHT 150KV DURIKOSAMBI|#1|?|?|CBF,LOW,incomplete exact attributes; no fuzzy merge
Data Setting Penghantar UPT DKSBI.xlsx,CBF,87,f0ba5b0036e47fb050940334d394bb217cdf81dcbdeea63e562db5b25048167c,2026-08-21,CBF,CBF,CBF,AUXILIARY,,ULTG TANGKOT,GI 150KV CENGKARENG,PHT 150kV DURIKOSAMBI,#2,,,CBF,,,,,,,ASSET|GI 150KV CENGKARENG|PHT 150KV DURIKOSAMBI|#2|?|?|CBF,LOW,incomplete exact attributes; no fuzzy merge
Data Setting Penghantar UPT DKSBI.xlsx,CBF,88,f0ba5b0036e47fb050940334d394bb217cdf81dcbdeea63e562db5b25048167c,2026-08-21,CBF,CBF,CBF,AUXILIARY,,ULTG TANGKOT,GI 150KV CENGKARENG,PHT 150kV TANGERANG,#1,,,CBF,,,,,,,ASSET|GI 150KV CENGKARENG|PHT 150KV TANGERANG|#1|?|?|CBF,LOW,incomplete exact attributes; no fuzzy merge
Data Setting Penghantar UPT DKSBI.xlsx,CBF,89,f0ba5b0036e47fb050940334d394bb217cdf81dcbdeea63e562db5b25048167c,2026-08-21,CBF,CBF,CBF,AUXILIARY,,ULTG TANGKOT,GI 150KV CENGKARENG,PHT 150kV TANGERANG,#2,,,CBF,,,,,,,ASSET|GI 150KV CENGKARENG|PHT 150KV TANGERANG|#2|?|?|CBF,LOW,incomplete exact attributes; no fuzzy merge
Data Setting Penghantar UPT DKSBI.xlsx,CBF,90,f0ba5b0036e47fb050940334d394bb217cdf81dcbdeea63e562db5b25048167c,2026-08-21,CBF,CBF,CBF,AUXILIARY,,ULTG TANGKOT,GI 150KV CENGKARENG,PHT 150kV CENGKARENG BARU,#1,,,CBF,,,,,,,ASSET|GI 150KV CENGKARENG|PHT 150KV CENGKARENG BARU|#1|?|?|CBF,LOW,incomplete exact attributes; no fuzzy merge
Data Setting Penghantar UPT DKSBI.xlsx,CBF,91,f0ba5b0036e47fb050940334d394bb217cdf81dcbdeea63e562db5b25048167c,2026-08-21,CBF,CBF,CBF,AUXILIARY,,ULTG TANGKOT,GI 150KV CENGKARENG,PHT 150kV CENGKARENG BARU,#2,,,CBF,,,,,,,ASSET|GI 150KV CENGKARENG|PHT 150KV CENGKARENG BARU|#2|?|?|CBF,LOW,incomplete exact attributes; no fuzzy merge
Data Setting Penghantar UPT DKSBI.xlsx,CBF,92,f0ba5b0036e47fb050940334d394bb217cdf81dcbdeea63e562db5b25048167c,2026-08-21,CBF,CBF,CBF,AUXILIARY,,ULTG TANGKOT,GI 150KV CENGKARENG BARU,TRF,#1,,,CBF,,,,,,,ASSET|GI 150KV CENGKARENG BARU|TRF|#1|?|?|CBF,LOW,incomplete exact attributes; no fuzzy merge
Data Setting Penghantar UPT DKSBI.xlsx,CBF,93,f0ba5b0036e47fb050940334d394bb217cdf81dcbdeea63e562db5b25048167c,2026-08-21,CBF,CBF,CBF,AUXILIARY,,ULTG TANGKOT,GI 150KV CENGKARENG BARU,TRF,#2,,,CBF,,,,,,,ASSET|GI 150KV CENGKARENG BARU|TRF|#2|?|?|CBF,LOW,incomplete exact attributes; no fuzzy merge
Data Setting Penghantar UPT DKSBI.xlsx,CBF,94,f0ba5b0036e47fb050940334d394bb217cdf81dcbdeea63e562db5b25048167c,2026-08-21,CBF,CBF,CBF,AUXILIARY,,ULTG TANGKOT,GI 150KV CENGKARENG BARU,PHT 150kV CENGKARENG,#1,,,CBF,,,,,,,ASSET|GI 150KV CENGKARENG BARU|PHT 150KV CENGKARENG|#1|?|?|CBF,LOW,incomplete exact attributes; no fuzzy merge
Data Setting Penghantar UPT DKSBI.xlsx,CBF,95,f0ba5b0036e47fb050940334d394bb217cdf81dcbdeea63e562db5b25048167c,2026-08-21,CBF,CBF,CBF,AUXILIARY,,ULTG TANGKOT,GI 150KV CENGKARENG BARU,PHT 150kV CENGKARENG,#2,,,CBF,,,,,,,ASSET|GI 150KV CENGKARENG BARU|PHT 150KV CENGKARENG|#2|?|?|CBF,LOW,incomplete exact attributes; no fuzzy merge
Data Setting Penghantar UPT DKSBI.xlsx,CBF,96,f0ba5b0036e47fb050940334d394bb217cdf81dcbdeea63e562db5b25048167c,2026-08-21,CBF,CBF,CBF,AUXILIARY,,ULTG TANGKOT,GI 150KV CENGKARENG BARU,PHT 150kV TANGERANG BARU,#1,,,CBF,,,,,,,ASSET|GI 150KV CENGKARENG BARU|PHT 150KV TANGERANG BARU|#1|?|?|CBF,LOW,incomplete exact attributes; no fuzzy merge
Data Setting Penghantar UPT DKSBI.xlsx,CBF,97,f0ba5b0036e47fb050940334d394bb217cdf81dcbdeea63e562db5b25048167c,2026-08-21,CBF,CBF,CBF,AUXILIARY,,ULTG TANGKOT,GI 150KV CENGKARENG BARU,PHT 150kV TANGERANG BARU,#2,,,CBF,,,,,,,ASSET|GI 150KV CENGKARENG BARU|PHT 150KV TANGERANG BARU|#2|?|?|CBF,LOW,incomplete exact attributes; no fuzzy merge
Data Setting Penghantar UPT DKSBI.xlsx,CBF,98,f0ba5b0036e47fb050940334d394bb217cdf81dcbdeea63e562db5b25048167c,2026-08-21,CBF,CBF,CBF,AUXILIARY,,ULTG CIKUPA,GI 150KV CIKUPA,TRF,#1,,,CBF,,,,,,,ASSET|GI 150KV CIKUPA|TRF|#1|?|?|CBF,LOW,incomplete exact attributes; no fuzzy merge
Data Setting Penghantar UPT DKSBI.xlsx,CBF,99,f0ba5b0036e47fb050940334d394bb217cdf81dcbdeea63e562db5b25048167c,2026-08-21,CBF,CBF,CBF,AUXILIARY,,ULTG CIKUPA,GI 150KV CIKUPA,TRF,#2,,,CBF,,,,,,,ASSET|GI 150KV CIKUPA|TRF|#2|?|?|CBF,LOW,incomplete exact attributes; no fuzzy merge
Data Setting Penghantar UPT DKSBI.xlsx,CBF,100,f0ba5b0036e47fb050940334d394bb217cdf81dcbdeea63e562db5b25048167c,2026-08-21,CBF,CBF,CBF,AUXILIARY,,ULTG CIKUPA,GI 150KV CIKUPA,TRF,#3,,,CBF,,,,,,,ASSET|GI 150KV CIKUPA|TRF|#3|?|?|CBF,LOW,incomplete exact attributes; no fuzzy merge
Data Setting Penghantar UPT DKSBI.xlsx,CBF,101,f0ba5b0036e47fb050940334d394bb217cdf81dcbdeea63e562db5b25048167c,2026-08-21,CBF,CBF,CBF,AUXILIARY,,ULTG CIKUPA,GI 150KV CIKUPA,PHT 150kV CURUG,#1,,,CBF,,,,,,,ASSET|GI 150KV CIKUPA|PHT 150KV CURUG|#1|?|?|CBF,LOW,incomplete exact attributes; no fuzzy merge
Data Setting Penghantar UPT DKSBI.xlsx,CBF,102,f0ba5b0036e47fb050940334d394bb217cdf81dcbdeea63e562db5b25048167c,2026-08-21,CBF,CBF,CBF,AUXILIARY,,ULTG CIKUPA,GI 150KV CIKUPA,PHT 150kV CURUG,#2,,,CBF,,,,,,,ASSET|GI 150KV CIKUPA|PHT 150KV CURUG|#2|?|?|CBF,LOW,incomplete exact attributes; no fuzzy merge
Data Setting Penghantar UPT DKSBI.xlsx,CBF,103,f0ba5b0036e47fb050940334d394bb217cdf81dcbdeea63e562db5b25048167c,2026-08-21,CBF,CBF,CBF,AUXILIARY,,ULTG CIKUPA,GI 150KV CIKUPA,PHT 150kV SUVARNA SUTERA,#1,,,CBF,,,,,,,ASSET|GI 150KV CIKUPA|PHT 150KV SUVARNA SUTERA|#1|?|?|CBF,LOW,incomplete exact attributes; no fuzzy merge
Data Setting Penghantar UPT DKSBI.xlsx,CBF,104,f0ba5b0036e47fb050940334d394bb217cdf81dcbdeea63e562db5b25048167c,2026-08-21,CBF,CBF,CBF,AUXILIARY,,ULTG CIKUPA,GI 150KV CIKUPA,PHT 150kV SUVARNA SUTERA,#2,,,CBF,,,,,,,ASSET|GI 150KV CIKUPA|PHT 150KV SUVARNA SUTERA|#2|?|?|CBF,LOW,incomplete exact attributes; no fuzzy merge
Data Setting Penghantar UPT DKSBI.xlsx,CBF,105,f0ba5b0036e47fb050940334d394bb217cdf81dcbdeea63e562db5b25048167c,2026-08-21,CBF,CBF,CBF,AUXILIARY,,ULTG CIKUPA,GI 150KV CIKUPA,PHT 150kV JATAKE,#1,,,CBF,,,,,,,ASSET|GI 150KV CIKUPA|PHT 150KV JATAKE|#1|?|?|CBF,LOW,incomplete exact attributes; no fuzzy merge
Data Setting Penghantar UPT DKSBI.xlsx,CBF,106,f0ba5b0036e47fb050940334d394bb217cdf81dcbdeea63e562db5b25048167c,2026-08-21,CBF,CBF,CBF,AUXILIARY,,ULTG CIKUPA,GI 150KV CIKUPA,PHT 150kV JATAKE,#2,,,CBF,,,,,,,ASSET|GI 150KV CIKUPA|PHT 150KV JATAKE|#2|?|?|CBF,LOW,incomplete exact attributes; no fuzzy merge
Data Setting Penghantar UPT DKSBI.xlsx,CBF,107,f0ba5b0036e47fb050940334d394bb217cdf81dcbdeea63e562db5b25048167c,2026-08-21,CBF,CBF,CBF,AUXILIARY,,ULTG CIKUPA,GI 150KV CIKUPA,PHT 150kV PASAR KEMIS,#1,,,CBF,,,,,,,ASSET|GI 150KV CIKUPA|PHT 150KV PASAR KEMIS|#1|?|?|CBF,LOW,incomplete exact attributes; no fuzzy merge
Data Setting Penghantar UPT DKSBI.xlsx,CBF,108,f0ba5b0036e47fb050940334d394bb217cdf81dcbdeea63e562db5b25048167c,2026-08-21,CBF,CBF,CBF,AUXILIARY,,ULTG CIKUPA,GI 150KV CIKUPA,PHT 150kV PASAR KEMIS,#2,,,CBF,,,,,,,ASSET|GI 150KV CIKUPA|PHT 150KV PASAR KEMIS|#2|?|?|CBF,LOW,incomplete exact attributes; no fuzzy merge
Data Setting Penghantar UPT DKSBI.xlsx,CBF,109,f0ba5b0036e47fb050940334d394bb217cdf81dcbdeea63e562db5b25048167c,2026-08-21,CBF,CBF,CBF,AUXILIARY,,ULTG TANGKOT,GI 150KV CILEDUG,TRF,#1,,,CBF,,,,,,,ASSET|GI 150KV CILEDUG|TRF|#1|?|?|CBF,LOW,incomplete exact attributes; no fuzzy merge
Data Setting Penghantar UPT DKSBI.xlsx,CBF,110,f0ba5b0036e47fb050940334d394bb217cdf81dcbdeea63e562db5b25048167c,2026-08-21,CBF,CBF,CBF,AUXILIARY,,ULTG TANGKOT,GI 150KV CILEDUG,TRF,#2,,,CBF,,,,,,,ASSET|GI 150KV CILEDUG|TRF|#2|?|?|CBF,LOW,incomplete exact attributes; no fuzzy merge
Data Setting Penghantar UPT DKSBI.xlsx,CBF,111,f0ba5b0036e47fb050940334d394bb217cdf81dcbdeea63e562db5b25048167c,2026-08-21,CBF,CBF,CBF,AUXILIARY,,ULTG TANGKOT,GI 150KV CILEDUG,TRF,#3,,,CBF,,,,,,,ASSET|GI 150KV CILEDUG|TRF|#3|?|?|CBF,LOW,incomplete exact attributes; no fuzzy merge
Data Setting Penghantar UPT DKSBI.xlsx,CBF,112,f0ba5b0036e47fb050940334d394bb217cdf81dcbdeea63e562db5b25048167c,2026-08-21,CBF,CBF,CBF,AUXILIARY,,ULTG TANGKOT,GI 150KV CILEDUG,TRF,#4,,,CBF,,,,,,,ASSET|GI 150KV CILEDUG|TRF|#4|?|?|CBF,LOW,incomplete exact attributes; no fuzzy merge
Data Setting Penghantar UPT DKSBI.xlsx,CBF,113,f0ba5b0036e47fb050940334d394bb217cdf81dcbdeea63e562db5b25048167c,2026-08-21,CBF,CBF,CBF,AUXILIARY,,ULTG TANGKOT,GI 150KV CILEDUG,PHT 150kV ALAM SUTERA,#1,,,CBF,,,,,,,ASSET|GI 150KV CILEDUG|PHT 150KV ALAM SUTERA|#1|?|?|CBF,LOW,incomplete exact attributes; no fuzzy merge
Data Setting Penghantar UPT DKSBI.xlsx,CBF,114,f0ba5b0036e47fb050940334d394bb217cdf81dcbdeea63e562db5b25048167c,2026-08-21,CBF,CBF,CBF,AUXILIARY,,ULTG TANGKOT,GI 150KV CILEDUG,PHT 150kV ALAM SUTERA,#2,,,CBF,,,,,,,ASSET|GI 150KV CILEDUG|PHT 150KV ALAM SUTERA|#2|?|?|CBF,LOW,incomplete exact attributes; no fuzzy merge
Data Setting Penghantar UPT DKSBI.xlsx,CBF,115,f0ba5b0036e47fb050940334d394bb217cdf81dcbdeea63e562db5b25048167c,2026-08-21,CBF,CBF,CBF,AUXILIARY,,ULTG TANGKOT,GI 150KV CILEDUG,PHT 150kV KEMBANGAN,#1,,,CBF,,,,,,,ASSET|GI 150KV CILEDUG|PHT 150KV KEMBANGAN|#1|?|?|CBF,LOW,incomplete exact attributes; no fuzzy merge
Data Setting Penghantar UPT DKSBI.xlsx,CBF,116,f0ba5b0036e47fb050940334d394bb217cdf81dcbdeea63e562db5b25048167c,2026-08-21,CBF,CBF,CBF,AUXILIARY,,ULTG TANGKOT,GI 150KV CILEDUG,PHT 150kV KEMBANGAN,#2,,,CBF,,,,,,,ASSET|GI 150KV CILEDUG|PHT 150KV KEMBANGAN|#2|?|?|CBF,LOW,incomplete exact attributes; no fuzzy merge
Data Setting Penghantar UPT DKSBI.xlsx,CBF,117,f0ba5b0036e47fb050940334d394bb217cdf81dcbdeea63e562db5b25048167c,2026-08-21,CBF,CBF,CBF,AUXILIARY,,ULTG CIKUPA,GI 150KV CITRA HABITAT,TRF,#1,,,CBF,,,,,,,ASSET|GI 150KV CITRA HABITAT|TRF|#1|?|?|CBF,LOW,incomplete exact attributes; no fuzzy merge
Data Setting Penghantar UPT DKSBI.xlsx,CBF,118,f0ba5b0036e47fb050940334d394bb217cdf81dcbdeea63e562db5b25048167c,2026-08-21,CBF,CBF,CBF,AUXILIARY,,ULTG CIKUPA,GI 150KV CITRA HABITAT,TRF,#2,,,CBF,,,,,,,ASSET|GI 150KV CITRA HABITAT|TRF|#2|?|?|CBF,LOW,incomplete exact attributes; no fuzzy merge
Data Setting Penghantar UPT DKSBI.xlsx,CBF,119,f0ba5b0036e47fb050940334d394bb217cdf81dcbdeea63e562db5b25048167c,2026-08-21,CBF,CBF,CBF,AUXILIARY,,ULTG CIKUPA,GI 150KV CITRA HABITAT,TRF,#3,,,CBF,,,,,,,ASSET|GI 150KV CITRA HABITAT|TRF|#3|?|?|CBF,LOW,incomplete exact attributes; no fuzzy merge
Data Setting Penghantar UPT DKSBI.xlsx,CBF,120,f0ba5b0036e47fb050940334d394bb217cdf81dcbdeea63e562db5b25048167c,2026-08-21,CBF,CBF,CBF,AUXILIARY,,ULTG CIKUPA,GI 150KV CITRA HABITAT,TRF,#4,,,CBF,,,,,,,ASSET|GI 150KV CITRA HABITAT|TRF|#4|?|?|CBF,LOW,incomplete exact attributes; no fuzzy merge
Data Setting Penghantar UPT DKSBI.xlsx,CBF,121,f0ba5b0036e47fb050940334d394bb217cdf81dcbdeea63e562db5b25048167c,2026-08-21,CBF,CBF,CBF,AUXILIARY,,ULTG CIKUPA,GI 150KV CITRA HABITAT,PHT 150kV LEGOK,#1,,,CBF,,,,,,,ASSET|GI 150KV CITRA HABITAT|PHT 150KV LEGOK|#1|?|?|CBF,LOW,incomplete exact attributes; no fuzzy merge
Data Setting Penghantar UPT DKSBI.xlsx,CBF,122,f0ba5b0036e47fb050940334d394bb217cdf81dcbdeea63e562db5b25048167c,2026-08-21,CBF,CBF,CBF,AUXILIARY,,ULTG CIKUPA,GI 150KV CITRA HABITAT,PHT 150kV LEGOK,#2,,,CBF,,,,,,,ASSET|GI 150KV CITRA HABITAT|PHT 150KV LEGOK|#2|?|?|CBF,LOW,incomplete exact attributes; no fuzzy merge
Data Setting Penghantar UPT DKSBI.xlsx,CBF,123,f0ba5b0036e47fb050940334d394bb217cdf81dcbdeea63e562db5b25048167c,2026-08-21,CBF,CBF,CBF,AUXILIARY,,ULTG CIKUPA,GI 150KV CITRA HABITAT,PHT 150kV MILENIUM,#1,,,CBF,,,,,,,ASSET|GI 150KV CITRA HABITAT|PHT 150KV MILENIUM|#1|?|?|CBF,LOW,incomplete exact attributes; no fuzzy merge
Data Setting Penghantar UPT DKSBI.xlsx,CBF,124,f0ba5b0036e47fb050940334d394bb217cdf81dcbdeea63e562db5b25048167c,2026-08-21,CBF,CBF,CBF,AUXILIARY,,ULTG CIKUPA,GI 150KV CITRA HABITAT,PHT 150kV MILENIUM,#2,,,CBF,,,,,,,ASSET|GI 150KV CITRA HABITAT|PHT 150KV MILENIUM|#2|?|?|CBF,LOW,incomplete exact attributes; no fuzzy merge
Data Setting Penghantar UPT DKSBI.xlsx,CBF,125,f0ba5b0036e47fb050940334d394bb217cdf81dcbdeea63e562db5b25048167c,2026-08-21,CBF,CBF,CBF,AUXILIARY,,ULTG CIKUPA,GI 150KV CITRA HABITAT,PHT 150kV TIGARAKSA,#1,,,CBF,,,,,,,ASSET|GI 150KV CITRA HABITAT|PHT 150KV TIGARAKSA|#1|?|?|CBF,LOW,incomplete exact attributes; no fuzzy merge
Data Setting Penghantar UPT DKSBI.xlsx,CBF,126,f0ba5b0036e47fb050940334d394bb217cdf81dcbdeea63e562db5b25048167c,2026-08-21,CBF,CBF,CBF,AUXILIARY,,ULTG CIKUPA,GI 150KV CITRA HABITAT,PHT 150kV TIGARAKSA,#2,,,CBF,,,,,,,ASSET|GI 150KV CITRA HABITAT|PHT 150KV TIGARAKSA|#2|?|?|CBF,LOW,incomplete exact attributes; no fuzzy merge
Data Setting Penghantar UPT DKSBI.xlsx,CBF,127,f0ba5b0036e47fb050940334d394bb217cdf81dcbdeea63e562db5b25048167c,2026-08-21,CBF,CBF,CBF,AUXILIARY,,ULTG TANGKOT,GI 150KV CURUG,TRF,#1,,,CBF,,,,,,,ASSET|GI 150KV CURUG|TRF|#1|?|?|CBF,LOW,incomplete exact attributes; no fuzzy merge
Data Setting Penghantar UPT DKSBI.xlsx,CBF,128,f0ba5b0036e47fb050940334d394bb217cdf81dcbdeea63e562db5b25048167c,2026-08-21,CBF,CBF,CBF,AUXILIARY,,ULTG TANGKOT,GI 150KV CURUG,TRF,#2,,,CBF,,,,,,,ASSET|GI 150KV CURUG|TRF|#2|?|?|CBF,LOW,incomplete exact attributes; no fuzzy merge
Data Setting Penghantar UPT DKSBI.xlsx,CBF,129,f0ba5b0036e47fb050940334d394bb217cdf81dcbdeea63e562db5b25048167c,2026-08-21,CBF,CBF,CBF,AUXILIARY,,ULTG TANGKOT,GI 150KV CURUG,TRF,#3,,,CBF,,,,,,,ASSET|GI 150KV CURUG|TRF|#3|?|?|CBF,LOW,incomplete exact attributes; no fuzzy merge
Data Setting Penghantar UPT DKSBI.xlsx,CBF,130,f0ba5b0036e47fb050940334d394bb217cdf81dcbdeea63e562db5b25048167c,2026-08-21,CBF,CBF,CBF,AUXILIARY,,ULTG TANGKOT,GI 150KV CURUG,TRF,#4,,,CBF,,,,,,,ASSET|GI 150KV CURUG|TRF|#4|?|?|CBF,LOW,incomplete exact attributes; no fuzzy merge
Data Setting Penghantar UPT DKSBI.xlsx,CBF,131,f0ba5b0036e47fb050940334d394bb217cdf81dcbdeea63e562db5b25048167c,2026-08-21,CBF,CBF,CBF,AUXILIARY,,ULTG TANGKOT,GI 150KV CURUG,PHT 150kV CIKUPA,#1,,,CBF,,,,,,,ASSET|GI 150KV CURUG|PHT 150KV CIKUPA|#1|?|?|CBF,LOW,incomplete exact attributes; no fuzzy merge
Data Setting Penghantar UPT DKSBI.xlsx,CBF,132,f0ba5b0036e47fb050940334d394bb217cdf81dcbdeea63e562db5b25048167c,2026-08-21,CBF,CBF,CBF,AUXILIARY,,ULTG TANGKOT,GI 150KV CURUG,PHT 150kV CIKUPA,#2,,,CBF,,,,,,,ASSET|GI 150KV CURUG|PHT 150KV CIKUPA|#2|?|?|CBF,LOW,incomplete exact attributes; no fuzzy merge
Data Setting Penghantar UPT DKSBI.xlsx,CBF,133,f0ba5b0036e47fb050940334d394bb217cdf81dcbdeea63e562db5b25048167c,2026-08-21,CBF,CBF,CBF,AUXILIARY,,ULTG TANGKOT,GI 150KV CURUG,PHT 150kV SUMMARECON GADING SERPONG,#1,,,CBF,,,,,,,ASSET|GI 150KV CURUG|PHT 150KV SUMMARECON GADING SERPONG|#1|?|?|CBF,LOW,incomplete exact attributes; no fuzzy merge
Data Setting Penghantar UPT DKSBI.xlsx,CBF,134,f0ba5b0036e47fb050940334d394bb217cdf81dcbdeea63e562db5b25048167c,2026-08-21,CBF,CBF,CBF,AUXILIARY,,ULTG TANGKOT,GI 150KV CURUG,PHT 150kV SUMMARECON GADING SERPONG,#2,,,CBF,,,,,,,ASSET|GI 150KV CURUG|PHT 150KV SUMMARECON GADING SERPONG|#2|?|?|CBF,LOW,incomplete exact attributes; no fuzzy merge
Data Setting Penghantar UPT DKSBI.xlsx,CBF,135,f0ba5b0036e47fb050940334d394bb217cdf81dcbdeea63e562db5b25048167c,2026-08-21,CBF,CBF,CBF,AUXILIARY,,ULTG DURIKOSAMBI,GI 150KV DURIKOSAMBI,TRF,#1,,,CBF,,,,,,,ASSET|GI 150KV DURIKOSAMBI|TRF|#1|?|?|CBF,LOW,incomplete exact attributes; no fuzzy merge
Data Setting Penghantar UPT DKSBI.xlsx,CBF,136,f0ba5b0036e47fb050940334d394bb217cdf81dcbdeea63e562db5b25048167c,2026-08-21,CBF,CBF,CBF,AUXILIARY,,ULTG DURIKOSAMBI,GI 150KV DURIKOSAMBI,TRF,#2,,,CBF,,,,,,,ASSET|GI 150KV DURIKOSAMBI|TRF|#2|?|?|CBF,LOW,incomplete exact attributes; no fuzzy merge
Data Setting Penghantar UPT DKSBI.xlsx,CBF,137,f0ba5b0036e47fb050940334d394bb217cdf81dcbdeea63e562db5b25048167c,2026-08-21,CBF,CBF,CBF,AUXILIARY,,ULTG DURIKOSAMBI,GI 150KV DURIKOSAMBI,TRF,#3,,,CBF,,,,,,,ASSET|GI 150KV DURIKOSAMBI|TRF|#3|?|?|CBF,LOW,incomplete exact attributes; no fuzzy merge
Data Setting Penghantar UPT DKSBI.xlsx,CBF,138,f0ba5b0036e47fb050940334d394bb217cdf81dcbdeea63e562db5b25048167c,2026-08-21,CBF,CBF,CBF,AUXILIARY,,ULTG DURIKOSAMBI,GI 150KV DURIKOSAMBI,TRF,#4,,,CBF,,,,,,,ASSET|GI 150KV DURIKOSAMBI|TRF|#4|?|?|CBF,LOW,incomplete exact attributes; no fuzzy merge
Data Setting Penghantar UPT DKSBI.xlsx,CBF,139,f0ba5b0036e47fb050940334d394bb217cdf81dcbdeea63e562db5b25048167c,2026-08-21,CBF,CBF,CBF,AUXILIARY,,ULTG DURIKOSAMBI,GI 150KV DURIKOSAMBI,TRF,#5,,,CBF,,,,,,,ASSET|GI 150KV DURIKOSAMBI|TRF|#5|?|?|CBF,LOW,incomplete exact attributes; no fuzzy merge
Data Setting Penghantar UPT DKSBI.xlsx,CBF,140,f0ba5b0036e47fb050940334d394bb217cdf81dcbdeea63e562db5b25048167c,2026-08-21,CBF,CBF,CBF,AUXILIARY,,ULTG DURIKOSAMBI,GI 150KV DURIKOSAMBI,PHT 150kV CENGKARENG,#1,,,CBF,,,,,,,ASSET|GI 150KV DURIKOSAMBI|PHT 150KV CENGKARENG|#1|?|?|CBF,LOW,incomplete exact attributes; no fuzzy merge
Data Setting Penghantar UPT DKSBI.xlsx,CBF,141,f0ba5b0036e47fb050940334d394bb217cdf81dcbdeea63e562db5b25048167c,2026-08-21,CBF,CBF,CBF,AUXILIARY,,ULTG DURIKOSAMBI,GI 150KV DURIKOSAMBI,PHT 150kV CENGKARENG,#2,,,CBF,,,,,,,ASSET|GI 150KV DURIKOSAMBI|PHT 150KV CENGKARENG|#2|?|?|CBF,LOW,incomplete exact attributes; no fuzzy merge
Data Setting Penghantar UPT DKSBI.xlsx,CBF,142,f0ba5b0036e47fb050940334d394bb217cdf81dcbdeea63e562db5b25048167c,2026-08-21,CBF,CBF,CBF,AUXILIARY,,ULTG DURIKOSAMBI,GI 150KV DURIKOSAMBI,PHT 150kV GROGOL BARU,#1,,,CBF,,,,,,,ASSET|GI 150KV DURIKOSAMBI|PHT 150KV GROGOL BARU|#1|?|?|CBF,LOW,incomplete exact attributes; no fuzzy merge
Data Setting Penghantar UPT DKSBI.xlsx,CBF,143,f0ba5b0036e47fb050940334d394bb217cdf81dcbdeea63e562db5b25048167c,2026-08-21,CBF,CBF,CBF,AUXILIARY,,ULTG DURIKOSAMBI,GI 150KV DURIKOSAMBI,PHT 150kV GROGOL BARU,#2,,,CBF,,,,,,,ASSET|GI 150KV DURIKOSAMBI|PHT 150KV GROGOL BARU|#2|?|?|CBF,LOW,incomplete exact attributes; no fuzzy merge
Data Setting Penghantar UPT DKSBI.xlsx,CBF,144,f0ba5b0036e47fb050940334d394bb217cdf81dcbdeea63e562db5b25048167c,2026-08-21,CBF,CBF,CBF,AUXILIARY,,ULTG DURIKOSAMBI,GI 150KV DURIKOSAMBI,PHT 150kV KEBON JERUK,#1,,,CBF,,,,,,,ASSET|GI 150KV DURIKOSAMBI|PHT 150KV KEBON JERUK|#1|?|?|CBF,LOW,incomplete exact attributes; no fuzzy merge
Data Setting Penghantar UPT DKSBI.xlsx,CBF,145,f0ba5b0036e47fb050940334d394bb217cdf81dcbdeea63e562db5b25048167c,2026-08-21,CBF,CBF,CBF,AUXILIARY,,ULTG DURIKOSAMBI,GI 150KV DURIKOSAMBI,PHT 150kV KEBON JERUK,#2,,,CBF,,,,,,,ASSET|GI 150KV DURIKOSAMBI|PHT 150KV KEBON JERUK|#2|?|?|CBF,LOW,incomplete exact attributes; no fuzzy merge
Data Setting Penghantar UPT DKSBI.xlsx,CBF,146,f0ba5b0036e47fb050940334d394bb217cdf81dcbdeea63e562db5b25048167c,2026-08-21,CBF,CBF,CBF,AUXILIARY,,ULTG DURIKOSAMBI,GI 150KV DURIKOSAMBI,PHT 150kV KEMBANGAN,#1,,,CBF,,,,,,,ASSET|GI 150KV DURIKOSAMBI|PHT 150KV KEMBANGAN|#1|?|?|CBF,LOW,incomplete exact attributes; no fuzzy merge
Data Setting Penghantar UPT DKSBI.xlsx,CBF,147,f0ba5b0036e47fb050940334d394bb217cdf81dcbdeea63e562db5b25048167c,2026-08-21,CBF,CBF,CBF,AUXILIARY,,ULTG DURIKOSAMBI,GI 150KV DURIKOSAMBI,PHT 150kV KEMBANGAN,#2,,,CBF,,,,,,,ASSET|GI 150KV DURIKOSAMBI|PHT 150KV KEMBANGAN|#2|?|?|CBF,LOW,incomplete exact attributes; no fuzzy merge
Data Setting Penghantar UPT DKSBI.xlsx,CBF,148,f0ba5b0036e47fb050940334d394bb217cdf81dcbdeea63e562db5b25048167c,2026-08-21,CBF,CBF,CBF,AUXILIARY,,ULTG DURIKOSAMBI,GI 150KV DURIKOSAMBI,PHT 150kV LMK,,,,CBF,,,,,,,ASSET|GI 150KV DURIKOSAMBI|PHT 150KV LMK|?|?|?|CBF,LOW,incomplete exact attributes; no fuzzy merge
Data Setting Penghantar UPT DKSBI.xlsx,CBF,149,f0ba5b0036e47fb050940334d394bb217cdf81dcbdeea63e562db5b25048167c,2026-08-21,CBF,CBF,CBF,AUXILIARY,,ULTG DURIKOSAMBI,GI 150KV DURIKOSAMBI,PHT 150kV MUARAKARANG LAMA,#1,,,CBF,,,,,,,ASSET|GI 150KV DURIKOSAMBI|PHT 150KV MUARAKARANG LAMA|#1|?|?|CBF,LOW,incomplete exact attributes; no fuzzy merge
Data Setting Penghantar UPT DKSBI.xlsx,CBF,150,f0ba5b0036e47fb050940334d394bb217cdf81dcbdeea63e562db5b25048167c,2026-08-21,CBF,CBF,CBF,AUXILIARY,,ULTG DURIKOSAMBI,GI 150KV DURIKOSAMBI,PHT 150kV MUARAKARANG LAMA,#2,,,CBF,,,,,,,ASSET|GI 150KV DURIKOSAMBI|PHT 150KV MUARAKARANG LAMA|#2|?|?|CBF,LOW,incomplete exact attributes; no fuzzy merge
Data Setting Penghantar UPT DKSBI.xlsx,CBF,151,f0ba5b0036e47fb050940334d394bb217cdf81dcbdeea63e562db5b25048167c,2026-08-21,CBF,CBF,CBF,AUXILIARY,,ULTG DURIKOSAMBI,GI 150KV DURIKOSAMBI,PHT 150kV DAAN MOGOT,#1,,,CBF,,,,,,,ASSET|GI 150KV DURIKOSAMBI|PHT 150KV DAAN MOGOT|#1|?|?|CBF,LOW,incomplete exact attributes; no fuzzy merge
Data Setting Penghantar UPT DKSBI.xlsx,CBF,152,f0ba5b0036e47fb050940334d394bb217cdf81dcbdeea63e562db5b25048167c,2026-08-21,CBF,CBF,CBF,AUXILIARY,,ULTG DURIKOSAMBI,GI 150KV DURIKOSAMBI,PHT 150kV DAAN MOGOT,#2,,,CBF,,,,,,,ASSET|GI 150KV DURIKOSAMBI|PHT 150KV DAAN MOGOT|#2|?|?|CBF,LOW,incomplete exact attributes; no fuzzy merge
Data Setting Penghantar UPT DKSBI.xlsx,CBF,153,f0ba5b0036e47fb050940334d394bb217cdf81dcbdeea63e562db5b25048167c,2026-08-21,CBF,CBF,CBF,AUXILIARY,,ULTG DURIKOSAMBI,GI 150KV DURIKOSAMBI,PHT 150kV PETUKANGAN,#1,,,CBF,,,,,,,ASSET|GI 150KV DURIKOSAMBI|PHT 150KV PETUKANGAN|#1|?|?|CBF,LOW,incomplete exact attributes; no fuzzy merge
Data Setting Penghantar UPT DKSBI.xlsx,CBF,154,f0ba5b0036e47fb050940334d394bb217cdf81dcbdeea63e562db5b25048167c,2026-08-21,CBF,CBF,CBF,AUXILIARY,,ULTG DURIKOSAMBI,GI 150KV DURIKOSAMBI,PHT 150kV PETUKANGAN,#2,,,CBF,,,,,,,ASSET|GI 150KV DURIKOSAMBI|PHT 150KV PETUKANGAN|#2|?|?|CBF,LOW,incomplete exact attributes; no fuzzy merge
Data Setting Penghantar UPT DKSBI.xlsx,CBF,155,f0ba5b0036e47fb050940334d394bb217cdf81dcbdeea63e562db5b25048167c,2026-08-21,CBF,CBF,CBF,AUXILIARY,,ULTG TANGKOT,GI 150KV JATAKE,TRF,#1,,,CBF,,,,,,,ASSET|GI 150KV JATAKE|TRF|#1|?|?|CBF,LOW,incomplete exact attributes; no fuzzy merge
Data Setting Penghantar UPT DKSBI.xlsx,CBF,156,f0ba5b0036e47fb050940334d394bb217cdf81dcbdeea63e562db5b25048167c,2026-08-21,CBF,CBF,CBF,AUXILIARY,,ULTG TANGKOT,GI 150KV JATAKE,TRF,#2,,,CBF,,,,,,,ASSET|GI 150KV JATAKE|TRF|#2|?|?|CBF,LOW,incomplete exact attributes; no fuzzy merge
Data Setting Penghantar UPT DKSBI.xlsx,CBF,157,f0ba5b0036e47fb050940334d394bb217cdf81dcbdeea63e562db5b25048167c,2026-08-21,CBF,CBF,CBF,AUXILIARY,,ULTG TANGKOT,GI 150KV JATAKE,TRF,#3,,,CBF,,,,,,,ASSET|GI 150KV JATAKE|TRF|#3|?|?|CBF,LOW,incomplete exact attributes; no fuzzy merge
Data Setting Penghantar UPT DKSBI.xlsx,CBF,158,f0ba5b0036e47fb050940334d394bb217cdf81dcbdeea63e562db5b25048167c,2026-08-21,CBF,CBF,CBF,AUXILIARY,,ULTG TANGKOT,GI 150KV JATAKE,TRF,#4,,,CBF,,,,,,,ASSET|GI 150KV JATAKE|TRF|#4|?|?|CBF,LOW,incomplete exact attributes; no fuzzy merge
Data Setting Penghantar UPT DKSBI.xlsx,CBF,159,f0ba5b0036e47fb050940334d394bb217cdf81dcbdeea63e562db5b25048167c,2026-08-21,CBF,CBF,CBF,AUXILIARY,,ULTG TANGKOT,GI 150KV JATAKE,TRF,#5,,,CBF,,,,,,,ASSET|GI 150KV JATAKE|TRF|#5|?|?|CBF,LOW,incomplete exact attributes; no fuzzy merge
Data Setting Penghantar UPT DKSBI.xlsx,CBF,160,f0ba5b0036e47fb050940334d394bb217cdf81dcbdeea63e562db5b25048167c,2026-08-21,CBF,CBF,CBF,AUXILIARY,,ULTG TANGKOT,GI 150KV JATAKE,PHT 150kV MAXIMANGANDO,#1,,,CBF,,,,,,,ASSET|GI 150KV JATAKE|PHT 150KV MAXIMANGANDO|#1|?|?|CBF,LOW,incomplete exact attributes; no fuzzy merge
Data Setting Penghantar UPT DKSBI.xlsx,CBF,161,f0ba5b0036e47fb050940334d394bb217cdf81dcbdeea63e562db5b25048167c,2026-08-21,CBF,CBF,CBF,AUXILIARY,,ULTG TANGKOT,GI 150KV JATAKE,PHT 150kV MAXIMANGANDO,#2,,,CBF,,,,,,,ASSET|GI 150KV JATAKE|PHT 150KV MAXIMANGANDO|#2|?|?|CBF,LOW,incomplete exact attributes; no fuzzy merge
Data Setting Penghantar UPT DKSBI.xlsx,CBF,162,f0ba5b0036e47fb050940334d394bb217cdf81dcbdeea63e562db5b25048167c,2026-08-21,CBF,CBF,CBF,AUXILIARY,,ULTG TANGKOT,GI 150KV JATAKE,PHT 150kV TANGERANG,#1,,,CBF,,,,,,,ASSET|GI 150KV JATAKE|PHT 150KV TANGERANG|#1|?|?|CBF,LOW,incomplete exact attributes; no fuzzy merge
Data Setting Penghantar UPT DKSBI.xlsx,CBF,163,f0ba5b0036e47fb050940334d394bb217cdf81dcbdeea63e562db5b25048167c,2026-08-21,CBF,CBF,CBF,AUXILIARY,,ULTG TANGKOT,GI 150KV JATAKE,PHT 150kV TANGERANG,#2,,,CBF,,,,,,,ASSET|GI 150KV JATAKE|PHT 150KV TANGERANG|#2|?|?|CBF,LOW,incomplete exact attributes; no fuzzy merge
Data Setting Penghantar UPT DKSBI.xlsx,CBF,164,f0ba5b0036e47fb050940334d394bb217cdf81dcbdeea63e562db5b25048167c,2026-08-21,CBF,CBF,CBF,AUXILIARY,,ULTG TANGKOT,GIS 150KV JATAKE BARU,TRF,#1,300 / 1,,CBF,NR,PCS-921,,Numerik,2021.0,,ASSET|GIS 150KV JATAKE BARU|TRF|#1|NR|PCS-921|CBF,MEDIUM,exact normalized asset attributes
Data Setting Penghantar UPT DKSBI.xlsx,CBF,165,f0ba5b0036e47fb050940334d394bb217cdf81dcbdeea63e562db5b25048167c,2026-08-21,CBF,CBF,CBF,AUXILIARY,,ULTG TANGKOT,GIS 150KV JATAKE BARU,TRF,#2,300 / 1,,CBF,NR,PCS-921,,Numerik,2021.0,,ASSET|GIS 150KV JATAKE BARU|TRF|#2|NR|PCS-921|CBF,MEDIUM,exact normalized asset attributes
Data Setting Penghantar UPT DKSBI.xlsx,CBF,166,f0ba5b0036e47fb050940334d394bb217cdf81dcbdeea63e562db5b25048167c,2026-08-21,CBF,CBF,CBF,AUXILIARY,,ULTG TANGKOT,GIS 150KV JATAKE BARU,PHT 150kV JATAKE,#1,2000 / 1,,CBF,NR,PCS-921,,Numerik,2021.0,,ASSET|GIS 150KV JATAKE BARU|PHT 150KV JATAKE|#1|NR|PCS-921|CBF,MEDIUM,exact normalized asset attributes
Data Setting Penghantar UPT DKSBI.xlsx,CBF,167,f0ba5b0036e47fb050940334d394bb217cdf81dcbdeea63e562db5b25048167c,2026-08-21,CBF,CBF,CBF,AUXILIARY,,ULTG TANGKOT,GIS 150KV JATAKE BARU,PHT 150kV JATAKE,#2,2000 / 1,,CBF,NR,PCS-921,,Numerik,2021.0,,ASSET|GIS 150KV JATAKE BARU|PHT 150KV JATAKE|#2|NR|PCS-921|CBF,MEDIUM,exact normalized asset attributes
Data Setting Penghantar UPT DKSBI.xlsx,CBF,168,f0ba5b0036e47fb050940334d394bb217cdf81dcbdeea63e562db5b25048167c,2026-08-21,CBF,CBF,CBF,AUXILIARY,,ULTG TANGKOT,GIS 150KV JATAKE BARU,PHT 150kV TANGERANG,#1,2000 / 1,,CBF,NR,PCS-921,,Numerik,2021.0,,ASSET|GIS 150KV JATAKE BARU|PHT 150KV TANGERANG|#1|NR|PCS-921|CBF,MEDIUM,exact normalized asset attributes
Data Setting Penghantar UPT DKSBI.xlsx,CBF,169,f0ba5b0036e47fb050940334d394bb217cdf81dcbdeea63e562db5b25048167c,2026-08-21,CBF,CBF,CBF,AUXILIARY,,ULTG TANGKOT,GIS 150KV JATAKE BARU,PHT 150kV TANGERANG,#2,2000 / 1,,CBF,NR,PCS-921,,Numerik,2021.0,,ASSET|GIS 150KV JATAKE BARU|PHT 150KV TANGERANG|#2|NR|PCS-921|CBF,MEDIUM,exact normalized asset attributes
Data Setting Penghantar UPT DKSBI.xlsx,CBF,170,f0ba5b0036e47fb050940334d394bb217cdf81dcbdeea63e562db5b25048167c,2026-08-21,CBF,CBF,CBF,AUXILIARY,,ULTG CIKUPA,GI 150KV LAUTAN STEEL,TRF,#1,,,CBF,,,,,,,ASSET|GI 150KV LAUTAN STEEL|TRF|#1|?|?|CBF,LOW,incomplete exact attributes; no fuzzy merge
Data Setting Penghantar UPT DKSBI.xlsx,CBF,171,f0ba5b0036e47fb050940334d394bb217cdf81dcbdeea63e562db5b25048167c,2026-08-21,CBF,CBF,CBF,AUXILIARY,,ULTG CIKUPA,GI 150KV LAUTAN STEEL,TRF,#2,,,CBF,,,,,,,ASSET|GI 150KV LAUTAN STEEL|TRF|#2|?|?|CBF,LOW,incomplete exact attributes; no fuzzy merge
Data Setting Penghantar UPT DKSBI.xlsx,CBF,172,f0ba5b0036e47fb050940334d394bb217cdf81dcbdeea63e562db5b25048167c,2026-08-21,CBF,CBF,CBF,AUXILIARY,,ULTG CIKUPA,GI 150KV LAUTAN STEEL,PHT 150kV SPINMILL,#1,,,CBF,,,,,,,ASSET|GI 150KV LAUTAN STEEL|PHT 150KV SPINMILL|#1|?|?|CBF,LOW,incomplete exact attributes; no fuzzy merge
Data Setting Penghantar UPT DKSBI.xlsx,CBF,173,f0ba5b0036e47fb050940334d394bb217cdf81dcbdeea63e562db5b25048167c,2026-08-21,CBF,CBF,CBF,AUXILIARY,,ULTG CIKUPA,GI 150KV LAUTAN STEEL,PHT 150kV SPINMILL,#2,,,CBF,,,,,,,ASSET|GI 150KV LAUTAN STEEL|PHT 150KV SPINMILL|#2|?|?|CBF,LOW,incomplete exact attributes; no fuzzy merge
Data Setting Penghantar UPT DKSBI.xlsx,CBF,174,f0ba5b0036e47fb050940334d394bb217cdf81dcbdeea63e562db5b25048167c,2026-08-21,CBF,CBF,CBF,AUXILIARY,,ULTG CIKUPA,GI 150KV LAUTAN STEEL,PHT 150kV NEW BALARAJA,#1,,,CBF,,,,,,,ASSET|GI 150KV LAUTAN STEEL|PHT 150KV NEW BALARAJA|#1|?|?|CBF,LOW,incomplete exact attributes; no fuzzy merge
Data Setting Penghantar UPT DKSBI.xlsx,CBF,175,f0ba5b0036e47fb050940334d394bb217cdf81dcbdeea63e562db5b25048167c,2026-08-21,CBF,CBF,CBF,AUXILIARY,,ULTG CIKUPA,GI 150KV LAUTAN STEEL,PHT 150kV NEW BALARAJA,#2,,,CBF,,,,,,,ASSET|GI 150KV LAUTAN STEEL|PHT 150KV NEW BALARAJA|#2|?|?|CBF,LOW,incomplete exact attributes; no fuzzy merge
Data Setting Penghantar UPT DKSBI.xlsx,CBF,176,f0ba5b0036e47fb050940334d394bb217cdf81dcbdeea63e562db5b25048167c,2026-08-21,CBF,CBF,CBF,AUXILIARY,,ULTG TANGKOT,GI 150KV MAXIMANGANDO,TRF,#1,,,CBF,,,,,,,ASSET|GI 150KV MAXIMANGANDO|TRF|#1|?|?|CBF,LOW,incomplete exact attributes; no fuzzy merge
Data Setting Penghantar UPT DKSBI.xlsx,CBF,177,f0ba5b0036e47fb050940334d394bb217cdf81dcbdeea63e562db5b25048167c,2026-08-21,CBF,CBF,CBF,AUXILIARY,,ULTG TANGKOT,GI 150KV MAXIMANGANDO,TRF,#2,,,CBF,,,,,,,ASSET|GI 150KV MAXIMANGANDO|TRF|#2|?|?|CBF,LOW,incomplete exact attributes; no fuzzy merge
Data Setting Penghantar UPT DKSBI.xlsx,CBF,178,f0ba5b0036e47fb050940334d394bb217cdf81dcbdeea63e562db5b25048167c,2026-08-21,CBF,CBF,CBF,AUXILIARY,,ULTG TANGKOT,GI 150KV MAXIMANGANDO,PHT 150kV JATAKE,#1,,,CBF,,,,,,,ASSET|GI 150KV MAXIMANGANDO|PHT 150KV JATAKE|#1|?|?|CBF,LOW,incomplete exact attributes; no fuzzy merge
Data Setting Penghantar UPT DKSBI.xlsx,CBF,179,f0ba5b0036e47fb050940334d394bb217cdf81dcbdeea63e562db5b25048167c,2026-08-21,CBF,CBF,CBF,AUXILIARY,,ULTG TANGKOT,GI 150KV MAXIMANGANDO,PHT 150kV JATAKE,#2,,,CBF,,,,,,,ASSET|GI 150KV MAXIMANGANDO|PHT 150KV JATAKE|#2|?|?|CBF,LOW,incomplete exact attributes; no fuzzy merge
Data Setting Penghantar UPT DKSBI.xlsx,CBF,180,f0ba5b0036e47fb050940334d394bb217cdf81dcbdeea63e562db5b25048167c,2026-08-21,CBF,CBF,CBF,AUXILIARY,,ULTG CIKUPA,GI 150KV MILENIUM,TRF,#1,,,CBF,,,,,,,ASSET|GI 150KV MILENIUM|TRF|#1|?|?|CBF,LOW,incomplete exact attributes; no fuzzy merge
Data Setting Penghantar UPT DKSBI.xlsx,CBF,181,f0ba5b0036e47fb050940334d394bb217cdf81dcbdeea63e562db5b25048167c,2026-08-21,CBF,CBF,CBF,AUXILIARY,,ULTG CIKUPA,GI 150KV MILENIUM,TRF,#2,,,CBF,,,,,,,ASSET|GI 150KV MILENIUM|TRF|#2|?|?|CBF,LOW,incomplete exact attributes; no fuzzy merge
Data Setting Penghantar UPT DKSBI.xlsx,CBF,182,f0ba5b0036e47fb050940334d394bb217cdf81dcbdeea63e562db5b25048167c,2026-08-21,CBF,CBF,CBF,AUXILIARY,,ULTG CIKUPA,GI 150KV MILENIUM,TRF,#3,,,CBF,,,,,,,ASSET|GI 150KV MILENIUM|TRF|#3|?|?|CBF,LOW,incomplete exact attributes; no fuzzy merge
Data Setting Penghantar UPT DKSBI.xlsx,CBF,183,f0ba5b0036e47fb050940334d394bb217cdf81dcbdeea63e562db5b25048167c,2026-08-21,CBF,CBF,CBF,AUXILIARY,,ULTG CIKUPA,GI 150KV MILENIUM,TRF,#4,,,CBF,,,,,,,ASSET|GI 150KV MILENIUM|TRF|#4|?|?|CBF,LOW,incomplete exact attributes; no fuzzy merge
Data Setting Penghantar UPT DKSBI.xlsx,CBF,184,f0ba5b0036e47fb050940334d394bb217cdf81dcbdeea63e562db5b25048167c,2026-08-21,CBF,CBF,CBF,AUXILIARY,,ULTG CIKUPA,GI 150KV MILENIUM,PHT 150kV CITRA HABITAT,#1,,,CBF,,,,,,,ASSET|GI 150KV MILENIUM|PHT 150KV CITRA HABITAT|#1|?|?|CBF,LOW,incomplete exact attributes; no fuzzy merge
Data Setting Penghantar UPT DKSBI.xlsx,CBF,185,f0ba5b0036e47fb050940334d394bb217cdf81dcbdeea63e562db5b25048167c,2026-08-21,CBF,CBF,CBF,AUXILIARY,,ULTG CIKUPA,GI 150KV MILENIUM,PHT 150kV CITRA HABITAT,#2,,,CBF,,,,,,,ASSET|GI 150KV MILENIUM|PHT 150KV CITRA HABITAT|#2|?|?|CBF,LOW,incomplete exact attributes; no fuzzy merge
Data Setting Penghantar UPT DKSBI.xlsx,CBF,186,f0ba5b0036e47fb050940334d394bb217cdf81dcbdeea63e562db5b25048167c,2026-08-21,CBF,CBF,CBF,AUXILIARY,,ULTG CIKUPA,GI 150KV MILENIUM,PHT 150kV SPINMILL,#1,,,CBF,,,,,,,ASSET|GI 150KV MILENIUM|PHT 150KV SPINMILL|#1|?|?|CBF,LOW,incomplete exact attributes; no fuzzy merge
Data Setting Penghantar UPT DKSBI.xlsx,CBF,187,f0ba5b0036e47fb050940334d394bb217cdf81dcbdeea63e562db5b25048167c,2026-08-21,CBF,CBF,CBF,AUXILIARY,,ULTG CIKUPA,GI 150KV MILENIUM,PHT 150kV SPINMILL,#2,,,CBF,,,,,,,ASSET|GI 150KV MILENIUM|PHT 150KV SPINMILL|#2|?|?|CBF,LOW,incomplete exact attributes; no fuzzy merge
Data Setting Penghantar UPT DKSBI.xlsx,CBF,188,f0ba5b0036e47fb050940334d394bb217cdf81dcbdeea63e562db5b25048167c,2026-08-21,CBF,CBF,CBF,AUXILIARY,,ULTG DURIKOSAMBI,GI 150KV MUARAKARANG BARU,PHT 150kV PANTAI INDAH KAPUK,#1,,,CBF,,,,,,,ASSET|GI 150KV MUARAKARANG BARU|PHT 150KV PANTAI INDAH KAPUK|#1|?|?|CBF,LOW,incomplete exact attributes; no fuzzy merge
Data Setting Penghantar UPT DKSBI.xlsx,CBF,189,f0ba5b0036e47fb050940334d394bb217cdf81dcbdeea63e562db5b25048167c,2026-08-21,CBF,CBF,CBF,AUXILIARY,,ULTG DURIKOSAMBI,GI 150KV MUARAKARANG BARU,PHT 150kV PANTAI INDAH KAPUK,#2,,,CBF,,,,,,,ASSET|GI 150KV MUARAKARANG BARU|PHT 150KV PANTAI INDAH KAPUK|#2|?|?|CBF,LOW,incomplete exact attributes; no fuzzy merge
Data Setting Penghantar UPT DKSBI.xlsx,CBF,190,f0ba5b0036e47fb050940334d394bb217cdf81dcbdeea63e562db5b25048167c,2026-08-21,CBF,CBF,CBF,AUXILIARY,,ULTG DURIKOSAMBI,GI 150KV MUARAKARANG BARU,TRF,#1,,,CBF,,,,,,,ASSET|GI 150KV MUARAKARANG BARU|TRF|#1|?|?|CBF,LOW,incomplete exact attributes; no fuzzy merge
Data Setting Penghantar UPT DKSBI.xlsx,CBF,191,f0ba5b0036e47fb050940334d394bb217cdf81dcbdeea63e562db5b25048167c,2026-08-21,CBF,CBF,CBF,AUXILIARY,,ULTG DURIKOSAMBI,GI 150KV MUARAKARANG BARU,TRF,#2,,,CBF,,,,,,,ASSET|GI 150KV MUARAKARANG BARU|TRF|#2|?|?|CBF,LOW,incomplete exact attributes; no fuzzy merge
Data Setting Penghantar UPT DKSBI.xlsx,CBF,192,f0ba5b0036e47fb050940334d394bb217cdf81dcbdeea63e562db5b25048167c,2026-08-21,CBF,CBF,CBF,AUXILIARY,,ULTG DURIKOSAMBI,GI 150KV MUARAKARANG BARU,TRF,#3,,,CBF,,,,,,,ASSET|GI 150KV MUARAKARANG BARU|TRF|#3|?|?|CBF,LOW,incomplete exact attributes; no fuzzy merge
Data Setting Penghantar UPT DKSBI.xlsx,CBF,193,f0ba5b0036e47fb050940334d394bb217cdf81dcbdeea63e562db5b25048167c,2026-08-21,CBF,CBF,CBF,AUXILIARY,,ULTG DURIKOSAMBI,GI 150KV MUARAKARANG BARU,,,,,CBF,,,,,,,ASSET|GI 150KV MUARAKARANG BARU|?|?|?|?|CBF,LOW,incomplete exact attributes; no fuzzy merge
Data Setting Penghantar UPT DKSBI.xlsx,CBF,194,f0ba5b0036e47fb050940334d394bb217cdf81dcbdeea63e562db5b25048167c,2026-08-21,CBF,CBF,CBF,AUXILIARY,,ULTG DURIKOSAMBI,GI 150KV MUARAKARANG BARU,,,,,CBF,,,,,,,ASSET|GI 150KV MUARAKARANG BARU|?|?|?|?|CBF,LOW,incomplete exact attributes; no fuzzy merge
Data Setting Penghantar UPT DKSBI.xlsx,CBF,195,f0ba5b0036e47fb050940334d394bb217cdf81dcbdeea63e562db5b25048167c,2026-08-21,CBF,CBF,CBF,AUXILIARY,,ULTG DURIKOSAMBI,GI 150KV MUARAKARANG BARU,,,,,CBF,,,,,,,ASSET|GI 150KV MUARAKARANG BARU|?|?|?|?|CBF,LOW,incomplete exact attributes; no fuzzy merge
Data Setting Penghantar UPT DKSBI.xlsx,CBF,196,f0ba5b0036e47fb050940334d394bb217cdf81dcbdeea63e562db5b25048167c,2026-08-21,CBF,CBF,CBF,AUXILIARY,,ULTG DURIKOSAMBI,GI 150KV MUARAKARANG BARU,,,,,CBF,,,,,,,ASSET|GI 150KV MUARAKARANG BARU|?|?|?|?|CBF,LOW,incomplete exact attributes; no fuzzy merge
Data Setting Penghantar UPT DKSBI.xlsx,CBF,197,f0ba5b0036e47fb050940334d394bb217cdf81dcbdeea63e562db5b25048167c,2026-08-21,CBF,CBF,CBF,AUXILIARY,,ULTG DURIKOSAMBI,GI 150KV MUARAKARANG BARU,,,,,CBF,,,,,,,ASSET|GI 150KV MUARAKARANG BARU|?|?|?|?|CBF,LOW,incomplete exact attributes; no fuzzy merge
Data Setting Penghantar UPT DKSBI.xlsx,CBF,198,f0ba5b0036e47fb050940334d394bb217cdf81dcbdeea63e562db5b25048167c,2026-08-21,CBF,CBF,CBF,AUXILIARY,,ULTG DURIKOSAMBI,GI 150KV MUARAKARANG BARU,,,,,CBF,,,,,,,ASSET|GI 150KV MUARAKARANG BARU|?|?|?|?|CBF,LOW,incomplete exact attributes; no fuzzy merge
Data Setting Penghantar UPT DKSBI.xlsx,CBF,199,f0ba5b0036e47fb050940334d394bb217cdf81dcbdeea63e562db5b25048167c,2026-08-21,CBF,CBF,CBF,AUXILIARY,,ULTG DURIKOSAMBI,GI 150KV MUARAKARANG BARU,,,,,CBF,,,,,,,ASSET|GI 150KV MUARAKARANG BARU|?|?|?|?|CBF,LOW,incomplete exact attributes; no fuzzy merge
Data Setting Penghantar UPT DKSBI.xlsx,CBF,200,f0ba5b0036e47fb050940334d394bb217cdf81dcbdeea63e562db5b25048167c,2026-08-21,CBF,CBF,CBF,AUXILIARY,,ULTG DURIKOSAMBI,GI 150KV MUARAKARANG BARU,,,,,CBF,,,,,,,ASSET|GI 150KV MUARAKARANG BARU|?|?|?|?|CBF,LOW,incomplete exact attributes; no fuzzy merge
Data Setting Penghantar UPT DKSBI.xlsx,CBF,201,f0ba5b0036e47fb050940334d394bb217cdf81dcbdeea63e562db5b25048167c,2026-08-21,CBF,CBF,CBF,AUXILIARY,,ULTG DURIKOSAMBI,GI 150KV MUARAKARANG BARU,,,,,CBF,,,,,,,ASSET|GI 150KV MUARAKARANG BARU|?|?|?|?|CBF,LOW,incomplete exact attributes; no fuzzy merge
Data Setting Penghantar UPT DKSBI.xlsx,CBF,202,f0ba5b0036e47fb050940334d394bb217cdf81dcbdeea63e562db5b25048167c,2026-08-21,CBF,CBF,CBF,AUXILIARY,,ULTG DURIKOSAMBI,GI 150KV MUARAKARANG BARU,,,,,CBF,,,,,,,ASSET|GI 150KV MUARAKARANG BARU|?|?|?|?|CBF,LOW,incomplete exact attributes; no fuzzy merge
Data Setting Penghantar UPT DKSBI.xlsx,CBF,203,f0ba5b0036e47fb050940334d394bb217cdf81dcbdeea63e562db5b25048167c,2026-08-21,CBF,CBF,CBF,AUXILIARY,,ULTG DURIKOSAMBI,GI 150KV MUARAKARANG LAMA,PHT 150kV ANGKE,#1,,,CBF,,,,,,,ASSET|GI 150KV MUARAKARANG LAMA|PHT 150KV ANGKE|#1|?|?|CBF,LOW,incomplete exact attributes; no fuzzy merge
Data Setting Penghantar UPT DKSBI.xlsx,CBF,204,f0ba5b0036e47fb050940334d394bb217cdf81dcbdeea63e562db5b25048167c,2026-08-21,CBF,CBF,CBF,AUXILIARY,,ULTG DURIKOSAMBI,GI 150KV MUARAKARANG LAMA,PHT 150kV ANGKE,#2,,,CBF,,,,,,,ASSET|GI 150KV MUARAKARANG LAMA|PHT 150KV ANGKE|#2|?|?|CBF,LOW,incomplete exact attributes; no fuzzy merge
Data Setting Penghantar UPT DKSBI.xlsx,CBF,205,f0ba5b0036e47fb050940334d394bb217cdf81dcbdeea63e562db5b25048167c,2026-08-21,CBF,CBF,CBF,AUXILIARY,,ULTG DURIKOSAMBI,GI 150KV MUARAKARANG LAMA,PHT 150kV DURIKOSAMBI,#1,,,CBF,,,,,,,ASSET|GI 150KV MUARAKARANG LAMA|PHT 150KV DURIKOSAMBI|#1|?|?|CBF,LOW,incomplete exact attributes; no fuzzy merge
Data Setting Penghantar UPT DKSBI.xlsx,CBF,206,f0ba5b0036e47fb050940334d394bb217cdf81dcbdeea63e562db5b25048167c,2026-08-21,CBF,CBF,CBF,AUXILIARY,,ULTG DURIKOSAMBI,GI 150KV MUARAKARANG LAMA,PHT 150kV DURIKOSAMBI,#2,,,CBF,,,,,,,ASSET|GI 150KV MUARAKARANG LAMA|PHT 150KV DURIKOSAMBI|#2|?|?|CBF,LOW,incomplete exact attributes; no fuzzy merge
Data Setting Penghantar UPT DKSBI.xlsx,CBF,207,f0ba5b0036e47fb050940334d394bb217cdf81dcbdeea63e562db5b25048167c,2026-08-21,CBF,CBF,CBF,AUXILIARY,,ULTG DURIKOSAMBI,GI 150KV MUARAKARANG LAMA,PHT 150kV BUDIKEMULYAN,#1,,,CBF,,,,,,,ASSET|GI 150KV MUARAKARANG LAMA|PHT 150KV BUDIKEMULYAN|#1|?|?|CBF,LOW,incomplete exact attributes; no fuzzy merge
Data Setting Penghantar UPT DKSBI.xlsx,CBF,208,f0ba5b0036e47fb050940334d394bb217cdf81dcbdeea63e562db5b25048167c,2026-08-21,CBF,CBF,CBF,AUXILIARY,,ULTG DURIKOSAMBI,GI 150KV MUARAKARANG LAMA,PHT 150kV BUDIKEMULYAN,#2,,,CBF,,,,,,,ASSET|GI 150KV MUARAKARANG LAMA|PHT 150KV BUDIKEMULYAN|#2|?|?|CBF,LOW,incomplete exact attributes; no fuzzy merge
Data Setting Penghantar UPT DKSBI.xlsx,CBF,209,f0ba5b0036e47fb050940334d394bb217cdf81dcbdeea63e562db5b25048167c,2026-08-21,CBF,CBF,CBF,AUXILIARY,,ULTG DURIKOSAMBI,GI 150KV MUARAKARANG LAMA,PHT 150kV MUARAKARANG BARU,#1,,,CBF,,,,,,,ASSET|GI 150KV MUARAKARANG LAMA|PHT 150KV MUARAKARANG BARU|#1|?|?|CBF,LOW,incomplete exact attributes; no fuzzy merge
Data Setting Penghantar UPT DKSBI.xlsx,CBF,210,f0ba5b0036e47fb050940334d394bb217cdf81dcbdeea63e562db5b25048167c,2026-08-21,CBF,CBF,CBF,AUXILIARY,,ULTG DURIKOSAMBI,GI 150KV MUARAKARANG LAMA,PHT 150kV MUARAKARANG BARU,#2,,,CBF,,,,,,,ASSET|GI 150KV MUARAKARANG LAMA|PHT 150KV MUARAKARANG BARU|#2|?|?|CBF,LOW,incomplete exact attributes; no fuzzy merge
Data Setting Penghantar UPT DKSBI.xlsx,CBF,211,f0ba5b0036e47fb050940334d394bb217cdf81dcbdeea63e562db5b25048167c,2026-08-21,CBF,CBF,CBF,AUXILIARY,,ULTG DURIKOSAMBI,GI 150KV MUARAKARANG LAMA,PHT 150kV UGC ANGKE,#1,,,CBF,,,,,,,ASSET|GI 150KV MUARAKARANG LAMA|PHT 150KV UGC ANGKE|#1|?|?|CBF,LOW,incomplete exact attributes; no fuzzy merge
Data Setting Penghantar UPT DKSBI.xlsx,CBF,212,f0ba5b0036e47fb050940334d394bb217cdf81dcbdeea63e562db5b25048167c,2026-08-21,CBF,CBF,CBF,AUXILIARY,,ULTG DURIKOSAMBI,GI 150KV MUARAKARANG LAMA,PHT 150kV UGC ANGKE,#2,,,CBF,,,,,,,ASSET|GI 150KV MUARAKARANG LAMA|PHT 150KV UGC ANGKE|#2|?|?|CBF,LOW,incomplete exact attributes; no fuzzy merge
Data Setting Penghantar UPT DKSBI.xlsx,CBF,213,f0ba5b0036e47fb050940334d394bb217cdf81dcbdeea63e562db5b25048167c,2026-08-21,CBF,CBF,CBF,AUXILIARY,,ULTG DURIKOSAMBI,GI 150KV MUARAKARANG LAMA,,,,,CBF,,,,,,,ASSET|GI 150KV MUARAKARANG LAMA|?|?|?|?|CBF,LOW,incomplete exact attributes; no fuzzy merge
Data Setting Penghantar UPT DKSBI.xlsx,CBF,214,f0ba5b0036e47fb050940334d394bb217cdf81dcbdeea63e562db5b25048167c,2026-08-21,CBF,CBF,CBF,AUXILIARY,,ULTG DURIKOSAMBI,GI 150KV MUARAKARANG LAMA,,,,,CBF,,,,,,,ASSET|GI 150KV MUARAKARANG LAMA|?|?|?|?|CBF,LOW,incomplete exact attributes; no fuzzy merge
Data Setting Penghantar UPT DKSBI.xlsx,CBF,215,f0ba5b0036e47fb050940334d394bb217cdf81dcbdeea63e562db5b25048167c,2026-08-21,CBF,CBF,CBF,AUXILIARY,,ULTG DURIKOSAMBI,GI 150KV MUARAKARANG LAMA,,,,,CBF,,,,,,,ASSET|GI 150KV MUARAKARANG LAMA|?|?|?|?|CBF,LOW,incomplete exact attributes; no fuzzy merge
Data Setting Penghantar UPT DKSBI.xlsx,CBF,216,f0ba5b0036e47fb050940334d394bb217cdf81dcbdeea63e562db5b25048167c,2026-08-21,CBF,CBF,CBF,AUXILIARY,,ULTG DURIKOSAMBI,GI 150KV MUARAKARANG LAMA,,,,,CBF,,,,,,,ASSET|GI 150KV MUARAKARANG LAMA|?|?|?|?|CBF,LOW,incomplete exact attributes; no fuzzy merge
Data Setting Penghantar UPT DKSBI.xlsx,CBF,217,f0ba5b0036e47fb050940334d394bb217cdf81dcbdeea63e562db5b25048167c,2026-08-21,CBF,CBF,CBF,AUXILIARY,,ULTG DURIKOSAMBI,GI 150KV MUARAKARANG LAMA,,,,,CBF,,,,,,,ASSET|GI 150KV MUARAKARANG LAMA|?|?|?|?|CBF,LOW,incomplete exact attributes; no fuzzy merge
Data Setting Penghantar UPT DKSBI.xlsx,CBF,218,f0ba5b0036e47fb050940334d394bb217cdf81dcbdeea63e562db5b25048167c,2026-08-21,CBF,CBF,CBF,AUXILIARY,,ULTG DURIKOSAMBI,GI 150KV MUARAKARANG LAMA,,,,,CBF,,,,,,,ASSET|GI 150KV MUARAKARANG LAMA|?|?|?|?|CBF,LOW,incomplete exact attributes; no fuzzy merge
Data Setting Penghantar UPT DKSBI.xlsx,CBF,219,f0ba5b0036e47fb050940334d394bb217cdf81dcbdeea63e562db5b25048167c,2026-08-21,CBF,CBF,CBF,AUXILIARY,,ULTG DURIKOSAMBI,GI 150KV MUARAKARANG LAMA,,,,,CBF,,,,,,,ASSET|GI 150KV MUARAKARANG LAMA|?|?|?|?|CBF,LOW,incomplete exact attributes; no fuzzy merge
Data Setting Penghantar UPT DKSBI.xlsx,CBF,220,f0ba5b0036e47fb050940334d394bb217cdf81dcbdeea63e562db5b25048167c,2026-08-21,CBF,CBF,CBF,AUXILIARY,,ULTG DURIKOSAMBI,GI 150KV MUARAKARANG LAMA,,,,,CBF,,,,,,,ASSET|GI 150KV MUARAKARANG LAMA|?|?|?|?|CBF,LOW,incomplete exact attributes; no fuzzy merge
Data Setting Penghantar UPT DKSBI.xlsx,CBF,221,f0ba5b0036e47fb050940334d394bb217cdf81dcbdeea63e562db5b25048167c,2026-08-21,CBF,CBF,CBF,AUXILIARY,,ULTG DURIKOSAMBI,GI 150KV MUARAKARANG LAMA,,,,,CBF,,,,,,,ASSET|GI 150KV MUARAKARANG LAMA|?|?|?|?|CBF,LOW,incomplete exact attributes; no fuzzy merge
Data Setting Penghantar UPT DKSBI.xlsx,CBF,222,f0ba5b0036e47fb050940334d394bb217cdf81dcbdeea63e562db5b25048167c,2026-08-21,CBF,CBF,CBF,AUXILIARY,,ULTG DURIKOSAMBI,GI 150KV MUARAKARANG LAMA,,,,,CBF,,,,,,,ASSET|GI 150KV MUARAKARANG LAMA|?|?|?|?|CBF,LOW,incomplete exact attributes; no fuzzy merge
Data Setting Penghantar UPT DKSBI.xlsx,CBF,223,f0ba5b0036e47fb050940334d394bb217cdf81dcbdeea63e562db5b25048167c,2026-08-21,CBF,CBF,CBF,AUXILIARY,,ULTG DURIKOSAMBI,GI 150KV MUARAKARANG LAMA,,,,,CBF,,,,,,,ASSET|GI 150KV MUARAKARANG LAMA|?|?|?|?|CBF,LOW,incomplete exact attributes; no fuzzy merge
Data Setting Penghantar UPT DKSBI.xlsx,CBF,224,f0ba5b0036e47fb050940334d394bb217cdf81dcbdeea63e562db5b25048167c,2026-08-21,CBF,CBF,CBF,AUXILIARY,,ULTG DURIKOSAMBI,GI 150KV MUARAKARANG LAMA,,,,,CBF,,,,,,,ASSET|GI 150KV MUARAKARANG LAMA|?|?|?|?|CBF,LOW,incomplete exact attributes; no fuzzy merge
Data Setting Penghantar UPT DKSBI.xlsx,CBF,225,f0ba5b0036e47fb050940334d394bb217cdf81dcbdeea63e562db5b25048167c,2026-08-21,CBF,CBF,CBF,AUXILIARY,,ULTG DURIKOSAMBI,GI 150KV MUARAKARANG LAMA,,,,,CBF,,,,,,,ASSET|GI 150KV MUARAKARANG LAMA|?|?|?|?|CBF,LOW,incomplete exact attributes; no fuzzy merge
Data Setting Penghantar UPT DKSBI.xlsx,CBF,226,f0ba5b0036e47fb050940334d394bb217cdf81dcbdeea63e562db5b25048167c,2026-08-21,CBF,CBF,CBF,AUXILIARY,,ULTG DURIKOSAMBI,GI 150KV MUARAKARANG LAMA,,,,,CBF,,,,,,,ASSET|GI 150KV MUARAKARANG LAMA|?|?|?|?|CBF,LOW,incomplete exact attributes; no fuzzy merge
Data Setting Penghantar UPT DKSBI.xlsx,CBF,227,f0ba5b0036e47fb050940334d394bb217cdf81dcbdeea63e562db5b25048167c,2026-08-21,CBF,CBF,CBF,AUXILIARY,,ULTG DURIKOSAMBI,GI 150KV MUARAKARANG LAMA,,,,,CBF,,,,,,,ASSET|GI 150KV MUARAKARANG LAMA|?|?|?|?|CBF,LOW,incomplete exact attributes; no fuzzy merge
Data Setting Penghantar UPT DKSBI.xlsx,CBF,228,f0ba5b0036e47fb050940334d394bb217cdf81dcbdeea63e562db5b25048167c,2026-08-21,CBF,CBF,CBF,AUXILIARY,,ULTG DURIKOSAMBI,GI 150KV MUARAKARANG LAMA,,,,,CBF,,,,,,,ASSET|GI 150KV MUARAKARANG LAMA|?|?|?|?|CBF,LOW,incomplete exact attributes; no fuzzy merge
Data Setting Penghantar UPT DKSBI.xlsx,CBF,229,f0ba5b0036e47fb050940334d394bb217cdf81dcbdeea63e562db5b25048167c,2026-08-21,CBF,CBF,CBF,AUXILIARY,,ULTG DURIKOSAMBI,GI 150KV MUARAKARANG LAMA,,,,,CBF,,,,,,,ASSET|GI 150KV MUARAKARANG LAMA|?|?|?|?|CBF,LOW,incomplete exact attributes; no fuzzy merge
Data Setting Penghantar UPT DKSBI.xlsx,CBF,230,f0ba5b0036e47fb050940334d394bb217cdf81dcbdeea63e562db5b25048167c,2026-08-21,CBF,CBF,CBF,AUXILIARY,,ULTG DURIKOSAMBI,GI 150KV MUARAKARANG LAMA,,,,,CBF,,,,,,,ASSET|GI 150KV MUARAKARANG LAMA|?|?|?|?|CBF,LOW,incomplete exact attributes; no fuzzy merge
Data Setting Penghantar UPT DKSBI.xlsx,CBF,231,f0ba5b0036e47fb050940334d394bb217cdf81dcbdeea63e562db5b25048167c,2026-08-21,CBF,CBF,CBF,AUXILIARY,,ULTG DURIKOSAMBI,GI 150KV MUARAKARANG LAMA,,,,,CBF,,,,,,,ASSET|GI 150KV MUARAKARANG LAMA|?|?|?|?|CBF,LOW,incomplete exact attributes; no fuzzy merge
Data Setting Penghantar UPT DKSBI.xlsx,CBF,232,f0ba5b0036e47fb050940334d394bb217cdf81dcbdeea63e562db5b25048167c,2026-08-21,CBF,CBF,CBF,AUXILIARY,,ULTG DURIKOSAMBI,GI 150KV MUARAKARANG LAMA,,,,,CBF,,,,,,,ASSET|GI 150KV MUARAKARANG LAMA|?|?|?|?|CBF,LOW,incomplete exact attributes; no fuzzy merge
Data Setting Penghantar UPT DKSBI.xlsx,CBF,233,f0ba5b0036e47fb050940334d394bb217cdf81dcbdeea63e562db5b25048167c,2026-08-21,CBF,CBF,CBF,AUXILIARY,,ULTG DURIKOSAMBI,GI 150KV MUARAKARANG LAMA,,,,,CBF,,,,,,,ASSET|GI 150KV MUARAKARANG LAMA|?|?|?|?|CBF,LOW,incomplete exact attributes; no fuzzy merge
Data Setting Penghantar UPT DKSBI.xlsx,CBF,234,f0ba5b0036e47fb050940334d394bb217cdf81dcbdeea63e562db5b25048167c,2026-08-21,CBF,CBF,CBF,AUXILIARY,,ULTG DURIKOSAMBI,GI 150KV MUARAKARANG LAMA,,,,,CBF,,,,,,,ASSET|GI 150KV MUARAKARANG LAMA|?|?|?|?|CBF,LOW,incomplete exact attributes; no fuzzy merge
Data Setting Penghantar UPT DKSBI.xlsx,CBF,235,f0ba5b0036e47fb050940334d394bb217cdf81dcbdeea63e562db5b25048167c,2026-08-21,CBF,CBF,CBF,AUXILIARY,,ULTG CIKUPA,GI 150KV NEW BALARAJA,TRF,#1,,,CBF,,,,,,,ASSET|GI 150KV NEW BALARAJA|TRF|#1|?|?|CBF,LOW,incomplete exact attributes; no fuzzy merge
Data Setting Penghantar UPT DKSBI.xlsx,CBF,236,f0ba5b0036e47fb050940334d394bb217cdf81dcbdeea63e562db5b25048167c,2026-08-21,CBF,CBF,CBF,AUXILIARY,,ULTG CIKUPA,GI 150KV NEW BALARAJA,TRF,#2,,,CBF,,,,,,,ASSET|GI 150KV NEW BALARAJA|TRF|#2|?|?|CBF,LOW,incomplete exact attributes; no fuzzy merge
Data Setting Penghantar UPT DKSBI.xlsx,CBF,237,f0ba5b0036e47fb050940334d394bb217cdf81dcbdeea63e562db5b25048167c,2026-08-21,CBF,CBF,CBF,AUXILIARY,,ULTG CIKUPA,GI 150KV NEW BALARAJA,TRF,#3,,,CBF,,,,,,,ASSET|GI 150KV NEW BALARAJA|TRF|#3|?|?|CBF,LOW,incomplete exact attributes; no fuzzy merge
Data Setting Penghantar UPT DKSBI.xlsx,CBF,238,f0ba5b0036e47fb050940334d394bb217cdf81dcbdeea63e562db5b25048167c,2026-08-21,CBF,CBF,CBF,AUXILIARY,,ULTG CIKUPA,GI 150KV NEW BALARAJA,PHT 150kV BALARAJA,#1,,,CBF,,,,,,,ASSET|GI 150KV NEW BALARAJA|PHT 150KV BALARAJA|#1|?|?|CBF,LOW,incomplete exact attributes; no fuzzy merge
Data Setting Penghantar UPT DKSBI.xlsx,CBF,239,f0ba5b0036e47fb050940334d394bb217cdf81dcbdeea63e562db5b25048167c,2026-08-21,CBF,CBF,CBF,AUXILIARY,,ULTG CIKUPA,GI 150KV NEW BALARAJA,PHT 150kV BALARAJA,#2,,,CBF,,,,,,,ASSET|GI 150KV NEW BALARAJA|PHT 150KV BALARAJA|#2|?|?|CBF,LOW,incomplete exact attributes; no fuzzy merge
Data Setting Penghantar UPT DKSBI.xlsx,CBF,240,f0ba5b0036e47fb050940334d394bb217cdf81dcbdeea63e562db5b25048167c,2026-08-21,CBF,CBF,CBF,AUXILIARY,,ULTG CIKUPA,GI 150KV NEW BALARAJA,PHT 150kV LAUTAN STEEL,#1,,,CBF,,,,,,,ASSET|GI 150KV NEW BALARAJA|PHT 150KV LAUTAN STEEL|#1|?|?|CBF,LOW,incomplete exact attributes; no fuzzy merge
Data Setting Penghantar UPT DKSBI.xlsx,CBF,241,f0ba5b0036e47fb050940334d394bb217cdf81dcbdeea63e562db5b25048167c,2026-08-21,CBF,CBF,CBF,AUXILIARY,,ULTG CIKUPA,GI 150KV NEW BALARAJA,PHT 150kV LAUTAN STEEL,#2,,,CBF,,,,,,,ASSET|GI 150KV NEW BALARAJA|PHT 150KV LAUTAN STEEL|#2|?|?|CBF,LOW,incomplete exact attributes; no fuzzy merge
Data Setting Penghantar UPT DKSBI.xlsx,CBF,242,f0ba5b0036e47fb050940334d394bb217cdf81dcbdeea63e562db5b25048167c,2026-08-21,CBF,CBF,CBF,AUXILIARY,,ULTG CIKUPA,GI 150KV PASAR KEMIS,TRF,#1,,,CBF,,,,,,,ASSET|GI 150KV PASAR KEMIS|TRF|#1|?|?|CBF,LOW,incomplete exact attributes; no fuzzy merge
Data Setting Penghantar UPT DKSBI.xlsx,CBF,243,f0ba5b0036e47fb050940334d394bb217cdf81dcbdeea63e562db5b25048167c,2026-08-21,CBF,CBF,CBF,AUXILIARY,,ULTG CIKUPA,GI 150KV PASAR KEMIS,TRF,#2,,,CBF,,,,,,,ASSET|GI 150KV PASAR KEMIS|TRF|#2|?|?|CBF,LOW,incomplete exact attributes; no fuzzy merge
Data Setting Penghantar UPT DKSBI.xlsx,CBF,244,f0ba5b0036e47fb050940334d394bb217cdf81dcbdeea63e562db5b25048167c,2026-08-21,CBF,CBF,CBF,AUXILIARY,,ULTG CIKUPA,GI 150KV PASAR KEMIS,TRF,#3,,,CBF,,,,,,,ASSET|GI 150KV PASAR KEMIS|TRF|#3|?|?|CBF,LOW,incomplete exact attributes; no fuzzy merge
Data Setting Penghantar UPT DKSBI.xlsx,CBF,245,f0ba5b0036e47fb050940334d394bb217cdf81dcbdeea63e562db5b25048167c,2026-08-21,CBF,CBF,CBF,AUXILIARY,,ULTG CIKUPA,GI 150KV PASAR KEMIS,TRF,#4,,,CBF,,,,,,,ASSET|GI 150KV PASAR KEMIS|TRF|#4|?|?|CBF,LOW,incomplete exact attributes; no fuzzy merge
Data Setting Penghantar UPT DKSBI.xlsx,CBF,246,f0ba5b0036e47fb050940334d394bb217cdf81dcbdeea63e562db5b25048167c,2026-08-21,CBF,CBF,CBF,AUXILIARY,,ULTG CIKUPA,GI 150KV PASAR KEMIS,PHT 150kV CIKUPA,#1,,,CBF,,,,,,,ASSET|GI 150KV PASAR KEMIS|PHT 150KV CIKUPA|#1|?|?|CBF,LOW,incomplete exact attributes; no fuzzy merge
Data Setting Penghantar UPT DKSBI.xlsx,CBF,247,f0ba5b0036e47fb050940334d394bb217cdf81dcbdeea63e562db5b25048167c,2026-08-21,CBF,CBF,CBF,AUXILIARY,,ULTG CIKUPA,GI 150KV PASAR KEMIS,PHT 150kV CIKUPA,#2,,,CBF,,,,,,,ASSET|GI 150KV PASAR KEMIS|PHT 150KV CIKUPA|#2|?|?|CBF,LOW,incomplete exact attributes; no fuzzy merge
Data Setting Penghantar UPT DKSBI.xlsx,CBF,248,f0ba5b0036e47fb050940334d394bb217cdf81dcbdeea63e562db5b25048167c,2026-08-21,CBF,CBF,CBF,AUXILIARY,,ULTG CIKUPA,GI 150KV PASAR KEMIS,PHT 150kV PASAR KEMIS BARU,#1,,,CBF,,,,,,,ASSET|GI 150KV PASAR KEMIS|PHT 150KV PASAR KEMIS BARU|#1|?|?|CBF,LOW,incomplete exact attributes; no fuzzy merge
Data Setting Penghantar UPT DKSBI.xlsx,CBF,249,f0ba5b0036e47fb050940334d394bb217cdf81dcbdeea63e562db5b25048167c,2026-08-21,CBF,CBF,CBF,AUXILIARY,,ULTG CIKUPA,GI 150KV PASAR KEMIS,PHT 150kV PASAR KEMIS BARU,#2,,,CBF,,,,,,,ASSET|GI 150KV PASAR KEMIS|PHT 150KV PASAR KEMIS BARU|#2|?|?|CBF,LOW,incomplete exact attributes; no fuzzy merge
Data Setting Penghantar UPT DKSBI.xlsx,CBF,250,f0ba5b0036e47fb050940334d394bb217cdf81dcbdeea63e562db5b25048167c,2026-08-21,CBF,CBF,CBF,AUXILIARY,,ULTG CIKUPA,GI 150KV PASAR KEMIS BARU,TRF,#1,,,CBF,,,,,,,ASSET|GI 150KV PASAR KEMIS BARU|TRF|#1|?|?|CBF,LOW,incomplete exact attributes; no fuzzy merge
Data Setting Penghantar UPT DKSBI.xlsx,CBF,251,f0ba5b0036e47fb050940334d394bb217cdf81dcbdeea63e562db5b25048167c,2026-08-21,CBF,CBF,CBF,AUXILIARY,,ULTG CIKUPA,GI 150KV PASAR KEMIS BARU,TRF,#2,,,CBF,,,,,,,ASSET|GI 150KV PASAR KEMIS BARU|TRF|#2|?|?|CBF,LOW,incomplete exact attributes; no fuzzy merge
Data Setting Penghantar UPT DKSBI.xlsx,CBF,252,f0ba5b0036e47fb050940334d394bb217cdf81dcbdeea63e562db5b25048167c,2026-08-21,CBF,CBF,CBF,AUXILIARY,,ULTG CIKUPA,GI 150KV PASAR KEMIS BARU,TRF,#3,,,CBF,,,,,,,ASSET|GI 150KV PASAR KEMIS BARU|TRF|#3|?|?|CBF,LOW,incomplete exact attributes; no fuzzy merge
Data Setting Penghantar UPT DKSBI.xlsx,CBF,253,f0ba5b0036e47fb050940334d394bb217cdf81dcbdeea63e562db5b25048167c,2026-08-21,CBF,CBF,CBF,AUXILIARY,,ULTG CIKUPA,GI 150KV PASAR KEMIS BARU,PHT 150kV PASAR KEMIS,#1,,,CBF,,,,,,,ASSET|GI 150KV PASAR KEMIS BARU|PHT 150KV PASAR KEMIS|#1|?|?|CBF,LOW,incomplete exact attributes; no fuzzy merge
Data Setting Penghantar UPT DKSBI.xlsx,CBF,254,f0ba5b0036e47fb050940334d394bb217cdf81dcbdeea63e562db5b25048167c,2026-08-21,CBF,CBF,CBF,AUXILIARY,,ULTG CIKUPA,GI 150KV PASAR KEMIS BARU,PHT 150kV PASAR KEMIS,#2,,,CBF,,,,,,,ASSET|GI 150KV PASAR KEMIS BARU|PHT 150KV PASAR KEMIS|#2|?|?|CBF,LOW,incomplete exact attributes; no fuzzy merge
Data Setting Penghantar UPT DKSBI.xlsx,CBF,255,f0ba5b0036e47fb050940334d394bb217cdf81dcbdeea63e562db5b25048167c,2026-08-21,CBF,CBF,CBF,AUXILIARY,,ULTG CIKUPA,GI 150KV PASAR KEMIS BARU,PHT 150kV SEPATAN,#1,,,CBF,,,,,,,ASSET|GI 150KV PASAR KEMIS BARU|PHT 150KV SEPATAN|#1|?|?|CBF,LOW,incomplete exact attributes; no fuzzy merge
Data Setting Penghantar UPT DKSBI.xlsx,CBF,256,f0ba5b0036e47fb050940334d394bb217cdf81dcbdeea63e562db5b25048167c,2026-08-21,CBF,CBF,CBF,AUXILIARY,,ULTG CIKUPA,GI 150KV PASAR KEMIS BARU,PHT 150kV SEPATAN,#2,,,CBF,,,,,,,ASSET|GI 150KV PASAR KEMIS BARU|PHT 150KV SEPATAN|#2|?|?|CBF,LOW,incomplete exact attributes; no fuzzy merge
Data Setting Penghantar UPT DKSBI.xlsx,CBF,257,f0ba5b0036e47fb050940334d394bb217cdf81dcbdeea63e562db5b25048167c,2026-08-21,CBF,CBF,CBF,AUXILIARY,,ULTG CIKUPA,GI 150KV SEPATAN,TRF,#1,,,CBF,,,,,,,ASSET|GI 150KV SEPATAN|TRF|#1|?|?|CBF,LOW,incomplete exact attributes; no fuzzy merge
Data Setting Penghantar UPT DKSBI.xlsx,CBF,258,f0ba5b0036e47fb050940334d394bb217cdf81dcbdeea63e562db5b25048167c,2026-08-21,CBF,CBF,CBF,AUXILIARY,,ULTG CIKUPA,GI 150KV SEPATAN,TRF,#2,,,CBF,,,,,,,ASSET|GI 150KV SEPATAN|TRF|#2|?|?|CBF,LOW,incomplete exact attributes; no fuzzy merge
Data Setting Penghantar UPT DKSBI.xlsx,CBF,259,f0ba5b0036e47fb050940334d394bb217cdf81dcbdeea63e562db5b25048167c,2026-08-21,CBF,CBF,CBF,AUXILIARY,,ULTG CIKUPA,GI 150KV SEPATAN,TRF,#3,,,CBF,,,,,,,ASSET|GI 150KV SEPATAN|TRF|#3|?|?|CBF,LOW,incomplete exact attributes; no fuzzy merge
Data Setting Penghantar UPT DKSBI.xlsx,CBF,260,f0ba5b0036e47fb050940334d394bb217cdf81dcbdeea63e562db5b25048167c,2026-08-21,CBF,CBF,CBF,AUXILIARY,,ULTG CIKUPA,GI 150KV SEPATAN,TRF,#4,,,CBF,,,,,,,ASSET|GI 150KV SEPATAN|TRF|#4|?|?|CBF,LOW,incomplete exact attributes; no fuzzy merge
Data Setting Penghantar UPT DKSBI.xlsx,CBF,261,f0ba5b0036e47fb050940334d394bb217cdf81dcbdeea63e562db5b25048167c,2026-08-21,CBF,CBF,CBF,AUXILIARY,,ULTG CIKUPA,GI 150KV SEPATAN,PHT 150kV PASAR KEMIS BARU,#1,,,CBF,,,,,,,ASSET|GI 150KV SEPATAN|PHT 150KV PASAR KEMIS BARU|#1|?|?|CBF,LOW,incomplete exact attributes; no fuzzy merge
Data Setting Penghantar UPT DKSBI.xlsx,CBF,262,f0ba5b0036e47fb050940334d394bb217cdf81dcbdeea63e562db5b25048167c,2026-08-21,CBF,CBF,CBF,AUXILIARY,,ULTG CIKUPA,GI 150KV SEPATAN,PHT 150kV PASAR KEMIS BARU,#2,,,CBF,,,,,,,ASSET|GI 150KV SEPATAN|PHT 150KV PASAR KEMIS BARU|#2|?|?|CBF,LOW,incomplete exact attributes; no fuzzy merge
Data Setting Penghantar UPT DKSBI.xlsx,CBF,263,f0ba5b0036e47fb050940334d394bb217cdf81dcbdeea63e562db5b25048167c,2026-08-21,CBF,CBF,CBF,AUXILIARY,,ULTG CIKUPA,GI 150KV SEPATAN,PHT 150kV TELUK NAGA,#1,,,CBF,,,,,,,ASSET|GI 150KV SEPATAN|PHT 150KV TELUK NAGA|#1|?|?|CBF,LOW,incomplete exact attributes; no fuzzy merge
Data Setting Penghantar UPT DKSBI.xlsx,CBF,264,f0ba5b0036e47fb050940334d394bb217cdf81dcbdeea63e562db5b25048167c,2026-08-21,CBF,CBF,CBF,AUXILIARY,,ULTG CIKUPA,GI 150KV SEPATAN,PHT 150kV TELUK NAGA,#2,,,CBF,,,,,,,ASSET|GI 150KV SEPATAN|PHT 150KV TELUK NAGA|#2|?|?|CBF,LOW,incomplete exact attributes; no fuzzy merge
Data Setting Penghantar UPT DKSBI.xlsx,CBF,265,f0ba5b0036e47fb050940334d394bb217cdf81dcbdeea63e562db5b25048167c,2026-08-21,CBF,CBF,CBF,AUXILIARY,,ULTG TANGKOT,GI 150KV TANGERANG,TRF,#1,,,CBF,,,,,,,ASSET|GI 150KV TANGERANG|TRF|#1|?|?|CBF,LOW,incomplete exact attributes; no fuzzy merge
Data Setting Penghantar UPT DKSBI.xlsx,CBF,266,f0ba5b0036e47fb050940334d394bb217cdf81dcbdeea63e562db5b25048167c,2026-08-21,CBF,CBF,CBF,AUXILIARY,,ULTG TANGKOT,GI 150KV TANGERANG,TRF,#2,,,CBF,,,,,,,ASSET|GI 150KV TANGERANG|TRF|#2|?|?|CBF,LOW,incomplete exact attributes; no fuzzy merge
Data Setting Penghantar UPT DKSBI.xlsx,CBF,267,f0ba5b0036e47fb050940334d394bb217cdf81dcbdeea63e562db5b25048167c,2026-08-21,CBF,CBF,CBF,AUXILIARY,,ULTG TANGKOT,GI 150KV TANGERANG,TRF,#3,,,CBF,,,,,,,ASSET|GI 150KV TANGERANG|TRF|#3|?|?|CBF,LOW,incomplete exact attributes; no fuzzy merge
Data Setting Penghantar UPT DKSBI.xlsx,CBF,268,f0ba5b0036e47fb050940334d394bb217cdf81dcbdeea63e562db5b25048167c,2026-08-21,CBF,CBF,CBF,AUXILIARY,,ULTG TANGKOT,GI 150KV TANGERANG,TRF,#4,,,CBF,,,,,,,ASSET|GI 150KV TANGERANG|TRF|#4|?|?|CBF,LOW,incomplete exact attributes; no fuzzy merge
Data Setting Penghantar UPT DKSBI.xlsx,CBF,269,f0ba5b0036e47fb050940334d394bb217cdf81dcbdeea63e562db5b25048167c,2026-08-21,CBF,CBF,CBF,AUXILIARY,,ULTG TANGKOT,GI 150KV TANGERANG,TRF,#5,,,CBF,,,,,,,ASSET|GI 150KV TANGERANG|TRF|#5|?|?|CBF,LOW,incomplete exact attributes; no fuzzy merge
Data Setting Penghantar UPT DKSBI.xlsx,CBF,270,f0ba5b0036e47fb050940334d394bb217cdf81dcbdeea63e562db5b25048167c,2026-08-21,CBF,CBF,CBF,AUXILIARY,,ULTG TANGKOT,GI 150KV TANGERANG,PHT 150kV CENGKARENG,#1,,,CBF,,,,,,,ASSET|GI 150KV TANGERANG|PHT 150KV CENGKARENG|#1|?|?|CBF,LOW,incomplete exact attributes; no fuzzy merge
Data Setting Penghantar UPT DKSBI.xlsx,CBF,271,f0ba5b0036e47fb050940334d394bb217cdf81dcbdeea63e562db5b25048167c,2026-08-21,CBF,CBF,CBF,AUXILIARY,,ULTG TANGKOT,GI 150KV TANGERANG,PHT 150kV CENGKARENG,#2,,,CBF,,,,,,,ASSET|GI 150KV TANGERANG|PHT 150KV CENGKARENG|#2|?|?|CBF,LOW,incomplete exact attributes; no fuzzy merge
Data Setting Penghantar UPT DKSBI.xlsx,CBF,272,f0ba5b0036e47fb050940334d394bb217cdf81dcbdeea63e562db5b25048167c,2026-08-21,CBF,CBF,CBF,AUXILIARY,,ULTG TANGKOT,GI 150KV TANGERANG,PHT 150kV JATAKE,#1,,,CBF,,,,,,,ASSET|GI 150KV TANGERANG|PHT 150KV JATAKE|#1|?|?|CBF,LOW,incomplete exact attributes; no fuzzy merge
Data Setting Penghantar UPT DKSBI.xlsx,CBF,273,f0ba5b0036e47fb050940334d394bb217cdf81dcbdeea63e562db5b25048167c,2026-08-21,CBF,CBF,CBF,AUXILIARY,,ULTG TANGKOT,GI 150KV TANGERANG,PHT 150kV JATAKE,#2,,,CBF,,,,,,,ASSET|GI 150KV TANGERANG|PHT 150KV JATAKE|#2|?|?|CBF,LOW,incomplete exact attributes; no fuzzy merge
Data Setting Penghantar UPT DKSBI.xlsx,CBF,274,f0ba5b0036e47fb050940334d394bb217cdf81dcbdeea63e562db5b25048167c,2026-08-21,CBF,CBF,CBF,AUXILIARY,,ULTG TANGKOT,GI 150KV TANGERANG BARU,TRF,#1,,,CBF,,,,,,,ASSET|GI 150KV TANGERANG BARU|TRF|#1|?|?|CBF,LOW,incomplete exact attributes; no fuzzy merge
Data Setting Penghantar UPT DKSBI.xlsx,CBF,275,f0ba5b0036e47fb050940334d394bb217cdf81dcbdeea63e562db5b25048167c,2026-08-21,CBF,CBF,CBF,AUXILIARY,,ULTG TANGKOT,GI 150KV TANGERANG BARU,TRF,#2,,,CBF,,,,,,,ASSET|GI 150KV TANGERANG BARU|TRF|#2|?|?|CBF,LOW,incomplete exact attributes; no fuzzy merge
Data Setting Penghantar UPT DKSBI.xlsx,CBF,276,f0ba5b0036e47fb050940334d394bb217cdf81dcbdeea63e562db5b25048167c,2026-08-21,CBF,CBF,CBF,AUXILIARY,,ULTG TANGKOT,GI 150KV TANGERANG BARU,TRF,#3,,,CBF,,,,,,,ASSET|GI 150KV TANGERANG BARU|TRF|#3|?|?|CBF,LOW,incomplete exact attributes; no fuzzy merge
Data Setting Penghantar UPT DKSBI.xlsx,CBF,277,f0ba5b0036e47fb050940334d394bb217cdf81dcbdeea63e562db5b25048167c,2026-08-21,CBF,CBF,CBF,AUXILIARY,,ULTG TANGKOT,GI 150KV TANGERANG BARU,TRF,#4,,,CBF,,,,,,,ASSET|GI 150KV TANGERANG BARU|TRF|#4|?|?|CBF,LOW,incomplete exact attributes; no fuzzy merge
Data Setting Penghantar UPT DKSBI.xlsx,CBF,278,f0ba5b0036e47fb050940334d394bb217cdf81dcbdeea63e562db5b25048167c,2026-08-21,CBF,CBF,CBF,AUXILIARY,,ULTG TANGKOT,GI 150KV TANGERANG BARU,PHT 150kV CENGKARENG BARU,#1,,,CBF,,,,,,,ASSET|GI 150KV TANGERANG BARU|PHT 150KV CENGKARENG BARU|#1|?|?|CBF,LOW,incomplete exact attributes; no fuzzy merge
Data Setting Penghantar UPT DKSBI.xlsx,CBF,279,f0ba5b0036e47fb050940334d394bb217cdf81dcbdeea63e562db5b25048167c,2026-08-21,CBF,CBF,CBF,AUXILIARY,,ULTG TANGKOT,GI 150KV TANGERANG BARU,PHT 150kV CENGKARENG BARU,#2,,,CBF,,,,,,,ASSET|GI 150KV TANGERANG BARU|PHT 150KV CENGKARENG BARU|#2|?|?|CBF,LOW,incomplete exact attributes; no fuzzy merge
Data Setting Penghantar UPT DKSBI.xlsx,CBF,280,f0ba5b0036e47fb050940334d394bb217cdf81dcbdeea63e562db5b25048167c,2026-08-21,CBF,CBF,CBF,AUXILIARY,,ULTG TANGKOT,GI 150KV TANGERANG BARU,PHT 150kV LONTAR,#1,,,CBF,,,,,,,ASSET|GI 150KV TANGERANG BARU|PHT 150KV LONTAR|#1|?|?|CBF,LOW,incomplete exact attributes; no fuzzy merge
Data Setting Penghantar UPT DKSBI.xlsx,CBF,281,f0ba5b0036e47fb050940334d394bb217cdf81dcbdeea63e562db5b25048167c,2026-08-21,CBF,CBF,CBF,AUXILIARY,,ULTG TANGKOT,GI 150KV TANGERANG BARU,PHT 150kV LONTAR,#2,,,CBF,,,,,,,ASSET|GI 150KV TANGERANG BARU|PHT 150KV LONTAR|#2|?|?|CBF,LOW,incomplete exact attributes; no fuzzy merge
Data Setting Penghantar UPT DKSBI.xlsx,CBF,282,f0ba5b0036e47fb050940334d394bb217cdf81dcbdeea63e562db5b25048167c,2026-08-21,CBF,CBF,CBF,AUXILIARY,,ULTG CIKUPA,GI 150KV TELUK NAGA,TRF,#1,,,CBF,,,,,,,ASSET|GI 150KV TELUK NAGA|TRF|#1|?|?|CBF,LOW,incomplete exact attributes; no fuzzy merge
Data Setting Penghantar UPT DKSBI.xlsx,CBF,283,f0ba5b0036e47fb050940334d394bb217cdf81dcbdeea63e562db5b25048167c,2026-08-21,CBF,CBF,CBF,AUXILIARY,,ULTG CIKUPA,GI 150KV TELUK NAGA,TRF,#2,,,CBF,,,,,,,ASSET|GI 150KV TELUK NAGA|TRF|#2|?|?|CBF,LOW,incomplete exact attributes; no fuzzy merge
Data Setting Penghantar UPT DKSBI.xlsx,CBF,284,f0ba5b0036e47fb050940334d394bb217cdf81dcbdeea63e562db5b25048167c,2026-08-21,CBF,CBF,CBF,AUXILIARY,,ULTG CIKUPA,GI 150KV TELUK NAGA,TRF,#3,,,CBF,,,,,,,ASSET|GI 150KV TELUK NAGA|TRF|#3|?|?|CBF,LOW,incomplete exact attributes; no fuzzy merge
Data Setting Penghantar UPT DKSBI.xlsx,CBF,285,f0ba5b0036e47fb050940334d394bb217cdf81dcbdeea63e562db5b25048167c,2026-08-21,CBF,CBF,CBF,AUXILIARY,,ULTG CIKUPA,GI 150KV TELUK NAGA,TRF,#4,,,CBF,,,,,,,ASSET|GI 150KV TELUK NAGA|TRF|#4|?|?|CBF,LOW,incomplete exact attributes; no fuzzy merge
Data Setting Penghantar UPT DKSBI.xlsx,CBF,286,f0ba5b0036e47fb050940334d394bb217cdf81dcbdeea63e562db5b25048167c,2026-08-21,CBF,CBF,CBF,AUXILIARY,,ULTG CIKUPA,GI 150KV TELUK NAGA,PHT 150kV LONTAR,#1,,,CBF,,,,,,,ASSET|GI 150KV TELUK NAGA|PHT 150KV LONTAR|#1|?|?|CBF,LOW,incomplete exact attributes; no fuzzy merge
Data Setting Penghantar UPT DKSBI.xlsx,CBF,287,f0ba5b0036e47fb050940334d394bb217cdf81dcbdeea63e562db5b25048167c,2026-08-21,CBF,CBF,CBF,AUXILIARY,,ULTG CIKUPA,GI 150KV TELUK NAGA,PHT 150kV LONTAR,#2,,,CBF,,,,,,,ASSET|GI 150KV TELUK NAGA|PHT 150KV LONTAR|#2|?|?|CBF,LOW,incomplete exact attributes; no fuzzy merge
Data Setting Penghantar UPT DKSBI.xlsx,CBF,288,f0ba5b0036e47fb050940334d394bb217cdf81dcbdeea63e562db5b25048167c,2026-08-21,CBF,CBF,CBF,AUXILIARY,,ULTG CIKUPA,GI 150KV TELUK NAGA,PHT 150kV SEPATAN,#1,,,CBF,,,,,,,ASSET|GI 150KV TELUK NAGA|PHT 150KV SEPATAN|#1|?|?|CBF,LOW,incomplete exact attributes; no fuzzy merge
Data Setting Penghantar UPT DKSBI.xlsx,CBF,289,f0ba5b0036e47fb050940334d394bb217cdf81dcbdeea63e562db5b25048167c,2026-08-21,CBF,CBF,CBF,AUXILIARY,,ULTG CIKUPA,GI 150KV TELUK NAGA,PHT 150kV SEPATAN,#2,,,CBF,,,,,,,ASSET|GI 150KV TELUK NAGA|PHT 150KV SEPATAN|#2|?|?|CBF,LOW,incomplete exact attributes; no fuzzy merge
Data Setting Penghantar UPT DKSBI.xlsx,CBF,290,f0ba5b0036e47fb050940334d394bb217cdf81dcbdeea63e562db5b25048167c,2026-08-21,CBF,CBF,CBF,AUXILIARY,,ULTG CIKUPA,GI 150KV TIGARAKSA,TRF,#1,,,CBF,,,,,,,ASSET|GI 150KV TIGARAKSA|TRF|#1|?|?|CBF,LOW,incomplete exact attributes; no fuzzy merge
Data Setting Penghantar UPT DKSBI.xlsx,CBF,291,f0ba5b0036e47fb050940334d394bb217cdf81dcbdeea63e562db5b25048167c,2026-08-21,CBF,CBF,CBF,AUXILIARY,,ULTG CIKUPA,GI 150KV TIGARAKSA,TRF,#2,,,CBF,,,,,,,ASSET|GI 150KV TIGARAKSA|TRF|#2|?|?|CBF,LOW,incomplete exact attributes; no fuzzy merge
Data Setting Penghantar UPT DKSBI.xlsx,CBF,292,f0ba5b0036e47fb050940334d394bb217cdf81dcbdeea63e562db5b25048167c,2026-08-21,CBF,CBF,CBF,AUXILIARY,,ULTG CIKUPA,GI 150KV TIGARAKSA,TRF,#3,,,CBF,,,,,,,ASSET|GI 150KV TIGARAKSA|TRF|#3|?|?|CBF,LOW,incomplete exact attributes; no fuzzy merge
Data Setting Penghantar UPT DKSBI.xlsx,CBF,293,f0ba5b0036e47fb050940334d394bb217cdf81dcbdeea63e562db5b25048167c,2026-08-21,CBF,CBF,CBF,AUXILIARY,,ULTG CIKUPA,GI 150KV TIGARAKSA,TRF,#4,,,CBF,,,,,,,ASSET|GI 150KV TIGARAKSA|TRF|#4|?|?|CBF,LOW,incomplete exact attributes; no fuzzy merge
Data Setting Penghantar UPT DKSBI.xlsx,CBF,294,f0ba5b0036e47fb050940334d394bb217cdf81dcbdeea63e562db5b25048167c,2026-08-21,CBF,CBF,CBF,AUXILIARY,,ULTG CIKUPA,GI 150KV TIGARAKSA,PHT 150kV CITRA HABITAT,#1,,,CBF,,,,,,,ASSET|GI 150KV TIGARAKSA|PHT 150KV CITRA HABITAT|#1|?|?|CBF,LOW,incomplete exact attributes; no fuzzy merge
Data Setting Penghantar UPT DKSBI.xlsx,CBF,295,f0ba5b0036e47fb050940334d394bb217cdf81dcbdeea63e562db5b25048167c,2026-08-21,CBF,CBF,CBF,AUXILIARY,,ULTG CIKUPA,GI 150KV TIGARAKSA,PHT 150kV CITRA HABITAT,#2,,,CBF,,,,,,,ASSET|GI 150KV TIGARAKSA|PHT 150KV CITRA HABITAT|#2|?|?|CBF,LOW,incomplete exact attributes; no fuzzy merge
Data Setting Penghantar UPT DKSBI.xlsx,CBF,296,f0ba5b0036e47fb050940334d394bb217cdf81dcbdeea63e562db5b25048167c,2026-08-21,CBF,CBF,CBF,AUXILIARY,,ULTG TANGKOT,GIS 150KV ALAM SUTERA,TRF,#1,,,CBF,,,,,,,ASSET|GIS 150KV ALAM SUTERA|TRF|#1|?|?|CBF,LOW,incomplete exact attributes; no fuzzy merge
Data Setting Penghantar UPT DKSBI.xlsx,CBF,297,f0ba5b0036e47fb050940334d394bb217cdf81dcbdeea63e562db5b25048167c,2026-08-21,CBF,CBF,CBF,AUXILIARY,,ULTG TANGKOT,GIS 150KV ALAM SUTERA,TRF,#2,,,CBF,,,,,,,ASSET|GIS 150KV ALAM SUTERA|TRF|#2|?|?|CBF,LOW,incomplete exact attributes; no fuzzy merge
Data Setting Penghantar UPT DKSBI.xlsx,CBF,298,f0ba5b0036e47fb050940334d394bb217cdf81dcbdeea63e562db5b25048167c,2026-08-21,CBF,CBF,CBF,AUXILIARY,,ULTG TANGKOT,GIS 150KV ALAM SUTERA,TRF,#3,,,CBF,,,,,,,ASSET|GIS 150KV ALAM SUTERA|TRF|#3|?|?|CBF,LOW,incomplete exact attributes; no fuzzy merge
Data Setting Penghantar UPT DKSBI.xlsx,CBF,299,f0ba5b0036e47fb050940334d394bb217cdf81dcbdeea63e562db5b25048167c,2026-08-21,CBF,CBF,CBF,AUXILIARY,,ULTG TANGKOT,GIS 150KV ALAM SUTERA,PHT 150kV CILEDUG,#1,,,CBF,,,,,,,ASSET|GIS 150KV ALAM SUTERA|PHT 150KV CILEDUG|#1|?|?|CBF,LOW,incomplete exact attributes; no fuzzy merge
Data Setting Penghantar UPT DKSBI.xlsx,CBF,300,f0ba5b0036e47fb050940334d394bb217cdf81dcbdeea63e562db5b25048167c,2026-08-21,CBF,CBF,CBF,AUXILIARY,,ULTG TANGKOT,GIS 150KV ALAM SUTERA,PHT 150kV CILEDUG,#2,,,CBF,,,,,,,ASSET|GIS 150KV ALAM SUTERA|PHT 150KV CILEDUG|#2|?|?|CBF,LOW,incomplete exact attributes; no fuzzy merge
Data Setting Penghantar UPT DKSBI.xlsx,CBF,301,f0ba5b0036e47fb050940334d394bb217cdf81dcbdeea63e562db5b25048167c,2026-08-21,CBF,CBF,CBF,AUXILIARY,,ULTG TANGKOT,GIS 150KV ALAM SUTERA,PHT 150kV SUMMARECON GADING SERPONG,#1,,,CBF,,,,,,,ASSET|GIS 150KV ALAM SUTERA|PHT 150KV SUMMARECON GADING SERPONG|#1|?|?|CBF,LOW,incomplete exact attributes; no fuzzy merge
Data Setting Penghantar UPT DKSBI.xlsx,CBF,302,f0ba5b0036e47fb050940334d394bb217cdf81dcbdeea63e562db5b25048167c,2026-08-21,CBF,CBF,CBF,AUXILIARY,,ULTG TANGKOT,GIS 150KV ALAM SUTERA,PHT 150kV SUMMARECON GADING SERPONG,#2,,,CBF,,,,,,,ASSET|GIS 150KV ALAM SUTERA|PHT 150KV SUMMARECON GADING SERPONG|#2|?|?|CBF,LOW,incomplete exact attributes; no fuzzy merge
Data Setting Penghantar UPT DKSBI.xlsx,CBF,303,f0ba5b0036e47fb050940334d394bb217cdf81dcbdeea63e562db5b25048167c,2026-08-21,CBF,CBF,CBF,AUXILIARY,,ULTG DURIKOSAMBI,GIS 150KV DAAN MOGOT,TRF,#1,,,CBF,,,,,,,ASSET|GIS 150KV DAAN MOGOT|TRF|#1|?|?|CBF,LOW,incomplete exact attributes; no fuzzy merge
Data Setting Penghantar UPT DKSBI.xlsx,CBF,304,f0ba5b0036e47fb050940334d394bb217cdf81dcbdeea63e562db5b25048167c,2026-08-21,CBF,CBF,CBF,AUXILIARY,,ULTG DURIKOSAMBI,GIS 150KV DAAN MOGOT,TRF,#2,,,CBF,,,,,,,ASSET|GIS 150KV DAAN MOGOT|TRF|#2|?|?|CBF,LOW,incomplete exact attributes; no fuzzy merge
Data Setting Penghantar UPT DKSBI.xlsx,CBF,305,f0ba5b0036e47fb050940334d394bb217cdf81dcbdeea63e562db5b25048167c,2026-08-21,CBF,CBF,CBF,AUXILIARY,,ULTG DURIKOSAMBI,GIS 150KV DAAN MOGOT,TRF,#3,,,CBF,,,,,,,ASSET|GIS 150KV DAAN MOGOT|TRF|#3|?|?|CBF,LOW,incomplete exact attributes; no fuzzy merge
Data Setting Penghantar UPT DKSBI.xlsx,CBF,306,f0ba5b0036e47fb050940334d394bb217cdf81dcbdeea63e562db5b25048167c,2026-08-21,CBF,CBF,CBF,AUXILIARY,,ULTG DURIKOSAMBI,GIS 150KV DAAN MOGOT,PHT 150kV DURIKOSAMBI,#1,,,CBF,,,,,,,ASSET|GIS 150KV DAAN MOGOT|PHT 150KV DURIKOSAMBI|#1|?|?|CBF,LOW,incomplete exact attributes; no fuzzy merge
Data Setting Penghantar UPT DKSBI.xlsx,CBF,307,f0ba5b0036e47fb050940334d394bb217cdf81dcbdeea63e562db5b25048167c,2026-08-21,CBF,CBF,CBF,AUXILIARY,,ULTG DURIKOSAMBI,GIS 150KV DAAN MOGOT,PHT 150kV DURIKOSAMBI,#2,,,CBF,,,,,,,ASSET|GIS 150KV DAAN MOGOT|PHT 150KV DURIKOSAMBI|#2|?|?|CBF,LOW,incomplete exact attributes; no fuzzy merge
Data Setting Penghantar UPT DKSBI.xlsx,CBF,308,f0ba5b0036e47fb050940334d394bb217cdf81dcbdeea63e562db5b25048167c,2026-08-21,CBF,CBF,CBF,AUXILIARY,,ULTG DURIKOSAMBI,GIS 150KV DAAN MOGOT,PHT 150kV PANTAI INDAH KAPUK,#1,,,CBF,,,,,,,ASSET|GIS 150KV DAAN MOGOT|PHT 150KV PANTAI INDAH KAPUK|#1|?|?|CBF,LOW,incomplete exact attributes; no fuzzy merge
Data Setting Penghantar UPT DKSBI.xlsx,CBF,309,f0ba5b0036e47fb050940334d394bb217cdf81dcbdeea63e562db5b25048167c,2026-08-21,CBF,CBF,CBF,AUXILIARY,,ULTG DURIKOSAMBI,GIS 150KV DAAN MOGOT,PHT 150kV PANTAI INDAH KAPUK,#2,,,CBF,,,,,,,ASSET|GIS 150KV DAAN MOGOT|PHT 150KV PANTAI INDAH KAPUK|#2|?|?|CBF,LOW,incomplete exact attributes; no fuzzy merge
Data Setting Penghantar UPT DKSBI.xlsx,CBF,310,f0ba5b0036e47fb050940334d394bb217cdf81dcbdeea63e562db5b25048167c,2026-08-21,CBF,CBF,CBF,AUXILIARY,,ULTG DURIKOSAMBI,GIS 150KV GROGOL,TRF,#1,,,CBF,,,,,,,ASSET|GIS 150KV GROGOL|TRF|#1|?|?|CBF,LOW,incomplete exact attributes; no fuzzy merge
Data Setting Penghantar UPT DKSBI.xlsx,CBF,311,f0ba5b0036e47fb050940334d394bb217cdf81dcbdeea63e562db5b25048167c,2026-08-21,CBF,CBF,CBF,AUXILIARY,,ULTG DURIKOSAMBI,GIS 150KV GROGOL,TRF,#2,,,CBF,,,,,,,ASSET|GIS 150KV GROGOL|TRF|#2|?|?|CBF,LOW,incomplete exact attributes; no fuzzy merge
Data Setting Penghantar UPT DKSBI.xlsx,CBF,312,f0ba5b0036e47fb050940334d394bb217cdf81dcbdeea63e562db5b25048167c,2026-08-21,CBF,CBF,CBF,AUXILIARY,,ULTG DURIKOSAMBI,GIS 150KV GROGOL,TRF,#3,,,CBF,,,,,,,ASSET|GIS 150KV GROGOL|TRF|#3|?|?|CBF,LOW,incomplete exact attributes; no fuzzy merge
Data Setting Penghantar UPT DKSBI.xlsx,CBF,313,f0ba5b0036e47fb050940334d394bb217cdf81dcbdeea63e562db5b25048167c,2026-08-21,CBF,CBF,CBF,AUXILIARY,,ULTG DURIKOSAMBI,GIS 150KV GROGOL,PHT 150kV GROGOL BARU,#1,1600 / 1,,CBF,GEC Alsthom,MCTI,422729L,Elektromekanik,,,SERIAL|422729L,HIGH,exact normalized serial
Data Setting Penghantar UPT DKSBI.xlsx,CBF,314,f0ba5b0036e47fb050940334d394bb217cdf81dcbdeea63e562db5b25048167c,2026-08-21,CBF,CBF,CBF,AUXILIARY,,ULTG DURIKOSAMBI,GIS 150KV GROGOL,PHT 150kV GROGOL BARU,#2,1600 / 1,,CBF,GEC Alsthom,MCTI,422731L,Elektromekanik,,,SERIAL|422731L,HIGH,exact normalized serial
Data Setting Penghantar UPT DKSBI.xlsx,CBF,315,f0ba5b0036e47fb050940334d394bb217cdf81dcbdeea63e562db5b25048167c,2026-08-21,CBF,CBF,CBF,AUXILIARY,,ULTG DURIKOSAMBI,GIS 150KV GROGOL,KOPEL BUS,,2000 / 1,,CBF,GEC Alsthom,MCTI,422737L,Elektromekanik,,,SERIAL|422737L,HIGH,exact normalized serial
Data Setting Penghantar UPT DKSBI.xlsx,CBF,316,f0ba5b0036e47fb050940334d394bb217cdf81dcbdeea63e562db5b25048167c,2026-08-21,CBF,CBF,CBF,AUXILIARY,,ULTG DURIKOSAMBI,GIS 150KV GROGOL BARU,TRF,#1,,,CBF,,,,,2019.0,,ASSET|GIS 150KV GROGOL BARU|TRF|#1|?|?|CBF,LOW,incomplete exact attributes; no fuzzy merge
Data Setting Penghantar UPT DKSBI.xlsx,CBF,317,f0ba5b0036e47fb050940334d394bb217cdf81dcbdeea63e562db5b25048167c,2026-08-21,CBF,CBF,CBF,AUXILIARY,,ULTG DURIKOSAMBI,GIS 150KV GROGOL BARU,TRF,#2,,,CBF,,,,,2019.0,,ASSET|GIS 150KV GROGOL BARU|TRF|#2|?|?|CBF,LOW,incomplete exact attributes; no fuzzy merge
Data Setting Penghantar UPT DKSBI.xlsx,CBF,318,f0ba5b0036e47fb050940334d394bb217cdf81dcbdeea63e562db5b25048167c,2026-08-21,CBF,CBF,CBF,AUXILIARY,,ULTG DURIKOSAMBI,GIS 150KV GROGOL BARU,PHT 150kV DURIKOSAMBI,#1,2000 / 1,,CBF,Siemens,,BM1804004748,Numerik,2019.0,,SERIAL|BM1804004748,HIGH,exact normalized serial
Data Setting Penghantar UPT DKSBI.xlsx,CBF,319,f0ba5b0036e47fb050940334d394bb217cdf81dcbdeea63e562db5b25048167c,2026-08-21,CBF,CBF,CBF,AUXILIARY,,ULTG DURIKOSAMBI,GIS 150KV GROGOL BARU,PHT 150kV DURIKOSAMBI,#2,1600 / 1,,CBF,Siemens,7VK87,BM1804004748,Numerik,2019.0,,SERIAL|BM1804004748,HIGH,exact normalized serial
Data Setting Penghantar UPT DKSBI.xlsx,CBF,320,f0ba5b0036e47fb050940334d394bb217cdf81dcbdeea63e562db5b25048167c,2026-08-21,CBF,CBF,CBF,AUXILIARY,,ULTG DURIKOSAMBI,GIS 150KV GROGOL BARU,PHT 150kV GROGOL,#1,,,CBF,,,,,2019.0,,ASSET|GIS 150KV GROGOL BARU|PHT 150KV GROGOL|#1|?|?|CBF,LOW,incomplete exact attributes; no fuzzy merge
Data Setting Penghantar UPT DKSBI.xlsx,CBF,321,f0ba5b0036e47fb050940334d394bb217cdf81dcbdeea63e562db5b25048167c,2026-08-21,CBF,CBF,CBF,AUXILIARY,,ULTG DURIKOSAMBI,GIS 150KV GROGOL BARU,PHT 150kV GROGOL,#2,,,CBF,,,,,2019.0,,ASSET|GIS 150KV GROGOL BARU|PHT 150KV GROGOL|#2|?|?|CBF,LOW,incomplete exact attributes; no fuzzy merge
Data Setting Penghantar UPT DKSBI.xlsx,CBF,322,f0ba5b0036e47fb050940334d394bb217cdf81dcbdeea63e562db5b25048167c,2026-08-21,CBF,CBF,CBF,AUXILIARY,,ULTG DURIKOSAMBI,GIS 150KV KEBON JERUK,TRF,#1,,,CBF,,,,,,,ASSET|GIS 150KV KEBON JERUK|TRF|#1|?|?|CBF,LOW,incomplete exact attributes; no fuzzy merge
Data Setting Penghantar UPT DKSBI.xlsx,CBF,323,f0ba5b0036e47fb050940334d394bb217cdf81dcbdeea63e562db5b25048167c,2026-08-21,CBF,CBF,CBF,AUXILIARY,,ULTG DURIKOSAMBI,GIS 150KV KEBON JERUK,TRF,#2,250 / 5,,CBF,Alstom,P14D,35030424/03/20,Numerik,2021.0,,SERIAL|35030424/03/20,HIGH,exact normalized serial
Data Setting Penghantar UPT DKSBI.xlsx,CBF,324,f0ba5b0036e47fb050940334d394bb217cdf81dcbdeea63e562db5b25048167c,2026-08-21,CBF,CBF,CBF,AUXILIARY,,ULTG DURIKOSAMBI,GIS 150KV KEBON JERUK,TRF,#3,250 / 5,,CBF,Alstom,P14D,35030422/03/20,Numerik,2021.0,,SERIAL|35030422/03/20,HIGH,exact normalized serial
Data Setting Penghantar UPT DKSBI.xlsx,CBF,325,f0ba5b0036e47fb050940334d394bb217cdf81dcbdeea63e562db5b25048167c,2026-08-21,CBF,CBF,CBF,AUXILIARY,,ULTG DURIKOSAMBI,GIS 150KV KEBON JERUK,PHT 150kV DURIKOSAMBI,#1,500 / 5,,CBF,ABB,REF 615E G,1VHR91327611,Numerik,2021.0,,SERIAL|1VHR91327611,HIGH,exact normalized serial
Data Setting Penghantar UPT DKSBI.xlsx,CBF,326,f0ba5b0036e47fb050940334d394bb217cdf81dcbdeea63e562db5b25048167c,2026-08-21,CBF,CBF,CBF,AUXILIARY,,ULTG DURIKOSAMBI,GIS 150KV KEBON JERUK,PHT 150kV DURIKOSAMBI,#2,,,CBF,,,,,,,ASSET|GIS 150KV KEBON JERUK|PHT 150KV DURIKOSAMBI|#2|?|?|CBF,LOW,incomplete exact attributes; no fuzzy merge
Data Setting Penghantar UPT DKSBI.xlsx,CBF,327,f0ba5b0036e47fb050940334d394bb217cdf81dcbdeea63e562db5b25048167c,2026-08-21,CBF,CBF,CBF,AUXILIARY,,ULTG DURIKOSAMBI,GIS 150KV KEBON JERUK,PHT 150kV KARET BARU,#1,500 / 5,,CBF,ABB,REF 615,1VHR91327614,Numerik,2021.0,,SERIAL|1VHR91327614,HIGH,exact normalized serial
Data Setting Penghantar UPT DKSBI.xlsx,CBF,328,f0ba5b0036e47fb050940334d394bb217cdf81dcbdeea63e562db5b25048167c,2026-08-21,CBF,CBF,CBF,AUXILIARY,,ULTG DURIKOSAMBI,GIS 150KV KEBON JERUK,PHT 150kV KARET BARU,#2,500 / 5,,CBF,ABB,REF 615,1VHR91344410,Numerik,2021.0,,SERIAL|1VHR91344410,HIGH,exact normalized serial
Data Setting Penghantar UPT DKSBI.xlsx,CBF,329,f0ba5b0036e47fb050940334d394bb217cdf81dcbdeea63e562db5b25048167c,2026-08-21,CBF,CBF,CBF,AUXILIARY,,ULTG DURIKOSAMBI,GIS 150KV KEBON JERUK,KOPEL BUS,,2000 / 5,,CBF,ABB,REF 615E G,1VHR91331923,Numerik,2021.0,,SERIAL|1VHR91331923,HIGH,exact normalized serial
Data Setting Penghantar UPT DKSBI.xlsx,CBF,330,f0ba5b0036e47fb050940334d394bb217cdf81dcbdeea63e562db5b25048167c,2026-08-21,CBF,CBF,CBF,AUXILIARY,,ULTG DURIKOSAMBI,GIS 150KV KEMBANGAN,TRF,#1,,,CBF,,,,,,,ASSET|GIS 150KV KEMBANGAN|TRF|#1|?|?|CBF,LOW,incomplete exact attributes; no fuzzy merge
Data Setting Penghantar UPT DKSBI.xlsx,CBF,331,f0ba5b0036e47fb050940334d394bb217cdf81dcbdeea63e562db5b25048167c,2026-08-21,CBF,CBF,CBF,AUXILIARY,,ULTG DURIKOSAMBI,GIS 150KV KEMBANGAN,TRF,#2,,,CBF,,,,,,,ASSET|GIS 150KV KEMBANGAN|TRF|#2|?|?|CBF,LOW,incomplete exact attributes; no fuzzy merge
Data Setting Penghantar UPT DKSBI.xlsx,CBF,332,f0ba5b0036e47fb050940334d394bb217cdf81dcbdeea63e562db5b25048167c,2026-08-21,CBF,CBF,CBF,AUXILIARY,,ULTG DURIKOSAMBI,GIS 150KV KEMBANGAN,TRF,#3,,,CBF,,,,,,,ASSET|GIS 150KV KEMBANGAN|TRF|#3|?|?|CBF,LOW,incomplete exact attributes; no fuzzy merge
Data Setting Penghantar UPT DKSBI.xlsx,CBF,333,f0ba5b0036e47fb050940334d394bb217cdf81dcbdeea63e562db5b25048167c,2026-08-21,CBF,CBF,CBF,AUXILIARY,,ULTG DURIKOSAMBI,GIS 150KV KEMBANGAN,PHT 150kV CILEDUG,#1,,,CBF,,,,,,,ASSET|GIS 150KV KEMBANGAN|PHT 150KV CILEDUG|#1|?|?|CBF,LOW,incomplete exact attributes; no fuzzy merge
Data Setting Penghantar UPT DKSBI.xlsx,CBF,334,f0ba5b0036e47fb050940334d394bb217cdf81dcbdeea63e562db5b25048167c,2026-08-21,CBF,CBF,CBF,AUXILIARY,,ULTG DURIKOSAMBI,GIS 150KV KEMBANGAN,PHT 150kV CILEDUG,#2,,,CBF,,,,,,,ASSET|GIS 150KV KEMBANGAN|PHT 150KV CILEDUG|#2|?|?|CBF,LOW,incomplete exact attributes; no fuzzy merge
Data Setting Penghantar UPT DKSBI.xlsx,CBF,335,f0ba5b0036e47fb050940334d394bb217cdf81dcbdeea63e562db5b25048167c,2026-08-21,CBF,CBF,CBF,AUXILIARY,,ULTG DURIKOSAMBI,GIS 150KV KEMBANGAN,PHT 150kV DURIKOSAMBI,#1,,,CBF,,,,,,,ASSET|GIS 150KV KEMBANGAN|PHT 150KV DURIKOSAMBI|#1|?|?|CBF,LOW,incomplete exact attributes; no fuzzy merge
Data Setting Penghantar UPT DKSBI.xlsx,CBF,336,f0ba5b0036e47fb050940334d394bb217cdf81dcbdeea63e562db5b25048167c,2026-08-21,CBF,CBF,CBF,AUXILIARY,,ULTG DURIKOSAMBI,GIS 150KV KEMBANGAN,PHT 150kV DURIKOSAMBI,#2,,,CBF,,,,,,,ASSET|GIS 150KV KEMBANGAN|PHT 150KV DURIKOSAMBI|#2|?|?|CBF,LOW,incomplete exact attributes; no fuzzy merge
Data Setting Penghantar UPT DKSBI.xlsx,CBF,337,f0ba5b0036e47fb050940334d394bb217cdf81dcbdeea63e562db5b25048167c,2026-08-21,CBF,CBF,CBF,AUXILIARY,,ULTG DURIKOSAMBI,GIS 150KV KEMBANGAN,PHT 150kV NEW SENAYAN,#1,,,CBF,,,,,,,ASSET|GIS 150KV KEMBANGAN|PHT 150KV NEW SENAYAN|#1|?|?|CBF,LOW,incomplete exact attributes; no fuzzy merge
Data Setting Penghantar UPT DKSBI.xlsx,CBF,338,f0ba5b0036e47fb050940334d394bb217cdf81dcbdeea63e562db5b25048167c,2026-08-21,CBF,CBF,CBF,AUXILIARY,,ULTG DURIKOSAMBI,GIS 150KV KEMBANGAN,PHT 150kV NEW SENAYAN,#2,,,CBF,,,,,,,ASSET|GIS 150KV KEMBANGAN|PHT 150KV NEW SENAYAN|#2|?|?|CBF,LOW,incomplete exact attributes; no fuzzy merge
Data Setting Penghantar UPT DKSBI.xlsx,CBF,339,f0ba5b0036e47fb050940334d394bb217cdf81dcbdeea63e562db5b25048167c,2026-08-21,CBF,CBF,CBF,AUXILIARY,,ULTG DURIKOSAMBI,GIS 150KV KEMBANGAN,PHT 150kV PETUKANGAN,#1,,,CBF,,,,,,,ASSET|GIS 150KV KEMBANGAN|PHT 150KV PETUKANGAN|#1|?|?|CBF,LOW,incomplete exact attributes; no fuzzy merge
Data Setting Penghantar UPT DKSBI.xlsx,CBF,340,f0ba5b0036e47fb050940334d394bb217cdf81dcbdeea63e562db5b25048167c,2026-08-21,CBF,CBF,CBF,AUXILIARY,,ULTG DURIKOSAMBI,GIS 150KV KEMBANGAN,PHT 150kV PETUKANGAN,#2,,,CBF,,,,,,,ASSET|GIS 150KV KEMBANGAN|PHT 150KV PETUKANGAN|#2|?|?|CBF,LOW,incomplete exact attributes; no fuzzy merge
Data Setting Penghantar UPT DKSBI.xlsx,CBF,341,f0ba5b0036e47fb050940334d394bb217cdf81dcbdeea63e562db5b25048167c,2026-08-21,CBF,CBF,CBF,AUXILIARY,,ULTG CIKUPA,GIS 150KV LONTAR,PHT 150kV TANGERANG BARU,#1,3200 / 1,,CBF,NR,RCS-921,7430100901001.0,Numerik,,,SERIAL|7430100901001,HIGH,exact normalized serial
Data Setting Penghantar UPT DKSBI.xlsx,CBF,342,f0ba5b0036e47fb050940334d394bb217cdf81dcbdeea63e562db5b25048167c,2026-08-21,CBF,CBF,CBF,AUXILIARY,,ULTG CIKUPA,GIS 150KV LONTAR,PHT 150kV TANGERANG BARU,#2,3200 / 1,,CBF,NR,RCS-921,7430100900401.0,Numerik,,,SERIAL|7430100900401,HIGH,exact normalized serial
Data Setting Penghantar UPT DKSBI.xlsx,CBF,343,f0ba5b0036e47fb050940334d394bb217cdf81dcbdeea63e562db5b25048167c,2026-08-21,CBF,CBF,CBF,AUXILIARY,,ULTG CIKUPA,GIS 150KV LONTAR,PHT 150kV DADAP,#1,3200 / 1,,CBF,NR,RCS-921,7430100900701.0,Numerik,,,SERIAL|7430100900701,HIGH,exact normalized serial
Data Setting Penghantar UPT DKSBI.xlsx,CBF,344,f0ba5b0036e47fb050940334d394bb217cdf81dcbdeea63e562db5b25048167c,2026-08-21,CBF,CBF,CBF,AUXILIARY,,ULTG CIKUPA,GIS 150KV LONTAR,PHT 150kV DADAP,#2,3200 / 1,,CBF,NR,RCS-921,7430100900101.0,Numerik,,,SERIAL|7430100900101,HIGH,exact normalized serial
Data Setting Penghantar UPT DKSBI.xlsx,CBF,345,f0ba5b0036e47fb050940334d394bb217cdf81dcbdeea63e562db5b25048167c,2026-08-21,CBF,CBF,CBF,AUXILIARY,,ULTG CIKUPA,GIS 150KV LONTAR,,,3200 / 1,,CBF,NR,RCS-921,7430100900801.0,Numerik,,,SERIAL|7430100900801,HIGH,exact normalized serial
Data Setting Penghantar UPT DKSBI.xlsx,CBF,346,f0ba5b0036e47fb050940334d394bb217cdf81dcbdeea63e562db5b25048167c,2026-08-21,CBF,CBF,CBF,AUXILIARY,,ULTG CIKUPA,GIS 150KV LONTAR,,,3200 / 1,,CBF,NR,RCS-921,7430100900301.0,Numerik,,,SERIAL|7430100900301,HIGH,exact normalized serial
Data Setting Penghantar UPT DKSBI.xlsx,CBF,347,f0ba5b0036e47fb050940334d394bb217cdf81dcbdeea63e562db5b25048167c,2026-08-21,CBF,CBF,CBF,AUXILIARY,,ULTG CIKUPA,GIS 150KV LONTAR,,,3200 / 1,,CBF,NR,RCS-921,7430100901201.0,Numerik,,,SERIAL|7430100901201,HIGH,exact normalized serial
Data Setting Penghantar UPT DKSBI.xlsx,CBF,348,f0ba5b0036e47fb050940334d394bb217cdf81dcbdeea63e562db5b25048167c,2026-08-21,CBF,CBF,CBF,AUXILIARY,,ULTG CIKUPA,GIS 150KV LONTAR,,,3200 / 1,,CBF,NR,RCS-921,7430100900201.0,Numerik,,,SERIAL|7430100900201,HIGH,exact normalized serial
Data Setting Penghantar UPT DKSBI.xlsx,CBF,349,f0ba5b0036e47fb050940334d394bb217cdf81dcbdeea63e562db5b25048167c,2026-08-21,CBF,CBF,CBF,AUXILIARY,,ULTG CIKUPA,GIS 150KV LONTAR,,,3200 / 1,,CBF,NR,RCS-921,7430100900901.0,Numerik,,,SERIAL|7430100900901,HIGH,exact normalized serial
Data Setting Penghantar UPT DKSBI.xlsx,CBF,350,f0ba5b0036e47fb050940334d394bb217cdf81dcbdeea63e562db5b25048167c,2026-08-21,CBF,CBF,CBF,AUXILIARY,,ULTG CIKUPA,GIS 150KV LONTAR,,,3200 / 1,,CBF,NR,RCS-921,7430100900901.0,Numerik,,,SERIAL|7430100900901,HIGH,exact normalized serial
Data Setting Penghantar UPT DKSBI.xlsx,CBF,351,f0ba5b0036e47fb050940334d394bb217cdf81dcbdeea63e562db5b25048167c,2026-08-21,CBF,CBF,CBF,AUXILIARY,,ULTG CIKUPA,GIS 150KV LONTAR,,,3200 / 1,,CBF,NR,RCS-921,7430100900501.0,Numerik,,,SERIAL|7430100900501,HIGH,exact normalized serial
Data Setting Penghantar UPT DKSBI.xlsx,CBF,352,f0ba5b0036e47fb050940334d394bb217cdf81dcbdeea63e562db5b25048167c,2026-08-21,CBF,CBF,CBF,AUXILIARY,,ULTG CIKUPA,GIS 150KV LONTAR,,,3200 / 1,,CBF,NR,RCS-921,7430100900601.0,Numerik,,,SERIAL|7430100900601,HIGH,exact normalized serial
Data Setting Penghantar UPT DKSBI.xlsx,CBF,353,f0ba5b0036e47fb050940334d394bb217cdf81dcbdeea63e562db5b25048167c,2026-08-21,CBF,CBF,CBF,AUXILIARY,,ULTG CIKUPA,GIS 150KV LONTAR,,,4000 / 1,,CBF,SCHNEIDER,P841,619305F,Numerik,,,SERIAL|619305F,HIGH,exact normalized serial
Data Setting Penghantar UPT DKSBI.xlsx,CBF,354,f0ba5b0036e47fb050940334d394bb217cdf81dcbdeea63e562db5b25048167c,2026-08-21,CBF,CBF,CBF,AUXILIARY,,ULTG CIKUPA,GIS 150KV LONTAR,,,4000 / 1,,CBF,SCHNEIDER,P841,614378F,Numerik,,,SERIAL|614378F,HIGH,exact normalized serial
Data Setting Penghantar UPT DKSBI.xlsx,CBF,355,f0ba5b0036e47fb050940334d394bb217cdf81dcbdeea63e562db5b25048167c,2026-08-21,CBF,CBF,CBF,AUXILIARY,,ULTG CIKUPA,GIS 150KV LONTAR,PHT 150kV SINDANG JAYA,#1,4000 / 1,,CBF,SCHNEIDER,P841,614377F,Numerik,,,SERIAL|614377F,HIGH,exact normalized serial
Data Setting Penghantar UPT DKSBI.xlsx,CBF,356,f0ba5b0036e47fb050940334d394bb217cdf81dcbdeea63e562db5b25048167c,2026-08-21,CBF,CBF,CBF,AUXILIARY,,ULTG CIKUPA,GIS 150KV LONTAR,PHT 150kV SINDANG JAYA,#2,4000 / 1,,CBF,SCHNEIDER,P841,619303F,Numerik,,,SERIAL|619303F,HIGH,exact normalized serial
Data Setting Penghantar UPT DKSBI.xlsx,CBF,357,f0ba5b0036e47fb050940334d394bb217cdf81dcbdeea63e562db5b25048167c,2026-08-21,CBF,CBF,CBF,AUXILIARY,,ULTG CIKUPA,GIS 150KV LONTAR,PHT 150kV CIKUPA (FUTURE),#1,4000 / 1,,CBF,SCHNEIDER,P841,619308F,Numerik,,,SERIAL|619308F,HIGH,exact normalized serial
Data Setting Penghantar UPT DKSBI.xlsx,CBF,358,f0ba5b0036e47fb050940334d394bb217cdf81dcbdeea63e562db5b25048167c,2026-08-21,CBF,CBF,CBF,AUXILIARY,,ULTG CIKUPA,GIS 150KV LONTAR,PHT 150kV CIKUPA (FUTURE),#2,4000 / 1,,CBF,SCHNEIDER,P841,619304F,Numerik,,,SERIAL|619304F,HIGH,exact normalized serial
Data Setting Penghantar UPT DKSBI.xlsx,CBF,359,f0ba5b0036e47fb050940334d394bb217cdf81dcbdeea63e562db5b25048167c,2026-08-21,CBF,CBF,CBF,AUXILIARY,,ULTG CIKUPA,GIS 150KV LONTAR,,,4000 /1,,CBF,SCHNEIDER,P841,614379F,Numerik,,,SERIAL|614379F,HIGH,exact normalized serial
Data Setting Penghantar UPT DKSBI.xlsx,CBF,360,f0ba5b0036e47fb050940334d394bb217cdf81dcbdeea63e562db5b25048167c,2026-08-21,CBF,CBF,CBF,AUXILIARY,,ULTG CIKUPA,GIS 150KV LONTAR,,,4000 /1,,CBF,SCHNEIDER,P841,619309F,Numerik,,,SERIAL|619309F,HIGH,exact normalized serial
Data Setting Penghantar UPT DKSBI.xlsx,CBF,361,f0ba5b0036e47fb050940334d394bb217cdf81dcbdeea63e562db5b25048167c,2026-08-21,CBF,CBF,CBF,AUXILIARY,,ULTG CIKUPA,GIS 150KV LONTAR,,,4000 /1,,CBF,SCHNEIDER,P841,619302F,Numerik,,,SERIAL|619302F,HIGH,exact normalized serial
Data Setting Penghantar UPT DKSBI.xlsx,CBF,362,f0ba5b0036e47fb050940334d394bb217cdf81dcbdeea63e562db5b25048167c,2026-08-21,CBF,CBF,CBF,AUXILIARY,,ULTG CIKUPA,GIS 150KV LONTAR,,,4000 /1,,CBF,SCHNEIDER,P841,614380F,Numerik,,,SERIAL|614380F,HIGH,exact normalized serial
Data Setting Penghantar UPT DKSBI.xlsx,CBF,363,f0ba5b0036e47fb050940334d394bb217cdf81dcbdeea63e562db5b25048167c,2026-08-21,CBF,CBF,CBF,AUXILIARY,,ULTG CIKUPA,GIS 150KV LONTAR,,,4000 / 1,,CBF,SCHNEIDER,P841,614381F,Numerik,,,SERIAL|614381F,HIGH,exact normalized serial
Data Setting Penghantar UPT DKSBI.xlsx,CBF,364,f0ba5b0036e47fb050940334d394bb217cdf81dcbdeea63e562db5b25048167c,2026-08-21,CBF,CBF,CBF,AUXILIARY,,ULTG DURIKOSAMBI,GIS 150KV NEW SENAYAN,TRF,#1,,,CBF,,,,,,,ASSET|GIS 150KV NEW SENAYAN|TRF|#1|?|?|CBF,LOW,incomplete exact attributes; no fuzzy merge
Data Setting Penghantar UPT DKSBI.xlsx,CBF,365,f0ba5b0036e47fb050940334d394bb217cdf81dcbdeea63e562db5b25048167c,2026-08-21,CBF,CBF,CBF,AUXILIARY,,ULTG DURIKOSAMBI,GIS 150KV NEW SENAYAN,TRF,#2,1600 / 1,,CBF,Areva,MiCom P821,60788.0,Numerik,,,SERIAL|60788,HIGH,exact normalized serial
Data Setting Penghantar UPT DKSBI.xlsx,CBF,366,f0ba5b0036e47fb050940334d394bb217cdf81dcbdeea63e562db5b25048167c,2026-08-21,CBF,CBF,CBF,AUXILIARY,,ULTG DURIKOSAMBI,GIS 150KV NEW SENAYAN,TRF,#3,,,CBF,,,,,,,ASSET|GIS 150KV NEW SENAYAN|TRF|#3|?|?|CBF,LOW,incomplete exact attributes; no fuzzy merge
Data Setting Penghantar UPT DKSBI.xlsx,CBF,367,f0ba5b0036e47fb050940334d394bb217cdf81dcbdeea63e562db5b25048167c,2026-08-21,CBF,CBF,CBF,AUXILIARY,,ULTG DURIKOSAMBI,GIS 150KV NEW SENAYAN,PHT 150kV KEMBANGAN,#1,,,CBF,,,,,,,ASSET|GIS 150KV NEW SENAYAN|PHT 150KV KEMBANGAN|#1|?|?|CBF,LOW,incomplete exact attributes; no fuzzy merge
Data Setting Penghantar UPT DKSBI.xlsx,CBF,368,f0ba5b0036e47fb050940334d394bb217cdf81dcbdeea63e562db5b25048167c,2026-08-21,CBF,CBF,CBF,AUXILIARY,,ULTG DURIKOSAMBI,GIS 150KV NEW SENAYAN,PHT 150kV KEMBANGAN,#2,,,CBF,,,,,,,ASSET|GIS 150KV NEW SENAYAN|PHT 150KV KEMBANGAN|#2|?|?|CBF,LOW,incomplete exact attributes; no fuzzy merge
Data Setting Penghantar UPT DKSBI.xlsx,CBF,369,f0ba5b0036e47fb050940334d394bb217cdf81dcbdeea63e562db5b25048167c,2026-08-21,CBF,CBF,CBF,AUXILIARY,,ULTG DURIKOSAMBI,GIS 150KV NEW SENAYAN,PHT 150kV SENAYAN,#1,,,CBF,,,,,,,ASSET|GIS 150KV NEW SENAYAN|PHT 150KV SENAYAN|#1|?|?|CBF,LOW,incomplete exact attributes; no fuzzy merge
Data Setting Penghantar UPT DKSBI.xlsx,CBF,370,f0ba5b0036e47fb050940334d394bb217cdf81dcbdeea63e562db5b25048167c,2026-08-21,CBF,CBF,CBF,AUXILIARY,,ULTG DURIKOSAMBI,GIS 150KV NEW SENAYAN,PHT 150kV SENAYAN,#2,,,CBF,,,,,,,ASSET|GIS 150KV NEW SENAYAN|PHT 150KV SENAYAN|#2|?|?|CBF,LOW,incomplete exact attributes; no fuzzy merge
Data Setting Penghantar UPT DKSBI.xlsx,CBF,371,f0ba5b0036e47fb050940334d394bb217cdf81dcbdeea63e562db5b25048167c,2026-08-21,CBF,CBF,CBF,AUXILIARY,,ULTG DURIKOSAMBI,GIS 150KV PANTAI INDAH KAPUK,TRF,#2,1600 / 1,,CBF,,,607788.0,,,,SERIAL|607788,HIGH,exact normalized serial
Data Setting Penghantar UPT DKSBI.xlsx,CBF,372,f0ba5b0036e47fb050940334d394bb217cdf81dcbdeea63e562db5b25048167c,2026-08-21,CBF,CBF,CBF,AUXILIARY,,ULTG DURIKOSAMBI,GIS 150KV PANTAI INDAH KAPUK,TRF,#3,,,CBF,,,,,,,ASSET|GIS 150KV PANTAI INDAH KAPUK|TRF|#3|?|?|CBF,LOW,incomplete exact attributes; no fuzzy merge
Data Setting Penghantar UPT DKSBI.xlsx,CBF,373,f0ba5b0036e47fb050940334d394bb217cdf81dcbdeea63e562db5b25048167c,2026-08-21,CBF,CBF,CBF,AUXILIARY,,ULTG DURIKOSAMBI,GIS 150KV PANTAI INDAH KAPUK,PHT 150kV DAAN MOGOT,#1,,,CBF,,,,,,,ASSET|GIS 150KV PANTAI INDAH KAPUK|PHT 150KV DAAN MOGOT|#1|?|?|CBF,LOW,incomplete exact attributes; no fuzzy merge
Data Setting Penghantar UPT DKSBI.xlsx,CBF,374,f0ba5b0036e47fb050940334d394bb217cdf81dcbdeea63e562db5b25048167c,2026-08-21,CBF,CBF,CBF,AUXILIARY,,ULTG DURIKOSAMBI,GIS 150KV PANTAI INDAH KAPUK,PHT 150kV DAAN MOGOT,#2,,,CBF,,,,,,,ASSET|GIS 150KV PANTAI INDAH KAPUK|PHT 150KV DAAN MOGOT|#2|?|?|CBF,LOW,incomplete exact attributes; no fuzzy merge
Data Setting Penghantar UPT DKSBI.xlsx,CBF,375,f0ba5b0036e47fb050940334d394bb217cdf81dcbdeea63e562db5b25048167c,2026-08-21,CBF,CBF,CBF,AUXILIARY,,ULTG DURIKOSAMBI,GIS 150KV PANTAI INDAH KAPUK,PHT 150kV MUARAKARANG BARU,#1,,,CBF,,,,,,,ASSET|GIS 150KV PANTAI INDAH KAPUK|PHT 150KV MUARAKARANG BARU|#1|?|?|CBF,LOW,incomplete exact attributes; no fuzzy merge
Data Setting Penghantar UPT DKSBI.xlsx,CBF,376,f0ba5b0036e47fb050940334d394bb217cdf81dcbdeea63e562db5b25048167c,2026-08-21,CBF,CBF,CBF,AUXILIARY,,ULTG DURIKOSAMBI,GIS 150KV PANTAI INDAH KAPUK,PHT 150kV MUARAKARANG BARU,#2,,,CBF,,,,,,,ASSET|GIS 150KV PANTAI INDAH KAPUK|PHT 150KV MUARAKARANG BARU|#2|?|?|CBF,LOW,incomplete exact attributes; no fuzzy merge
Data Setting Penghantar UPT DKSBI.xlsx,CBF,377,f0ba5b0036e47fb050940334d394bb217cdf81dcbdeea63e562db5b25048167c,2026-08-21,CBF,CBF,CBF,AUXILIARY,,ULTG CIKUPA,GIS 150KV SPINMILL,TRF,#1,300/1,,CBF,SIEMENS,7VK87,BM1704007797,Numerik,2018.0,,SERIAL|BM1704007797,HIGH,exact normalized serial
Data Setting Penghantar UPT DKSBI.xlsx,CBF,378,f0ba5b0036e47fb050940334d394bb217cdf81dcbdeea63e562db5b25048167c,2026-08-21,CBF,CBF,CBF,AUXILIARY,,ULTG CIKUPA,GIS 150KV SPINMILL,TRF,#2,300/1,,CBF,SIEMENS,7VK87,BM1704007800,Numerik,2018.0,,SERIAL|BM1704007800,HIGH,exact normalized serial
Data Setting Penghantar UPT DKSBI.xlsx,CBF,379,f0ba5b0036e47fb050940334d394bb217cdf81dcbdeea63e562db5b25048167c,2026-08-21,CBF,CBF,CBF,AUXILIARY,,ULTG CIKUPA,GIS 150KV SPINMILL,PHT 150kV LAUTAN STEEL,#1,4000-01-01T00:00:00,,CBF,SIEMENS,7VK87,BM1704007794,Numerik,2018.0,,SERIAL|BM1704007794,HIGH,exact normalized serial
Data Setting Penghantar UPT DKSBI.xlsx,CBF,380,f0ba5b0036e47fb050940334d394bb217cdf81dcbdeea63e562db5b25048167c,2026-08-21,CBF,CBF,CBF,AUXILIARY,,ULTG CIKUPA,GIS 150KV SPINMILL,PHT 150kV LAUTAN STEEL,#2,4000-01-01T00:00:00,,CBF,SIEMENS,7VK87,BM1704007791,Numerik,2018.0,,SERIAL|BM1704007791,HIGH,exact normalized serial
Data Setting Penghantar UPT DKSBI.xlsx,CBF,381,f0ba5b0036e47fb050940334d394bb217cdf81dcbdeea63e562db5b25048167c,2026-08-21,CBF,CBF,CBF,AUXILIARY,,ULTG CIKUPA,GIS 150KV SPINMILL,PHT 150kV MILENIUM,#1,4000-01-01T00:00:00,,CBF,SIEMENS,7VK87,BM1705000805,Numerik,2018.0,,SERIAL|BM1705000805,HIGH,exact normalized serial
Data Setting Penghantar UPT DKSBI.xlsx,CBF,382,f0ba5b0036e47fb050940334d394bb217cdf81dcbdeea63e562db5b25048167c,2026-08-21,CBF,CBF,CBF,AUXILIARY,,ULTG CIKUPA,GIS 150KV SPINMILL,PHT 150kV MILENIUM,#2,4000-01-01T00:00:00,,CBF,SIEMENS,7VK87,BM1704007788,Numerik,2018.0,,SERIAL|BM1704007788,HIGH,exact normalized serial
Data Setting Penghantar UPT DKSBI.xlsx,CBF,383,f0ba5b0036e47fb050940334d394bb217cdf81dcbdeea63e562db5b25048167c,2026-08-21,CBF,CBF,CBF,AUXILIARY,,ULTG CIKUPA,GIS 150KV SPINMILL,KOPEL BUS,,4000-01-01T00:00:00,,CBF,SIEMENS,7VK87,BM1704007803,Numerik,2018.0,,SERIAL|BM1704007803,HIGH,exact normalized serial
Data Setting Penghantar UPT DKSBI.xlsx,CBF,384,f0ba5b0036e47fb050940334d394bb217cdf81dcbdeea63e562db5b25048167c,2026-08-21,CBF,CBF,CBF,AUXILIARY,,ULTG TANGKOT,GIS 150KV SUMMARECON GADING SERPONG,TRF,#1,,,CBF,,,,,,,ASSET|GIS 150KV SUMMARECON GADING SERPONG|TRF|#1|?|?|CBF,LOW,incomplete exact attributes; no fuzzy merge
Data Setting Penghantar UPT DKSBI.xlsx,CBF,385,f0ba5b0036e47fb050940334d394bb217cdf81dcbdeea63e562db5b25048167c,2026-08-21,CBF,CBF,CBF,AUXILIARY,,ULTG TANGKOT,GIS 150KV SUMMARECON GADING SERPONG,TRF,#2,,,CBF,,,,,,,ASSET|GIS 150KV SUMMARECON GADING SERPONG|TRF|#2|?|?|CBF,LOW,incomplete exact attributes; no fuzzy merge
Data Setting Penghantar UPT DKSBI.xlsx,CBF,386,f0ba5b0036e47fb050940334d394bb217cdf81dcbdeea63e562db5b25048167c,2026-08-21,CBF,CBF,CBF,AUXILIARY,,ULTG TANGKOT,GIS 150KV SUMMARECON GADING SERPONG,PHT 150kV ALAM SUTERA,#1,,,CBF,,,,,,,ASSET|GIS 150KV SUMMARECON GADING SERPONG|PHT 150KV ALAM SUTERA|#1|?|?|CBF,LOW,incomplete exact attributes; no fuzzy merge
Data Setting Penghantar UPT DKSBI.xlsx,CBF,387,f0ba5b0036e47fb050940334d394bb217cdf81dcbdeea63e562db5b25048167c,2026-08-21,CBF,CBF,CBF,AUXILIARY,,ULTG TANGKOT,GIS 150KV SUMMARECON GADING SERPONG,PHT 150kV ALAM SUTERA,#2,,,CBF,,,,,,,ASSET|GIS 150KV SUMMARECON GADING SERPONG|PHT 150KV ALAM SUTERA|#2|?|?|CBF,LOW,incomplete exact attributes; no fuzzy merge
Data Setting Penghantar UPT DKSBI.xlsx,CBF,388,f0ba5b0036e47fb050940334d394bb217cdf81dcbdeea63e562db5b25048167c,2026-08-21,CBF,CBF,CBF,AUXILIARY,,ULTG TANGKOT,GIS 150KV SUMMARECON GADING SERPONG,PHT 150kV CURUG,#1,,,CBF,,,,,,,ASSET|GIS 150KV SUMMARECON GADING SERPONG|PHT 150KV CURUG|#1|?|?|CBF,LOW,incomplete exact attributes; no fuzzy merge
Data Setting Penghantar UPT DKSBI.xlsx,CBF,389,f0ba5b0036e47fb050940334d394bb217cdf81dcbdeea63e562db5b25048167c,2026-08-21,CBF,CBF,CBF,AUXILIARY,,ULTG TANGKOT,GIS 150KV SUMMARECON GADING SERPONG,PHT 150kV CURUG,#2,,,CBF,,,,,,,ASSET|GIS 150KV SUMMARECON GADING SERPONG|PHT 150KV CURUG|#2|?|?|CBF,LOW,incomplete exact attributes; no fuzzy merge
Data Setting Penghantar UPT DKSBI.xlsx,CBF,390,f0ba5b0036e47fb050940334d394bb217cdf81dcbdeea63e562db5b25048167c,2026-08-21,CBF,CBF,CBF,AUXILIARY,,ULTG CIKUPA,GIS 150KV SUVARNA SUTERA,TRF,#1,300/1,,CBF,SIEMENS,7VK87,BM1802004679,Numerik,2019.0,,SERIAL|BM1802004679,HIGH,exact normalized serial
Data Setting Penghantar UPT DKSBI.xlsx,CBF,391,f0ba5b0036e47fb050940334d394bb217cdf81dcbdeea63e562db5b25048167c,2026-08-21,CBF,CBF,CBF,AUXILIARY,,ULTG CIKUPA,GIS 150KV SUVARNA SUTERA,TRF,#2,300/1,,CBF,SIEMENS,7VK87,BM1802004664,Numerik,2019.0,,SERIAL|BM1802004664,HIGH,exact normalized serial
Data Setting Penghantar UPT DKSBI.xlsx,CBF,392,f0ba5b0036e47fb050940334d394bb217cdf81dcbdeea63e562db5b25048167c,2026-08-21,CBF,CBF,CBF,AUXILIARY,,ULTG CIKUPA,GIS 150KV SUVARNA SUTERA,PHT 150kV SINDANG JAYA,#1,4000 / 1,,CBF,SIEMENS,7VK87,BM1802004670,Numerik,2019.0,,SERIAL|BM1802004670,HIGH,exact normalized serial
Data Setting Penghantar UPT DKSBI.xlsx,CBF,393,f0ba5b0036e47fb050940334d394bb217cdf81dcbdeea63e562db5b25048167c,2026-08-21,CBF,CBF,CBF,AUXILIARY,,ULTG CIKUPA,GIS 150KV SUVARNA SUTERA,PHT 150kV SINDANG JAYA,#2,4000 / 1,,CBF,SIEMENS,7VK87,BM1802004820,Numerik,2019.0,,SERIAL|BM1802004820,HIGH,exact normalized serial
Data Setting Penghantar UPT DKSBI.xlsx,CBF,394,f0ba5b0036e47fb050940334d394bb217cdf81dcbdeea63e562db5b25048167c,2026-08-21,CBF,CBF,CBF,AUXILIARY,,ULTG CIKUPA,GIS 150KV SUVARNA SUTERA,PHT 150kV CIKUPA,#1,4000 / 1,,CBF,SIEMENS,7VK87,BM1802004676,Numerik,2019.0,,SERIAL|BM1802004676,HIGH,exact normalized serial
Data Setting Penghantar UPT DKSBI.xlsx,CBF,395,f0ba5b0036e47fb050940334d394bb217cdf81dcbdeea63e562db5b25048167c,2026-08-21,CBF,CBF,CBF,AUXILIARY,,ULTG CIKUPA,GIS 150KV SUVARNA SUTERA,PHT 150kV CIKUPA,#2,4000-01-01T00:00:00,,CBF,SIEMENS,7VK87,BM1802004667,Numerik,2019.0,,SERIAL|BM1802004667,HIGH,exact normalized serial
Data Setting Penghantar UPT DKSBI.xlsx,CBF,396,f0ba5b0036e47fb050940334d394bb217cdf81dcbdeea63e562db5b25048167c,2026-08-21,CBF,CBF,CBF,AUXILIARY,,ULTG CIKUPA,GIS 150KV SUVARNA SUTERA,KOPEL BUS,,4000-01-01T00:00:00,,CBF,SIEMENS,7VK87,BM1802004673,Numerik,2019.0,,SERIAL|BM1802004673,HIGH,exact normalized serial
Data Setting Penghantar UPT DKSBI.xlsx,CBF,397,f0ba5b0036e47fb050940334d394bb217cdf81dcbdeea63e562db5b25048167c,2026-08-21,CBF,CBF,CBF,AUXILIARY,,ULTG DURIKOSAMBI,GIS 150KV TOMANG,TRF,#1,300 / 1,,CBF,Schneider,MiCom P841,,Numerik,2021.0,,ASSET|GIS 150KV TOMANG|TRF|#1|SCHNEIDER|MICOM P841|CBF,MEDIUM,exact normalized asset attributes
Data Setting Penghantar UPT DKSBI.xlsx,CBF,398,f0ba5b0036e47fb050940334d394bb217cdf81dcbdeea63e562db5b25048167c,2026-08-21,CBF,CBF,CBF,AUXILIARY,,ULTG DURIKOSAMBI,GIS 150KV TOMANG,TRF,#2,300 / 1,,CBF,Schneider,MiCom P841,,Numerik,2021.0,,ASSET|GIS 150KV TOMANG|TRF|#2|SCHNEIDER|MICOM P841|CBF,MEDIUM,exact normalized asset attributes
Data Setting Penghantar UPT DKSBI.xlsx,CBF,399,f0ba5b0036e47fb050940334d394bb217cdf81dcbdeea63e562db5b25048167c,2026-08-21,CBF,CBF,CBF,AUXILIARY,,ULTG DURIKOSAMBI,GIS 150KV TOMANG,PHT 150kV GROGOL,#1,2000 / 1,,CBF,Schneider,MiCom P841,,Numerik,2021.0,,ASSET|GIS 150KV TOMANG|PHT 150KV GROGOL|#1|SCHNEIDER|MICOM P841|CBF,MEDIUM,exact normalized asset attributes
Data Setting Penghantar UPT DKSBI.xlsx,CBF,400,f0ba5b0036e47fb050940334d394bb217cdf81dcbdeea63e562db5b25048167c,2026-08-21,CBF,CBF,CBF,AUXILIARY,,ULTG DURIKOSAMBI,GIS 150KV TOMANG,PHT 150kV GROGOL,#2,2000 / 1,,CBF,Schneider,MiCom P841,,Numerik,2021.0,,ASSET|GIS 150KV TOMANG|PHT 150KV GROGOL|#2|SCHNEIDER|MICOM P841|CBF,MEDIUM,exact normalized asset attributes
Data Setting Penghantar UPT DKSBI.xlsx,CBF,401,f0ba5b0036e47fb050940334d394bb217cdf81dcbdeea63e562db5b25048167c,2026-08-21,CBF,CBF,CBF,AUXILIARY,,ULTG DURIKOSAMBI,GIS 150KV TOMANG,KOPEL BUS,,4000 / 1,,CBF,Schneider,MiCom P841,,Numerik,2021.0,,ASSET|GIS 150KV TOMANG|KOPEL BUS|?|SCHNEIDER|MICOM P841|CBF,LOW,incomplete exact attributes; no fuzzy merge
Data Setting Penghantar UPT DKSBI.xlsx,CBF,402,f0ba5b0036e47fb050940334d394bb217cdf81dcbdeea63e562db5b25048167c,2026-08-21,CBF,CBF,CBF,AUXILIARY,,ULTG DURIKOSAMBI,GIS 150KV ULUJAMI,TRF,#1,2000 / 1,,CBF,GE Alstom,MiCom P14D,34731621/03/19,Numerik,2021.0,,SERIAL|34731621/03/19,HIGH,exact normalized serial
Data Setting Penghantar UPT DKSBI.xlsx,CBF,403,f0ba5b0036e47fb050940334d394bb217cdf81dcbdeea63e562db5b25048167c,2026-08-21,CBF,CBF,CBF,AUXILIARY,,ULTG DURIKOSAMBI,GIS 150KV ULUJAMI,TRF,#2,2000 / 1,,CBF,GE Alstom,MiCom P14D,34731615/03/19,Numerik,2021.0,,SERIAL|34731615/03/19,HIGH,exact normalized serial
Data Setting Penghantar UPT DKSBI.xlsx,CBF,404,f0ba5b0036e47fb050940334d394bb217cdf81dcbdeea63e562db5b25048167c,2026-08-21,CBF,CBF,CBF,AUXILIARY,,ULTG DURIKOSAMBI,GIS 150KV ULUJAMI,PHT 150kV NEW SENAYAN,#1,2000 / 1,,CBF,GE Alstom,MiCom P14D,34731616/03/19,Numerik,2021.0,,SERIAL|34731616/03/19,HIGH,exact normalized serial
Data Setting Penghantar UPT DKSBI.xlsx,CBF,405,f0ba5b0036e47fb050940334d394bb217cdf81dcbdeea63e562db5b25048167c,2026-08-21,CBF,CBF,CBF,AUXILIARY,,ULTG DURIKOSAMBI,GIS 150KV ULUJAMI,PHT 150kV NEW SENAYAN,#2,2000 / 1,,CBF,GE Alstom,MiCom P14D,34731618/03/19,Numerik,2021.0,,SERIAL|34731618/03/19,HIGH,exact normalized serial
Data Setting Penghantar UPT DKSBI.xlsx,CBF,406,f0ba5b0036e47fb050940334d394bb217cdf81dcbdeea63e562db5b25048167c,2026-08-21,CBF,CBF,CBF,AUXILIARY,,ULTG DURIKOSAMBI,GIS 150KV ULUJAMI,KOPEL BUS,,2000 / 1,,CBF,GE Alstom,MiCom P14D,34731619/03/19,Numerik,2021.0,,SERIAL|34731619/03/19,HIGH,exact normalized serial
Data Setting Penghantar UPT DKSBI.xlsx,CCP,10,f0ba5b0036e47fb050940334d394bb217cdf81dcbdeea63e562db5b25048167c,2026-08-21,CCP,CCP_1,CCP,AUXILIARY,,ULTG CIKUPA,GITET 500KV BALARAJA,IBT,#1,2000 / 1,,CCP_1,Areva,MCAG 34,10025276/08/07,Elektromekanik,,,SERIAL|10025276/08/07,HIGH,exact normalized serial
Data Setting Penghantar UPT DKSBI.xlsx,CCP,10,f0ba5b0036e47fb050940334d394bb217cdf81dcbdeea63e562db5b25048167c,2026-08-21,CCP,CCP_2,CCP,AUXILIARY,,ULTG CIKUPA,GITET 500KV BALARAJA,IBT,#1,2000 / 1,,CCP_2,Areva,MCAG 34,10025277/08/07,Elektromekanik,,,SERIAL|10025277/08/07,HIGH,exact normalized serial
Data Setting Penghantar UPT DKSBI.xlsx,CCP,11,f0ba5b0036e47fb050940334d394bb217cdf81dcbdeea63e562db5b25048167c,2026-08-21,CCP,CCP_1,CCP,AUXILIARY,,ULTG CIKUPA,GITET 500KV BALARAJA,IBT,#2,2000 / 1,,CCP_1,Areva,MCAG 34,10025273/08/07,Elektromekanik,,,SERIAL|10025273/08/07,HIGH,exact normalized serial
Data Setting Penghantar UPT DKSBI.xlsx,CCP,11,f0ba5b0036e47fb050940334d394bb217cdf81dcbdeea63e562db5b25048167c,2026-08-21,CCP,CCP_2,CCP,AUXILIARY,,ULTG CIKUPA,GITET 500KV BALARAJA,IBT,#2,2000 / 1,,CCP_2,Areva,MCAG 34,10025318/08/07,Elektromekanik,,,SERIAL|10025318/08/07,HIGH,exact normalized serial
Data Setting Penghantar UPT DKSBI.xlsx,CCP,12,f0ba5b0036e47fb050940334d394bb217cdf81dcbdeea63e562db5b25048167c,2026-08-21,CCP,CCP_1,CCP,AUXILIARY,,ULTG CIKUPA,GITET 500KV BALARAJA,IBT,#3,1000 / 1,,CCP_1,Siemens,7UT61,BF1201067964,Numerik,,,SERIAL|BF1201067964,HIGH,exact normalized serial
Data Setting Penghantar UPT DKSBI.xlsx,CCP,12,f0ba5b0036e47fb050940334d394bb217cdf81dcbdeea63e562db5b25048167c,2026-08-21,CCP,CCP_2,CCP,AUXILIARY,,ULTG CIKUPA,GITET 500KV BALARAJA,IBT,#3,1000 / 1,,CCP_2,Siemens,7UT61,BF1201067961,Numerik,,,SERIAL|BF1201067961,HIGH,exact normalized serial
Data Setting Penghantar UPT DKSBI.xlsx,CCP,13,f0ba5b0036e47fb050940334d394bb217cdf81dcbdeea63e562db5b25048167c,2026-08-21,CCP,CCP_1,CCP,AUXILIARY,,ULTG CIKUPA,GITET 500KV BALARAJA,IBT,#4,2000 / 1,,CCP_1,Alstom,MiCom P643,32677515/09/13,Numerik,,,SERIAL|32677515/09/13,HIGH,exact normalized serial
Data Setting Penghantar UPT DKSBI.xlsx,CCP,13,f0ba5b0036e47fb050940334d394bb217cdf81dcbdeea63e562db5b25048167c,2026-08-21,CCP,CCP_2,CCP,AUXILIARY,,ULTG CIKUPA,GITET 500KV BALARAJA,IBT,#4,2000 / 1,,CCP_2,Alstom,MiCom P643,32677514/09/13,Numerik,,,SERIAL|32677514/09/13,HIGH,exact normalized serial
Data Setting Penghantar UPT DKSBI.xlsx,CCP,14,f0ba5b0036e47fb050940334d394bb217cdf81dcbdeea63e562db5b25048167c,2026-08-21,CCP,CCP_1,CCP,AUXILIARY,,ULTG CIKUPA,GITET 500KV BALARAJA,PHT 500kV JAWA 7,#1,2000 / 1,,CCP_1,Areva,MCAG 34,10025274/08/07,Elektromekanik,,,SERIAL|10025274/08/07,HIGH,exact normalized serial
Data Setting Penghantar UPT DKSBI.xlsx,CCP,14,f0ba5b0036e47fb050940334d394bb217cdf81dcbdeea63e562db5b25048167c,2026-08-21,CCP,CCP_2,CCP,AUXILIARY,,ULTG CIKUPA,GITET 500KV BALARAJA,PHT 500kV JAWA 7,#1,2000 / 1,,CCP_2,Areva,MCAG 34,10025278/08/07,Elektromekanik,,,SERIAL|10025278/08/07,HIGH,exact normalized serial
Data Setting Penghantar UPT DKSBI.xlsx,CCP,15,f0ba5b0036e47fb050940334d394bb217cdf81dcbdeea63e562db5b25048167c,2026-08-21,CCP,CCP_1,CCP,AUXILIARY,,ULTG CIKUPA,GITET 500KV BALARAJA,PHT 500kV JAWA 7,#2,2000 / 1,,CCP_1,Areva,MCAG 34,10025312/08/07,Elektromekanik,,,SERIAL|10025312/08/07,HIGH,exact normalized serial
Data Setting Penghantar UPT DKSBI.xlsx,CCP,15,f0ba5b0036e47fb050940334d394bb217cdf81dcbdeea63e562db5b25048167c,2026-08-21,CCP,CCP_2,CCP,AUXILIARY,,ULTG CIKUPA,GITET 500KV BALARAJA,PHT 500kV JAWA 7,#2,2000 / 1,,CCP_2,Areva,MCAG 34,10025321/08/07,Elektromekanik,,,SERIAL|10025321/08/07,HIGH,exact normalized serial
Data Setting Penghantar UPT DKSBI.xlsx,CCP,16,f0ba5b0036e47fb050940334d394bb217cdf81dcbdeea63e562db5b25048167c,2026-08-21,CCP,CCP_1,CCP,AUXILIARY,,ULTG CIKUPA,GITET 500KV BALARAJA,PHT 500kV LENGKONG,#1,2000 / 1,,CCP_1,Areva,MCAG 34,10025315/08/07,Elektromekanik,,,SERIAL|10025315/08/07,HIGH,exact normalized serial
Data Setting Penghantar UPT DKSBI.xlsx,CCP,16,f0ba5b0036e47fb050940334d394bb217cdf81dcbdeea63e562db5b25048167c,2026-08-21,CCP,CCP_2,CCP,AUXILIARY,,ULTG CIKUPA,GITET 500KV BALARAJA,PHT 500kV LENGKONG,#1,2000 / 1,,CCP_2,Areva,MCAG 34,10025275/08/07,Elektromekanik,,,SERIAL|10025275/08/07,HIGH,exact normalized serial
Data Setting Penghantar UPT DKSBI.xlsx,CCP,17,f0ba5b0036e47fb050940334d394bb217cdf81dcbdeea63e562db5b25048167c,2026-08-21,CCP,CCP_1,CCP,AUXILIARY,,ULTG CIKUPA,GITET 500KV BALARAJA,PHT 500kV LENGKONG,#2,2000 / 1,,CCP_1,Areva,MCAG 34,10025316/08/07,Elektromekanik,,,SERIAL|10025316/08/07,HIGH,exact normalized serial
Data Setting Penghantar UPT DKSBI.xlsx,CCP,17,f0ba5b0036e47fb050940334d394bb217cdf81dcbdeea63e562db5b25048167c,2026-08-21,CCP,CCP_2,CCP,AUXILIARY,,ULTG CIKUPA,GITET 500KV BALARAJA,PHT 500kV LENGKONG,#2,2000 / 1,,CCP_2,Areva,MCAG 34,10025313/08/07,Elektromekanik,,,SERIAL|10025313/08/07,HIGH,exact normalized serial
Data Setting Penghantar UPT DKSBI.xlsx,CCP,18,f0ba5b0036e47fb050940334d394bb217cdf81dcbdeea63e562db5b25048167c,2026-08-21,CCP,CCP_1,CCP,AUXILIARY,,ULTG CIKUPA,GITET 500KV BALARAJA,PHT 500kV SURALAYA,#1,2000 / 1,,CCP_1,Areva,MCAG 34,10025279/08/07,Elektromekanik,,,SERIAL|10025279/08/07,HIGH,exact normalized serial
Data Setting Penghantar UPT DKSBI.xlsx,CCP,18,f0ba5b0036e47fb050940334d394bb217cdf81dcbdeea63e562db5b25048167c,2026-08-21,CCP,CCP_2,CCP,AUXILIARY,,ULTG CIKUPA,GITET 500KV BALARAJA,PHT 500kV SURALAYA,#1,2000 / 1,,CCP_2,Areva,MCAG 34,10025317/08/07,Elektromekanik,,,SERIAL|10025317/08/07,HIGH,exact normalized serial
Data Setting Penghantar UPT DKSBI.xlsx,CCP,19,f0ba5b0036e47fb050940334d394bb217cdf81dcbdeea63e562db5b25048167c,2026-08-21,CCP,CCP_1,CCP,AUXILIARY,,ULTG CIKUPA,GITET 500KV BALARAJA,PHT 500kV SURALAYA,#2,2000 / 1,,CCP_1,Areva,MCAG 34,10025311/08/07,Elektromekanik,,,SERIAL|10025311/08/07,HIGH,exact normalized serial
Data Setting Penghantar UPT DKSBI.xlsx,CCP,19,f0ba5b0036e47fb050940334d394bb217cdf81dcbdeea63e562db5b25048167c,2026-08-21,CCP,CCP_2,CCP,AUXILIARY,,ULTG CIKUPA,GITET 500KV BALARAJA,PHT 500kV SURALAYA,#2,2000 / 1,,CCP_2,Areva,MCAG 34,10025320/08/07,Elektromekanik,,,SERIAL|10025320/08/07,HIGH,exact normalized serial
Data Setting Penghantar UPT DKSBI.xlsx,CCP,20,f0ba5b0036e47fb050940334d394bb217cdf81dcbdeea63e562db5b25048167c,2026-08-21,CCP,CCP_1,CCP,AUXILIARY,,ULTG CIKUPA,GITET 500KV BALARAJA,PHT 500kV KEMBANGAN (FUTURE),#1,2000 / 1,,CCP_1,SIEMENS,7UT86,BM1803009884,Numerik,,,SERIAL|BM1803009884,HIGH,exact normalized serial
Data Setting Penghantar UPT DKSBI.xlsx,CCP,20,f0ba5b0036e47fb050940334d394bb217cdf81dcbdeea63e562db5b25048167c,2026-08-21,CCP,CCP_2,CCP,AUXILIARY,,ULTG CIKUPA,GITET 500KV BALARAJA,PHT 500kV KEMBANGAN (FUTURE),#1,2000 / 1,,CCP_2,Schneider,P645,647328F,Numerik,,,SERIAL|647328F,HIGH,exact normalized serial
Data Setting Penghantar UPT DKSBI.xlsx,CCP,21,f0ba5b0036e47fb050940334d394bb217cdf81dcbdeea63e562db5b25048167c,2026-08-21,CCP,CCP_1,CCP,AUXILIARY,,ULTG CIKUPA,GITET 500KV BALARAJA,PHT 500kV KEMBANGAN (FUTURE),#2,2000 / 1,,CCP_1,SIEMENS,7UT86,BM1803009887,Numerik,,,SERIAL|BM1803009887,HIGH,exact normalized serial
Data Setting Penghantar UPT DKSBI.xlsx,CCP,21,f0ba5b0036e47fb050940334d394bb217cdf81dcbdeea63e562db5b25048167c,2026-08-21,CCP,CCP_2,CCP,AUXILIARY,,ULTG CIKUPA,GITET 500KV BALARAJA,PHT 500kV KEMBANGAN (FUTURE),#2,2000 / 1,,CCP_2,Schneider,P645,647329F,Numerik,,,SERIAL|647329F,HIGH,exact normalized serial
Data Setting Penghantar UPT DKSBI.xlsx,CCP,26,f0ba5b0036e47fb050940334d394bb217cdf81dcbdeea63e562db5b25048167c,2026-08-21,CCP,CCP_1,CCP,AUXILIARY,,ULTG CIKUPA,GIS LONTAR,PHT 150kV SINDANG JAYA,#1,4000 / 1,,CCP_1,SCHNEIDER,P841,620640F,Numerik,,,SERIAL|620640F,HIGH,exact normalized serial
Data Setting Penghantar UPT DKSBI.xlsx,CCP,27,f0ba5b0036e47fb050940334d394bb217cdf81dcbdeea63e562db5b25048167c,2026-08-21,CCP,CCP_1,CCP,AUXILIARY,,ULTG CIKUPA,GIS LONTAR,PHT 150kV SINDANG JAYA,#2,4000 / 1,,CCP_1,SCHNEIDER,P841,620642F,Numerik,,,SERIAL|620642F,HIGH,exact normalized serial
Data Setting Penghantar UPT DKSBI.xlsx,CCP,28,f0ba5b0036e47fb050940334d394bb217cdf81dcbdeea63e562db5b25048167c,2026-08-21,CCP,CCP_1,CCP,AUXILIARY,,ULTG CIKUPA,GIS LONTAR,PHT 150kV CIKUPA (FUTURE),#1,4000 / 1,,CCP_1,SCHNEIDER,P841,620645F,Numerik,,,SERIAL|620645F,HIGH,exact normalized serial
Data Setting Penghantar UPT DKSBI.xlsx,CCP,29,f0ba5b0036e47fb050940334d394bb217cdf81dcbdeea63e562db5b25048167c,2026-08-21,CCP,CCP_1,CCP,AUXILIARY,,ULTG CIKUPA,GIS LONTAR,PHT 150kV CIKUPA (FUTURE),#2,4000 / 1,,CCP_1,SCHNEIDER,P841,620644F,Numerik,,,SERIAL|620644F,HIGH,exact normalized serial
Data Setting Penghantar UPT DKSBI.xlsx,CCP,34,f0ba5b0036e47fb050940334d394bb217cdf81dcbdeea63e562db5b25048167c,2026-08-21,CCP,CCP_1,CCP,AUXILIARY,,ULTG CIKUPA,GIS LONTAR,,,4000 / 1,,CCP_1,SCHNEIDER,P841,620639F,Numerik,,,SERIAL|620639F,HIGH,exact normalized serial
Data Setting Penghantar UPT DKSBI.xlsx,CCP,43,f0ba5b0036e47fb050940334d394bb217cdf81dcbdeea63e562db5b25048167c,2026-08-21,CCP,CCP_1,CCP,AUXILIARY,,ULTG DURIKOSAMBI,GISTET 500KV KEMBANGAN,IBT,#1,1000 / 1,,CCP_1,GEC Alsthom,MCAG 14,637080B,Elektromekanik,,,SERIAL|637080B,HIGH,exact normalized serial
Data Setting Penghantar UPT DKSBI.xlsx,CCP,43,f0ba5b0036e47fb050940334d394bb217cdf81dcbdeea63e562db5b25048167c,2026-08-21,CCP,CCP_2,CCP,AUXILIARY,,ULTG DURIKOSAMBI,GISTET 500KV KEMBANGAN,IBT,#1,1000 / 1,,CCP_2,GEC Alsthom,MCAG 14,637079B,Elektromekanik,,,SERIAL|637079B,HIGH,exact normalized serial
Data Setting Penghantar UPT DKSBI.xlsx,CCP,44,f0ba5b0036e47fb050940334d394bb217cdf81dcbdeea63e562db5b25048167c,2026-08-21,CCP,CCP_1,CCP,AUXILIARY,,ULTG DURIKOSAMBI,GISTET 500KV KEMBANGAN,IBT,#2,1000 / 1,,CCP_1,Areva,MCAG 34,637077B,Elektromekanik,,,SERIAL|637077B,HIGH,exact normalized serial
Data Setting Penghantar UPT DKSBI.xlsx,CCP,44,f0ba5b0036e47fb050940334d394bb217cdf81dcbdeea63e562db5b25048167c,2026-08-21,CCP,CCP_2,CCP,AUXILIARY,,ULTG DURIKOSAMBI,GISTET 500KV KEMBANGAN,IBT,#2,1000 / 1,,CCP_2,Areva,MCAG 34,637078B,Elektromekanik,,,SERIAL|637078B,HIGH,exact normalized serial
Data Setting Penghantar UPT DKSBI.xlsx,CCP,47,f0ba5b0036e47fb050940334d394bb217cdf81dcbdeea63e562db5b25048167c,2026-08-21,CCP,CCP_1,CCP,AUXILIARY,,ULTG DURIKOSAMBI,GISTET 500KV KEMBANGAN,PHT 500kV GANDUL,#1,2000 / 1,,CCP_1,GEC Alsthom,MCAG,,Elektromekanik,,,ASSET|GISTET 500KV KEMBANGAN|PHT 500KV GANDUL|#1|GEC ALSTHOM|MCAG|CCP_1,MEDIUM,exact normalized asset attributes
Data Setting Penghantar UPT DKSBI.xlsx,CCP,47,f0ba5b0036e47fb050940334d394bb217cdf81dcbdeea63e562db5b25048167c,2026-08-21,CCP,CCP_2,CCP,AUXILIARY,,ULTG DURIKOSAMBI,GISTET 500KV KEMBANGAN,PHT 500kV GANDUL,#1,2000 / 1,,CCP_2,GEC Alsthom,MCAG,,Elektromekanik,,,ASSET|GISTET 500KV KEMBANGAN|PHT 500KV GANDUL|#1|GEC ALSTHOM|MCAG|CCP_2,MEDIUM,exact normalized asset attributes
Data Setting Penghantar UPT DKSBI.xlsx,CCP,48,f0ba5b0036e47fb050940334d394bb217cdf81dcbdeea63e562db5b25048167c,2026-08-21,CCP,CCP_1,CCP,AUXILIARY,,ULTG DURIKOSAMBI,GISTET 500KV KEMBANGAN,PHT 500kV GANDUL,#2,2000 / 1,,CCP_1,GEC Alsthom,MCAG,,Elektromekanik,,,ASSET|GISTET 500KV KEMBANGAN|PHT 500KV GANDUL|#2|GEC ALSTHOM|MCAG|CCP_1,MEDIUM,exact normalized asset attributes
Data Setting Penghantar UPT DKSBI.xlsx,CCP,48,f0ba5b0036e47fb050940334d394bb217cdf81dcbdeea63e562db5b25048167c,2026-08-21,CCP,CCP_2,CCP,AUXILIARY,,ULTG DURIKOSAMBI,GISTET 500KV KEMBANGAN,PHT 500kV GANDUL,#2,2000 / 1,,CCP_2,GEC Alsthom,MCAG,,Elektromekanik,,,ASSET|GISTET 500KV KEMBANGAN|PHT 500KV GANDUL|#2|GEC ALSTHOM|MCAG|CCP_2,MEDIUM,exact normalized asset attributes
Data Setting Penghantar UPT DKSBI.xlsx,CCP,51,f0ba5b0036e47fb050940334d394bb217cdf81dcbdeea63e562db5b25048167c,2026-08-21,CCP,CCP_1,CCP,AUXILIARY,,ULTG DURIKOSAMBI,GIS 150KV GROGOL BARU,PHT 150kV DURIKOSAMBI,#1,2000 / 1,,CCP_1,Siemens,7UT86,BM1804005463,Numerik,2019.0,,SERIAL|BM1804005463,HIGH,exact normalized serial
Data Setting Penghantar UPT DKSBI.xlsx,CCP,52,f0ba5b0036e47fb050940334d394bb217cdf81dcbdeea63e562db5b25048167c,2026-08-21,CCP,CCP_1,CCP,AUXILIARY,,ULTG DURIKOSAMBI,GIS 150KV GROGOL BARU,PHT 150kV DURIKOSAMBI,#2,2000 / 1,,CCP_1,Siemens,7UT86,BM1804005463,Numerik,2019.0,,SERIAL|BM1804005463,HIGH,exact normalized serial
Data Setting Penghantar UPT DKSBI.xlsx,CCP,53,f0ba5b0036e47fb050940334d394bb217cdf81dcbdeea63e562db5b25048167c,2026-08-21,CCP,CCP_1,CCP,AUXILIARY,,ULTG DURIKOSAMBI,GIS 150KV GROGOL,PHT 150kV GROGOL BARU,#1,1600 / 1,,CCP_1,GEC Alsthom,MCAG 34,637080B,Elektromekanik,,,SERIAL|637080B,HIGH,exact normalized serial
Data Setting Penghantar UPT DKSBI.xlsx,DIFF Pilot,10,f0ba5b0036e47fb050940334d394bb217cdf81dcbdeea63e562db5b25048167c,2026-08-21,DIFF Pilot,PILOT_1,DIFF_PILOT,UNIT,TRS-3413-059.059-B0013 - PHT 150kV NEW SENAYAN #1,ULTG DURIKOSAMBI,GIS 150KV KEMBANGAN,PHT 150kV NEW SENAYAN,#1,1000 / 5,,PILOT_1,Areva,MiCom P521,0807305,Numerik,,,SERIAL|0807305,HIGH,exact normalized serial
Data Setting Penghantar UPT DKSBI.xlsx,DIFF Pilot,10,f0ba5b0036e47fb050940334d394bb217cdf81dcbdeea63e562db5b25048167c,2026-08-21,DIFF Pilot,PILOT_2,DIFF_PILOT,UNIT,TRS-3413-059.059-B0013 - PHT 150kV NEW SENAYAN #1,ULTG DURIKOSAMBI,GIS 150KV KEMBANGAN,PHT 150kV NEW SENAYAN,#1,1000 / 5,,PILOT_2,Areva,MiCom P521,0807302,Numerik,,,SERIAL|0807302,HIGH,exact normalized serial
Data Setting Penghantar UPT DKSBI.xlsx,DIFF Pilot,11,f0ba5b0036e47fb050940334d394bb217cdf81dcbdeea63e562db5b25048167c,2026-08-21,DIFF Pilot,PILOT_1,DIFF_PILOT,UNIT,TRS-3413-059.059-B0008 - PHT 150kV NEW SENAYAN #2,ULTG DURIKOSAMBI,GIS 150KV KEMBANGAN,PHT 150kV NEW SENAYAN,#2,1000 / 5,,PILOT_1,Areva,MiCom P521,0807303,Numerik,,,SERIAL|0807303,HIGH,exact normalized serial
Data Setting Penghantar UPT DKSBI.xlsx,DIFF Pilot,11,f0ba5b0036e47fb050940334d394bb217cdf81dcbdeea63e562db5b25048167c,2026-08-21,DIFF Pilot,PILOT_2,DIFF_PILOT,UNIT,TRS-3413-059.059-B0008 - PHT 150kV NEW SENAYAN #2,ULTG DURIKOSAMBI,GIS 150KV KEMBANGAN,PHT 150kV NEW SENAYAN,#2,1000 / 5,,PILOT_2,Areva,MiCom P521,0807304,Numerik,,,SERIAL|0807304,HIGH,exact normalized serial
Data Setting Penghantar UPT DKSBI.xlsx,DIFF Pilot,12,f0ba5b0036e47fb050940334d394bb217cdf81dcbdeea63e562db5b25048167c,2026-08-21,DIFF Pilot,PILOT_1,DIFF_PILOT,UNIT,TRS-3413-136.136-B0007 - PHT 150kV KEMBANGAN #1,ULTG DURIKOSAMBI,GIS 150KV NEW SENAYAN,PHT 150kV KEMBANGAN,#1,1000 / 5,,PILOT_1,Areva,MiCom P521,0507874,Numerik,,,SERIAL|0507874,HIGH,exact normalized serial
Data Setting Penghantar UPT DKSBI.xlsx,DIFF Pilot,12,f0ba5b0036e47fb050940334d394bb217cdf81dcbdeea63e562db5b25048167c,2026-08-21,DIFF Pilot,PILOT_2,DIFF_PILOT,UNIT,TRS-3413-136.136-B0007 - PHT 150kV KEMBANGAN #1,ULTG DURIKOSAMBI,GIS 150KV NEW SENAYAN,PHT 150kV KEMBANGAN,#1,1000 / 5,,PILOT_2,Areva,MiCom P521,0507876,Numerik,,,SERIAL|0507876,HIGH,exact normalized serial
Data Setting Penghantar UPT DKSBI.xlsx,DIFF Pilot,13,f0ba5b0036e47fb050940334d394bb217cdf81dcbdeea63e562db5b25048167c,2026-08-21,DIFF Pilot,PILOT_1,DIFF_PILOT,UNIT,TRS-3413-136.136-B0005 - PHT 150kV KEMBANGAN #2,ULTG DURIKOSAMBI,GIS 150KV NEW SENAYAN,PHT 150kV KEMBANGAN,#2,1000 / 5,,PILOT_1,Areva,MiCom P521,0507875,Numerik,,,SERIAL|0507875,HIGH,exact normalized serial
Data Setting Penghantar UPT DKSBI.xlsx,DIFF Pilot,13,f0ba5b0036e47fb050940334d394bb217cdf81dcbdeea63e562db5b25048167c,2026-08-21,DIFF Pilot,PILOT_2,DIFF_PILOT,UNIT,TRS-3413-136.136-B0005 - PHT 150kV KEMBANGAN #2,ULTG DURIKOSAMBI,GIS 150KV NEW SENAYAN,PHT 150kV KEMBANGAN,#2,1000 / 5,,PILOT_2,Areva,MiCom P521,0507877,Numerik,,,SERIAL|0507877,HIGH,exact normalized serial
Data Setting Penghantar UPT DKSBI.xlsx,DIST,11,f0ba5b0036e47fb050940334d394bb217cdf81dcbdeea63e562db5b25048167c,2026-08-21,LCD+DIST,DIST,DIST,GRADED,PHT.01,ULTG ANGKE,GI 150kV ANGKE,PHT 150kV ANCOL#1,#1,2000/5,150 kV/100 V,MPU,GE,MICOM P545,36039274/03/22,NUMERIK,2022.0,,SERIAL|36039274/03/22,HIGH,exact normalized serial
Data Setting Penghantar UPT DKSBI.xlsx,DIST,12,f0ba5b0036e47fb050940334d394bb217cdf81dcbdeea63e562db5b25048167c,2026-08-21,LCD+DIST,DIST,DIST,GRADED,PHT.02,ULTG ANGKE,GI 150kV ANGKE,PHT 150kV ANCOL#2,#2,2000/5,150 kV/100 V,MPU,GE,MICOM P545,36039272/03/22,NUMERIK,2022.0,,SERIAL|36039272/03/22,HIGH,exact normalized serial
Data Setting Penghantar UPT DKSBI.xlsx,DIST,13,f0ba5b0036e47fb050940334d394bb217cdf81dcbdeea63e562db5b25048167c,2026-08-21,LCD+DIST,DIST,DIST,GRADED,PHT.03,ULTG ANGKE,GI 150kV ANGKE,PHT 150kV KARET LAMA#1,#1,4000/5,150 kV/100 V,MPU,GE,MICOM P443,34424435/04/18,NUMERIK,2019.0,,SERIAL|34424435/04/18,HIGH,exact normalized serial
Data Setting Penghantar UPT DKSBI.xlsx,DIST,14,f0ba5b0036e47fb050940334d394bb217cdf81dcbdeea63e562db5b25048167c,2026-08-21,LCD+DIST,DIST,DIST,GRADED,PHT.04,ULTG ANGKE,GI 150kV ANGKE,PHT 150kV KARET LAMA#2,#2,4000/5,150 kV/100 V,MPU,GE,MICOM P443,34424434/04/18,NUMERIK,2019.0,,SERIAL|34424434/04/18,HIGH,exact normalized serial
Data Setting Penghantar UPT DKSBI.xlsx,DIST,15,f0ba5b0036e47fb050940334d394bb217cdf81dcbdeea63e562db5b25048167c,2026-08-21,LCD+DIST,DIST,DIST,GRADED,PHT.05,ULTG ANGKE,GI 150kV ANGKE,PHT 150kV KETAPANG#1,#1,2000/5,150 kV/100 V,MPU,ALSTOM,MICOM P545,34421606/04/18,NUMERIK,2021.0,,SERIAL|34421606/04/18,HIGH,exact normalized serial
Data Setting Penghantar UPT DKSBI.xlsx,DIST,16,f0ba5b0036e47fb050940334d394bb217cdf81dcbdeea63e562db5b25048167c,2026-08-21,LCD+DIST,DIST,DIST,GRADED,PHT.06,ULTG ANGKE,GI 150kV ANGKE,PHT 150kV KETAPANG#2,#2,2000/5,150 kV/100 V,MPU,ALSTOM,MICOM P545,34421607/04/18,NUMERIK,2021.0,,SERIAL|34421607/04/18,HIGH,exact normalized serial
Data Setting Penghantar UPT DKSBI.xlsx,DIST,17,f0ba5b0036e47fb050940334d394bb217cdf81dcbdeea63e562db5b25048167c,2026-08-21,LCD+DIST,DIST,DIST,GRADED,PHT.07,ULTG ANGKE,GI 150kV ANGKE,PHT 150kV MUARAKARANG LAMA#1,#1,4000/5,150 kV/100 V,MPU,SIEMENS,7SD61,BF0807106719,NUMERIK,2018.0,,SERIAL|BF0807106719,HIGH,exact normalized serial
Data Setting Penghantar UPT DKSBI.xlsx,DIST,18,f0ba5b0036e47fb050940334d394bb217cdf81dcbdeea63e562db5b25048167c,2026-08-21,LCD+DIST,DIST,DIST,GRADED,PHT.08,ULTG ANGKE,GI 150kV ANGKE,PHT 150kV MUARAKARANG LAMA#2,#2,4000/5,150 kV/100 V,MPU,SIEMENS,7SD61,BF0807106718,NUMERIK,2018.0,,SERIAL|BF0807106718,HIGH,exact normalized serial
Data Setting Penghantar UPT DKSBI.xlsx,DIST,19,f0ba5b0036e47fb050940334d394bb217cdf81dcbdeea63e562db5b25048167c,2026-08-21,LCD+DIST,DIST,DIST,GRADED,PHT.09,ULTG ANGKE,GI 150kV ANGKE,PHT 150kV UGC MUARAKARANG LAMA#1,#1,2000/5,150 kV/100 V,MPU,SIEMENS,7SL87,BM1712005923,NUMERIK,2018.0,,SERIAL|BM1712005923,HIGH,exact normalized serial
Data Setting Penghantar UPT DKSBI.xlsx,DIST,20,f0ba5b0036e47fb050940334d394bb217cdf81dcbdeea63e562db5b25048167c,2026-08-21,LCD+DIST,DIST,DIST,GRADED,PHT.10,ULTG ANGKE,GI 150kV ANGKE,PHT 150kV UGC MUARAKARANG LAMA#2,#2,2000/5,150 kV/100 V,MPU,SIEMENS,7SL87,BM1712005927,NUMERIK,2018.0,,SERIAL|BM1712005927,HIGH,exact normalized serial
Data Setting Penghantar UPT DKSBI.xlsx,DIST,21,f0ba5b0036e47fb050940334d394bb217cdf81dcbdeea63e562db5b25048167c,2026-08-21,LCD+DIST,DIST,DIST,GRADED,PHT.11,ULTG ANGKE,GI 150kV DADAP,PHT 150kV LONTAR#1,#1,4000/1,150 kV/100 V,MPU,GE,MICOM P446,34465139/05/18,NUMERIK,2021.0,,SERIAL|34465139/05/18,HIGH,exact normalized serial
Data Setting Penghantar UPT DKSBI.xlsx,DIST,22,f0ba5b0036e47fb050940334d394bb217cdf81dcbdeea63e562db5b25048167c,2026-08-21,LCD+DIST,DIST,DIST,GRADED,PHT.12,ULTG ANGKE,GI 150kV DADAP,PHT 150kV LONTAR#2,#2,4000/1,150 kV/100 V,MPU,GE,MICOM P446,34465154/05/18,NUMERIK,2021.0,,SERIAL|34465154/05/18,HIGH,exact normalized serial
Data Setting Penghantar UPT DKSBI.xlsx,DIST,23,f0ba5b0036e47fb050940334d394bb217cdf81dcbdeea63e562db5b25048167c,2026-08-21,LCD+DIST,DIST,DIST,GRADED,PHT.13,ULTG ANGKE,GI 150kV DADAP,PHT 150kV TELUK NAGA#1,#1,4000/1,150 kV/100 V,MPU,GE,MICOM P546,34465138/05/18,NUMERIK,2021.0,,SERIAL|34465138/05/18,HIGH,exact normalized serial
Data Setting Penghantar UPT DKSBI.xlsx,DIST,24,f0ba5b0036e47fb050940334d394bb217cdf81dcbdeea63e562db5b25048167c,2026-08-21,LCD+DIST,DIST,DIST,GRADED,PHT.14,ULTG ANGKE,GI 150kV DADAP,PHT 150kV TELUK NAGA#2,#2,4000/1,150 kV/100 V,MPU,GE,MICOM P546,34465149/05/18,NUMERIK,2021.0,,SERIAL|34465149/05/18,HIGH,exact normalized serial
Data Setting Penghantar UPT DKSBI.xlsx,DIST,25,f0ba5b0036e47fb050940334d394bb217cdf81dcbdeea63e562db5b25048167c,2026-08-21,LCD+DIST,DIST,DIST,GRADED,PHT.15,ULTG ANGKE,GI 150kV MUARAKARANG BARU,PHT 150kV GIS MUARAKARANG BARU#1,#1,2500/5,150 kV/100 V,MPU,ALSTOM,MICOM P545,34923699/11/19,NUMERIK,,,SERIAL|34923699/11/19,HIGH,exact normalized serial
Data Setting Penghantar UPT DKSBI.xlsx,DIST,26,f0ba5b0036e47fb050940334d394bb217cdf81dcbdeea63e562db5b25048167c,2026-08-21,LCD+DIST,DIST,DIST,GRADED,PHT.16,ULTG ANGKE,GI 150kV MUARAKARANG BARU,PHT 150kV GIS MUARAKARANG BARU#2,#2,2500/5,150 kV/100 V,MPU,ALSTOM,MICOM P545,32197930/06/12,NUMERIK,,,SERIAL|32197930/06/12,HIGH,exact normalized serial
Data Setting Penghantar UPT DKSBI.xlsx,DIST,27,f0ba5b0036e47fb050940334d394bb217cdf81dcbdeea63e562db5b25048167c,2026-08-21,LCD+DIST,DIST,DIST,GRADED,PHT.17,ULTG ANGKE,GI 150kV MUARAKARANG BARU,PHT 150kV MUARAKARANG LAMA#1,#1,4000/5,150 kV/100 V,MPU,AREVA,MICOM P521,1307744.0,NUMERIK,,,SERIAL|1307744,HIGH,exact normalized serial
Data Setting Penghantar UPT DKSBI.xlsx,DIST,28,f0ba5b0036e47fb050940334d394bb217cdf81dcbdeea63e562db5b25048167c,2026-08-21,LCD+DIST,DIST,DIST,GRADED,PHT.18,ULTG ANGKE,GI 150kV MUARAKARANG BARU,PHT 150kV MUARAKARANG LAMA#2,#2,4000/5,150 kV/100 V,MPU,ALSTOM,MICOM P543,31995324/12/11,NUMERIK,,,SERIAL|31995324/12/11,HIGH,exact normalized serial
Data Setting Penghantar UPT DKSBI.xlsx,DIST,29,f0ba5b0036e47fb050940334d394bb217cdf81dcbdeea63e562db5b25048167c,2026-08-21,LCD+DIST,DIST,DIST,GRADED,PHT.19,ULTG ANGKE,GI 150kV MUARAKARANG LAMA,PHT 150kV ANGKE#1,#1,2000/5,150 kV/100 V,MPU,SIEMENS,7SD61,BF0807106717,NUMERIK,2019.0,,SERIAL|BF0807106717,HIGH,exact normalized serial
Data Setting Penghantar UPT DKSBI.xlsx,DIST,30,f0ba5b0036e47fb050940334d394bb217cdf81dcbdeea63e562db5b25048167c,2026-08-21,LCD+DIST,DIST,DIST,GRADED,PHT.20,ULTG ANGKE,GI 150kV MUARAKARANG LAMA,PHT 150kV ANGKE#2,#2,2000/5,150 kV/100 V,MPU,SIEMENS,7SD61,BF0807106723,NUMERIK,2019.0,,SERIAL|BF0807106723,HIGH,exact normalized serial
Data Setting Penghantar UPT DKSBI.xlsx,DIST,31,f0ba5b0036e47fb050940334d394bb217cdf81dcbdeea63e562db5b25048167c,2026-08-21,LCD+DIST,DIST,DIST,GRADED,PHT.21,ULTG ANGKE,GI 150kV MUARAKARANG LAMA,PHT 150kV BUDIKEMULYAN#1,#1,1200/5,150 kV/100 V,MPU,GE,MICOM P546,37123537/07/25,NUMERIK,2026.0,,SERIAL|37123537/07/25,HIGH,exact normalized serial
Data Setting Penghantar UPT DKSBI.xlsx,DIST,32,f0ba5b0036e47fb050940334d394bb217cdf81dcbdeea63e562db5b25048167c,2026-08-21,LCD+DIST,DIST,DIST,GRADED,PHT.22,ULTG ANGKE,GI 150kV MUARAKARANG LAMA,PHT 150kV BUDIKEMULYAN#2,#2,1200/5,150 kV/100 V,MPU,GE,MICOM P546,37362776/03/26,NUMERIK,2026.0,,SERIAL|37362776/03/26,HIGH,exact normalized serial
Data Setting Penghantar UPT DKSBI.xlsx,DIST,33,f0ba5b0036e47fb050940334d394bb217cdf81dcbdeea63e562db5b25048167c,2026-08-21,LCD+DIST,DIST,DIST,GRADED,PHT.23,ULTG ANGKE,GI 150kV MUARAKARANG LAMA,PHT 150kV MUARAKARANG BARU#1,#1,2000/5,150 kV/100 V,MPU,AREVA,MICOM P521,1307747.0,NUMERIK,,,SERIAL|1307747,HIGH,exact normalized serial
Data Setting Penghantar UPT DKSBI.xlsx,DIST,34,f0ba5b0036e47fb050940334d394bb217cdf81dcbdeea63e562db5b25048167c,2026-08-21,LCD+DIST,DIST,DIST,GRADED,PHT.24,ULTG ANGKE,GI 150kV MUARAKARANG LAMA,PHT 150kV MUARAKARANG BARU#2,#2,2000/5,150 kV/100 V,MPU,AREVA,MICOM P543,31507153/09/10,NUMERIK,,,SERIAL|31507153/09/10,HIGH,exact normalized serial
Data Setting Penghantar UPT DKSBI.xlsx,DIST,35,f0ba5b0036e47fb050940334d394bb217cdf81dcbdeea63e562db5b25048167c,2026-08-21,LCD+DIST,DIST,DIST,GRADED,PHT.25,ULTG ANGKE,GI 150kV MUARAKARANG LAMA,PHT 150kV UGC ANGKE#1,#1,2000/5,150 kV/100 V,MPU,SIEMENS,7SL87,BM1712005935,NUMERIK,2018.0,,SERIAL|BM1712005935,HIGH,exact normalized serial
Data Setting Penghantar UPT DKSBI.xlsx,DIST,36,f0ba5b0036e47fb050940334d394bb217cdf81dcbdeea63e562db5b25048167c,2026-08-21,LCD+DIST,DIST,DIST,GRADED,PHT.26,ULTG ANGKE,GI 150kV MUARAKARANG LAMA,PHT 150kV UGC ANGKE#2,#2,2000/5,150 kV/100 V,MPU,SIEMENS,7SL87,BM1712005931,NUMERIK,2018.0,,SERIAL|BM1712005931,HIGH,exact normalized serial
Data Setting Penghantar UPT DKSBI.xlsx,DIST,37,f0ba5b0036e47fb050940334d394bb217cdf81dcbdeea63e562db5b25048167c,2026-08-21,LCD+DIST,DIST,DIST,GRADED,PHT.27,ULTG ANGKE,GIS 150kV DAAN MOGOT,PHT 150kV DURIKOSAMBI#1,#1,3000/1,150 kV/100 V,MPU,ABB,RED670,T1645093,NUMERIK,2019.0,,SERIAL|T1645093,HIGH,exact normalized serial
Data Setting Penghantar UPT DKSBI.xlsx,DIST,38,f0ba5b0036e47fb050940334d394bb217cdf81dcbdeea63e562db5b25048167c,2026-08-21,LCD+DIST,DIST,DIST,GRADED,PHT.28,ULTG ANGKE,GIS 150kV DAAN MOGOT,PHT 150kV DURIKOSAMBI#2,#2,3000/1,150 kV/100 V,MPU,ABB,RED670,T1645092,NUMERIK,2019.0,,SERIAL|T1645092,HIGH,exact normalized serial
Data Setting Penghantar UPT DKSBI.xlsx,DIST,39,f0ba5b0036e47fb050940334d394bb217cdf81dcbdeea63e562db5b25048167c,2026-08-21,LCD+DIST,DIST,DIST,GRADED,PHT.29,ULTG ANGKE,GIS 150kV DAAN MOGOT,PHT 150kV PANTAI INDAH KAPUK#1,#1,3000/1,150 kV/100 V,MPU,ALSTOM,MICOM P545,32197932/07/12,NUMERIK,2022.0,,SERIAL|32197932/07/12,HIGH,exact normalized serial
Data Setting Penghantar UPT DKSBI.xlsx,DIST,40,f0ba5b0036e47fb050940334d394bb217cdf81dcbdeea63e562db5b25048167c,2026-08-21,LCD+DIST,DIST,DIST,GRADED,PHT.30,ULTG ANGKE,GIS 150kV DAAN MOGOT,PHT 150kV PANTAI INDAH KAPUK#2,#2,3000/1,150 kV/100 V,MPU,ALSTOM,MICOM P545,34164813/08/17,NUMERIK,2019.0,,SERIAL|34164813/08/17,HIGH,exact normalized serial
Data Setting Penghantar UPT DKSBI.xlsx,DIST,41,f0ba5b0036e47fb050940334d394bb217cdf81dcbdeea63e562db5b25048167c,2026-08-21,LCD+DIST,DIST,DIST,GRADED,PHT.31,ULTG ANGKE,GIS 150kV GROGOL,PHT 150kV GROGOL BARU#1,#1,1600/1,150 kV/100 V,MPU,SIEMENS,7SL87,BM1809009341,NUMERIK,2019.0,,SERIAL|BM1809009341,HIGH,exact normalized serial
Data Setting Penghantar UPT DKSBI.xlsx,DIST,42,f0ba5b0036e47fb050940334d394bb217cdf81dcbdeea63e562db5b25048167c,2026-08-21,LCD+DIST,DIST,DIST,GRADED,PHT.32,ULTG ANGKE,GIS 150kV GROGOL,PHT 150kV GROGOL BARU#2,#2,1600/1,150 kV/100 V,MPU,SIEMENS,7SL87,BM1909000269,NUMERIK,2020.0,,SERIAL|BM1909000269,HIGH,exact normalized serial
Data Setting Penghantar UPT DKSBI.xlsx,DIST,43,f0ba5b0036e47fb050940334d394bb217cdf81dcbdeea63e562db5b25048167c,2026-08-21,LCD+DIST,DIST,DIST,GRADED,PHT.33,ULTG ANGKE,GIS 150kV GROGOL,PHT 150kV TOMANG#1,#1,2000/1,150 kV/100 V,MPU,SCHNEIDER,MICOM P543,753937F,NUMERIK,2021.0,,SERIAL|753937F,HIGH,exact normalized serial
Data Setting Penghantar UPT DKSBI.xlsx,DIST,44,f0ba5b0036e47fb050940334d394bb217cdf81dcbdeea63e562db5b25048167c,2026-08-21,LCD+DIST,DIST,DIST,GRADED,PHT.34,ULTG ANGKE,GIS 150kV GROGOL,PHT 150kV TOMANG#2,#2,2000/1,150 kV/100 V,MPU,SCHNEIDER,MICOM P543,753791F,NUMERIK,2021.0,,SERIAL|753791F,HIGH,exact normalized serial
Data Setting Penghantar UPT DKSBI.xlsx,DIST,45,f0ba5b0036e47fb050940334d394bb217cdf81dcbdeea63e562db5b25048167c,2026-08-21,LCD+DIST,DIST,DIST,GRADED,PHT.35,ULTG ANGKE,GIS 150kV GROGOL BARU,PHT 150kV DURIKOSAMBI#1,#1,2000/1,150 kV/100 V,MPU,SIEMENS,7SL87,BM1804005484,NUMERIK,2019.0,,SERIAL|BM1804005484,HIGH,exact normalized serial
Data Setting Penghantar UPT DKSBI.xlsx,DIST,46,f0ba5b0036e47fb050940334d394bb217cdf81dcbdeea63e562db5b25048167c,2026-08-21,LCD+DIST,DIST,DIST,GRADED,PHT.36,ULTG ANGKE,GIS 150kV GROGOL BARU,PHT 150kV DURIKOSAMBI#2,#2,2000/1,150 kV/100 V,MPU,SIEMENS,7SL87,BM1804005475,NUMERIK,2020.0,,SERIAL|BM1804005475,HIGH,exact normalized serial
Data Setting Penghantar UPT DKSBI.xlsx,DIST,47,f0ba5b0036e47fb050940334d394bb217cdf81dcbdeea63e562db5b25048167c,2026-08-21,LCD+DIST,DIST,DIST,GRADED,PHT.37,ULTG ANGKE,GIS 150kV GROGOL BARU,PHT 150kV GROGOL#1,#1,2000/1,150 kV/100 V,MPU,SIEMENS,7SL87,BM1804005481,NUMERIK,2019.0,,SERIAL|BM1804005481,HIGH,exact normalized serial
Data Setting Penghantar UPT DKSBI.xlsx,DIST,48,f0ba5b0036e47fb050940334d394bb217cdf81dcbdeea63e562db5b25048167c,2026-08-21,LCD+DIST,DIST,DIST,GRADED,PHT.38,ULTG ANGKE,GIS 150kV GROGOL BARU,PHT 150kV GROGOL#2,#2,2000/1,150 kV/100 V,MPU,SIEMENS,7SL87,BM1804005478,NUMERIK,2020.0,,SERIAL|BM1804005478,HIGH,exact normalized serial
Data Setting Penghantar UPT DKSBI.xlsx,DIST,49,f0ba5b0036e47fb050940334d394bb217cdf81dcbdeea63e562db5b25048167c,2026-08-21,LCD+DIST,DIST,DIST,GRADED,PHT.39,ULTG ANGKE,GIS 150kV KEBON JERUK,PHT 150kV DURIKOSAMBI#1,#1,1000/5,150 kV/100 V,MPU,ALSTOM,MICOM P545,34665002/12/18,NUMERIK,2019.0,,SERIAL|34665002/12/18,HIGH,exact normalized serial
Data Setting Penghantar UPT DKSBI.xlsx,DIST,50,f0ba5b0036e47fb050940334d394bb217cdf81dcbdeea63e562db5b25048167c,2026-08-21,LCD+DIST,DIST,DIST,GRADED,PHT.40,ULTG ANGKE,GIS 150kV KEBON JERUK,PHT 150kV DURIKOSAMBI#2,#2,1000/5,150 kV/100 V,MPU,ALSTOM,MICOM P545,34482258/06/18,NUMERIK,2019.0,,SERIAL|34482258/06/18,HIGH,exact normalized serial
Data Setting Penghantar UPT DKSBI.xlsx,DIST,51,f0ba5b0036e47fb050940334d394bb217cdf81dcbdeea63e562db5b25048167c,2026-08-21,LCD+DIST,DIST,DIST,GRADED,PHT.41,ULTG ANGKE,GIS 150kV KEBON JERUK,PHT 150kV KARET BARU#1,#1,500/5,150 kV/100 V,MPU,ALSTOM,MICOM P545,34923727/11/19,NUMERIK,2020.0,,SERIAL|34923727/11/19,HIGH,exact normalized serial
Data Setting Penghantar UPT DKSBI.xlsx,DIST,52,f0ba5b0036e47fb050940334d394bb217cdf81dcbdeea63e562db5b25048167c,2026-08-21,LCD+DIST,DIST,DIST,GRADED,PHT.42,ULTG ANGKE,GIS 150kV KEBON JERUK,PHT 150kV KARET BARU#2,#2,500/5,150 kV/100 V,MPU,ALSTOM,MICOM P545,34485202/06/18,NUMERIK,2020.0,,SERIAL|34485202/06/18,HIGH,exact normalized serial
Data Setting Penghantar UPT DKSBI.xlsx,DIST,53,f0ba5b0036e47fb050940334d394bb217cdf81dcbdeea63e562db5b25048167c,2026-08-21,LCD+DIST,DIST,DIST,GRADED,PHT.43,ULTG ANGKE,GIS 150kV MUARAKARANG BARU,PHT 150kV MUARAKARANG BARU#1,#1,2000/1,150 kV/100 V,MPU,ALSTOM,MICOM P545,34724838/02/19,NUMERIK,2022.0,,SERIAL|34724838/02/19,HIGH,exact normalized serial
Data Setting Penghantar UPT DKSBI.xlsx,DIST,54,f0ba5b0036e47fb050940334d394bb217cdf81dcbdeea63e562db5b25048167c,2026-08-21,LCD+DIST,DIST,DIST,GRADED,PHT.44,ULTG ANGKE,GIS 150kV MUARAKARANG BARU,PHT 150kV MUARAKARANG BARU#2,#2,2000/1,150 kV/100 V,MPU,ALSTOM,MICOM P545,34724836/02/19,NUMERIK,2022.0,,SERIAL|34724836/02/19,HIGH,exact normalized serial
Data Setting Penghantar UPT DKSBI.xlsx,DIST,55,f0ba5b0036e47fb050940334d394bb217cdf81dcbdeea63e562db5b25048167c,2026-08-21,LCD+DIST,DIST,DIST,GRADED,PHT.45,ULTG ANGKE,GIS 150kV MUARAKARANG BARU,PHT 150kV PANTAI INDAH KAPUK#1,#1,4000/1,150 kV/100 V,MPU,ALSTOM,MICOM P545,34724837/02/19,NUMERIK,2022.0,,SERIAL|34724837/02/19,HIGH,exact normalized serial
Data Setting Penghantar UPT DKSBI.xlsx,DIST,56,f0ba5b0036e47fb050940334d394bb217cdf81dcbdeea63e562db5b25048167c,2026-08-21,LCD+DIST,DIST,DIST,GRADED,PHT.46,ULTG ANGKE,GIS 150kV MUARAKARANG BARU,PHT 150kV PANTAI INDAH KAPUK#2,#2,4000/1,150 kV/100 V,MPU,ALSTOM,MICOM P545,34724835/02/19,NUMERIK,2022.0,,SERIAL|34724835/02/19,HIGH,exact normalized serial
Data Setting Penghantar UPT DKSBI.xlsx,DIST,57,f0ba5b0036e47fb050940334d394bb217cdf81dcbdeea63e562db5b25048167c,2026-08-21,LCD+DIST,DIST,DIST,GRADED,PHT.47,ULTG ANGKE,GIS 150kV NEW SENAYAN,PHT 150kV KEMBANGAN#1,#1,1000/5,150 kV/100 V,MPU,GE,MICOM P546,37132771/07/25,NUMERIK,2025.0,,SERIAL|37132771/07/25,HIGH,exact normalized serial
Data Setting Penghantar UPT DKSBI.xlsx,DIST,58,f0ba5b0036e47fb050940334d394bb217cdf81dcbdeea63e562db5b25048167c,2026-08-21,LCD+DIST,DIST,DIST,GRADED,PHT.48,ULTG ANGKE,GIS 150kV NEW SENAYAN,PHT 150kV KEMBANGAN#2,#2,1000/5,150 kV/100 V,MPU,GE,MICOM P546,37132773/07/25,NUMERIK,2025.0,,SERIAL|37132773/07/25,HIGH,exact normalized serial
Data Setting Penghantar UPT DKSBI.xlsx,DIST,59,f0ba5b0036e47fb050940334d394bb217cdf81dcbdeea63e562db5b25048167c,2026-08-21,LCD+DIST,DIST,DIST,GRADED,PHT.49,ULTG ANGKE,GIS 150kV NEW SENAYAN,PHT 150kV SENAYAN#1,#1,2000/1,150 kV/100 V,MPU,ALSTOM,MICOM P545,33493424/11/15,NUMERIK,2019.0,,SERIAL|33493424/11/15,HIGH,exact normalized serial
Data Setting Penghantar UPT DKSBI.xlsx,DIST,60,f0ba5b0036e47fb050940334d394bb217cdf81dcbdeea63e562db5b25048167c,2026-08-21,LCD+DIST,DIST,DIST,GRADED,PHT.50,ULTG ANGKE,GIS 150kV NEW SENAYAN,PHT 150kV SENAYAN#2,#2,2000/1,150 kV/100 V,MPU,ALSTOM,MICOM P545,33493423/11/15,NUMERIK,2019.0,,SERIAL|33493423/11/15,HIGH,exact normalized serial
Data Setting Penghantar UPT DKSBI.xlsx,DIST,61,f0ba5b0036e47fb050940334d394bb217cdf81dcbdeea63e562db5b25048167c,2026-08-21,LCD+DIST,DIST,DIST,GRADED,PHT.51,ULTG ANGKE,GIS 150kV NEW SENAYAN,PHT 150kV ULUJAMI#1,#1,2000/1,150 kV/100 V,MPU,NR,PCS-931,NRJB2015511480260,NUMERIK,2021.0,,SERIAL|NRJB2015511480260,HIGH,exact normalized serial
Data Setting Penghantar UPT DKSBI.xlsx,DIST,62,f0ba5b0036e47fb050940334d394bb217cdf81dcbdeea63e562db5b25048167c,2026-08-21,LCD+DIST,DIST,DIST,GRADED,PHT.52,ULTG ANGKE,GIS 150kV NEW SENAYAN,PHT 150kV ULUJAMI#2,#2,2000/1,150 kV/100 V,MPU,ALSTOM,MICOM P545,34733776/03/19,NUMERIK,2021.0,,SERIAL|34733776/03/19,HIGH,exact normalized serial
Data Setting Penghantar UPT DKSBI.xlsx,DIST,63,f0ba5b0036e47fb050940334d394bb217cdf81dcbdeea63e562db5b25048167c,2026-08-21,LCD+DIST,DIST,DIST,GRADED,PHT.53,ULTG ANGKE,GIS 150kV PANTAI INDAH KAPUK,PHT 150kV DAAN MOGOT#1,#1,4000/1,150 kV/100 V,MPU,ALSTOM,MICOM P545,32288899/09/12,NUMERIK,2016.0,,SERIAL|32288899/09/12,HIGH,exact normalized serial
Data Setting Penghantar UPT DKSBI.xlsx,DIST,64,f0ba5b0036e47fb050940334d394bb217cdf81dcbdeea63e562db5b25048167c,2026-08-21,LCD+DIST,DIST,DIST,GRADED,PHT.54,ULTG ANGKE,GIS 150kV PANTAI INDAH KAPUK,PHT 150kV DAAN MOGOT#2,#2,4000/1,150 kV/100 V,MPU,ALSTOM,MICOM P545,32288900/09/12,NUMERIK,2016.0,,SERIAL|32288900/09/12,HIGH,exact normalized serial
Data Setting Penghantar UPT DKSBI.xlsx,DIST,65,f0ba5b0036e47fb050940334d394bb217cdf81dcbdeea63e562db5b25048167c,2026-08-21,LCD+DIST,DIST,DIST,GRADED,PHT.55,ULTG ANGKE,GIS 150kV PANTAI INDAH KAPUK,PHT 150kV GIS MUARAKARANG BARU#1,#1,4000/1,150 kV/100 V,MPU,ALSTOM,MICOM P545,197931U,NUMERIK,2016.0,,SERIAL|197931U,HIGH,exact normalized serial
Data Setting Penghantar UPT DKSBI.xlsx,DIST,66,f0ba5b0036e47fb050940334d394bb217cdf81dcbdeea63e562db5b25048167c,2026-08-21,LCD+DIST,DIST,DIST,GRADED,PHT.56,ULTG ANGKE,GIS 150kV PANTAI INDAH KAPUK,PHT 150kV GIS MUARAKARANG BARU#2,#2,4000/1,150 kV/100 V,MPU,ALSTOM,MICOM P545,32197933/06/12,NUMERIK,2016.0,,SERIAL|32197933/06/12,HIGH,exact normalized serial
Data Setting Penghantar UPT DKSBI.xlsx,DIST,67,f0ba5b0036e47fb050940334d394bb217cdf81dcbdeea63e562db5b25048167c,2026-08-21,LCD+DIST,DIST,DIST,GRADED,PHT.57,ULTG ANGKE,GIS 150kV TOMANG,PHT 150kV GROGOL#1,#1,2000/1,150 kV/100 V,MPU,ALSTOM,MICOM P543,39652554/04/18,NUMERIK,2021.0,,SERIAL|39652554/04/18,HIGH,exact normalized serial
Data Setting Penghantar UPT DKSBI.xlsx,DIST,68,f0ba5b0036e47fb050940334d394bb217cdf81dcbdeea63e562db5b25048167c,2026-08-21,LCD+DIST,DIST,DIST,GRADED,PHT.58,ULTG ANGKE,GIS 150kV TOMANG,PHT 150kV GROGOL#2,#2,2000/1,150 kV/100 V,MPU,ALSTOM,MICOM P543,37055880/10/18,NUMERIK,2021.0,,SERIAL|37055880/10/18,HIGH,exact normalized serial
Data Setting Penghantar UPT DKSBI.xlsx,DIST,69,f0ba5b0036e47fb050940334d394bb217cdf81dcbdeea63e562db5b25048167c,2026-08-21,LCD+DIST,DIST,DIST,GRADED,PHT.59,ULTG ANGKE,GIS 150kV ULUJAMI,PHT 150kV NEW SENAYAN#1,#1,2000/1,150 kV/100 V,MPU,NR,PCS-931,NRJB20155116B0230[CE4B8B],NUMERIK,2021.0,,SERIAL|NRJB20155116B0230[CE4B8B],HIGH,exact normalized serial
Data Setting Penghantar UPT DKSBI.xlsx,DIST,70,f0ba5b0036e47fb050940334d394bb217cdf81dcbdeea63e562db5b25048167c,2026-08-21,LCD+DIST,DIST,DIST,GRADED,PHT.60,ULTG ANGKE,GIS 150kV ULUJAMI,PHT 150kV NEW SENAYAN#2,#2,2000/1,150 kV/100 V,MPU,GE,MICOM P545,34733777/03/19,NUMERIK,2021.0,,SERIAL|34733777/03/19,HIGH,exact normalized serial
Data Setting Penghantar UPT DKSBI.xlsx,DIST,71,f0ba5b0036e47fb050940334d394bb217cdf81dcbdeea63e562db5b25048167c,2026-08-21,LCD+DIST,DIST,DIST,GRADED,PHT.61,ULTG ANGKE,GISTET 500kV MUARAKARANG BARU,PHT 500kV DURIKOSAMBI#1,#1,4000/1,500 kV/100 V,MPU-A,ABB,RED670,T2136184,NUMERIK,,,SERIAL|T2136184,HIGH,exact normalized serial
Data Setting Penghantar UPT DKSBI.xlsx,DIST,72,f0ba5b0036e47fb050940334d394bb217cdf81dcbdeea63e562db5b25048167c,2026-08-21,LCD+DIST,DIST,DIST,GRADED,PHT.62,ULTG ANGKE,GISTET 500kV MUARAKARANG BARU,PHT 500kV DURIKOSAMBI#2,#2,4000/1,500 kV/100 V,MPU-A,ABB,RED670,T2136186,NUMERIK,,,SERIAL|T2136186,HIGH,exact normalized serial
Data Setting Penghantar UPT DKSBI.xlsx,DIST,73,f0ba5b0036e47fb050940334d394bb217cdf81dcbdeea63e562db5b25048167c,2026-08-21,LCD+DIST,DIST,DIST,GRADED,PHT.63,ULTG ANGKE,GISTET 500kV MUARAKARANG BARU,PHT 500kV DURIKOSAMBI#1,#1,4000/1,500 kV/100 V,MPU-B,SIEMENS,7SL87,BM2110007783,NUMERIK,,,SERIAL|BM2110007783,HIGH,exact normalized serial
Data Setting Penghantar UPT DKSBI.xlsx,DIST,74,f0ba5b0036e47fb050940334d394bb217cdf81dcbdeea63e562db5b25048167c,2026-08-21,LCD+DIST,DIST,DIST,GRADED,PHT.64,ULTG ANGKE,GISTET 500kV MUARAKARANG BARU,PHT 500kV DURIKOSAMBI#2,#2,4000/1,500 kV/100 V,MPU-B,SIEMENS,7SL87,BM2110006379,NUMERIK,,,SERIAL|BM2110006379,HIGH,exact normalized serial
Data Setting Penghantar UPT DKSBI.xlsx,DIST,75,f0ba5b0036e47fb050940334d394bb217cdf81dcbdeea63e562db5b25048167c,2026-08-21,LCD+DIST,DIST,DIST,GRADED,PHT.65,ULTG ANGKE,GISTET 500kV MUARAKARANG BARU,PHT 500kV TANJUNG PRIOK#1,#1,,500 kV/100 V,MPU-A,ABB,RED670,T2136180,NUMERIK,,,SERIAL|T2136180,HIGH,exact normalized serial
Data Setting Penghantar UPT DKSBI.xlsx,DIST,76,f0ba5b0036e47fb050940334d394bb217cdf81dcbdeea63e562db5b25048167c,2026-08-21,LCD+DIST,DIST,DIST,GRADED,PHT.66,ULTG ANGKE,GISTET 500kV MUARAKARANG BARU,PHT 500kV TANJUNG PRIOK#2,#2,,500 kV/100 V,MPU-A,ABB,RED670,T2136185,NUMERIK,,,SERIAL|T2136185,HIGH,exact normalized serial
Data Setting Penghantar UPT DKSBI.xlsx,DIST,77,f0ba5b0036e47fb050940334d394bb217cdf81dcbdeea63e562db5b25048167c,2026-08-21,LCD+DIST,DIST,DIST,GRADED,PHT.67,ULTG ANGKE,GISTET 500kV MUARAKARANG BARU,PHT 500kV TANJUNG PRIOK#1,#1,,500 kV/100 V,MPU-B,SIEMENS,7SL87,BM2110006364,NUMERIK,,,SERIAL|BM2110006364,HIGH,exact normalized serial
Data Setting Penghantar UPT DKSBI.xlsx,DIST,78,f0ba5b0036e47fb050940334d394bb217cdf81dcbdeea63e562db5b25048167c,2026-08-21,LCD+DIST,DIST,DIST,GRADED,PHT.68,ULTG ANGKE,GISTET 500kV MUARAKARANG BARU,PHT 500kV TANJUNG PRIOK#2,#2,,500 kV/100 V,MPU-B,SIEMENS,7SL87,BM2110006369,NUMERIK,,,SERIAL|BM2110006369,HIGH,exact normalized serial
Data Setting Penghantar UPT DKSBI.xlsx,DIST,79,f0ba5b0036e47fb050940334d394bb217cdf81dcbdeea63e562db5b25048167c,2026-08-21,LCD+DIST,DIST,DIST,GRADED,PHT.69,ULTG CITRA RAYA,GI 150kV CURUG,PHT 150kV CIKUPA#1,#1,2000/1,150 kV/100 V,MPU,ALSTOM,MICOM P545,34721258/02/19,NUMERIK,2019.0,,SERIAL|34721258/02/19,HIGH,exact normalized serial
Data Setting Penghantar UPT DKSBI.xlsx,DIST,80,f0ba5b0036e47fb050940334d394bb217cdf81dcbdeea63e562db5b25048167c,2026-08-21,LCD+DIST,DIST,DIST,GRADED,PHT.70,ULTG CITRA RAYA,GI 150kV CURUG,PHT 150kV CIKUPA#2,#2,3200/1,150 kV/100 V,MPU,ALSTOM,MICOM P545,34486826/06/18,NUMERIK,2019.0,,SERIAL|34486826/06/18,HIGH,exact normalized serial
Data Setting Penghantar UPT DKSBI.xlsx,DIST,81,f0ba5b0036e47fb050940334d394bb217cdf81dcbdeea63e562db5b25048167c,2026-08-21,LCD+DIST,DIST,DIST,GRADED,PHT.71,ULTG CITRA RAYA,GI 150kV CURUG,PHT 150kV SUMMARECON GADING SERPONG#1,#1,3200/1,150 kV/100 V,MPU,ALSTOM,MICOM P545,34486816/06/18,NUMERIK,2019.0,,SERIAL|34486816/06/18,HIGH,exact normalized serial
Data Setting Penghantar UPT DKSBI.xlsx,DIST,82,f0ba5b0036e47fb050940334d394bb217cdf81dcbdeea63e562db5b25048167c,2026-08-21,LCD+DIST,DIST,DIST,GRADED,PHT.72,ULTG CITRA RAYA,GI 150kV CURUG,PHT 150kV SUMMARECON GADING SERPONG#2,#2,2000/1,150 kV/100 V,MPU,ALSTOM,MICOM P545,34721255/02/19,NUMERIK,2019.0,,SERIAL|34721255/02/19,HIGH,exact normalized serial
Data Setting Penghantar UPT DKSBI.xlsx,DIST,83,f0ba5b0036e47fb050940334d394bb217cdf81dcbdeea63e562db5b25048167c,2026-08-21,LCD+DIST,DIST,DIST,GRADED,PHT.73,ULTG CITRA RAYA,GI 150kV GAJAH TUNGGAL,PHT 150kV PASAR KEMIS,#1,2000/1,150 kV/100 V,MPU,GE,L90,AA2C17001630,NUMERIK,2018.0,,SERIAL|AA2C17001630,HIGH,exact normalized serial
Data Setting Penghantar UPT DKSBI.xlsx,DIST,84,f0ba5b0036e47fb050940334d394bb217cdf81dcbdeea63e562db5b25048167c,2026-08-21,LCD+DIST,DIST,DIST,GRADED,PHT.74,ULTG CITRA RAYA,GI 150kV GAJAH TUNGGAL,PHT 150kV PASAR KEMIS BARU,#1,2000/1,150 kV/100 V,MPU,ALSTOM,MICOM P543,32069228/02/12,NUMERIK,2021.0,,SERIAL|32069228/02/12,HIGH,exact normalized serial
Data Setting Penghantar UPT DKSBI.xlsx,DIST,85,f0ba5b0036e47fb050940334d394bb217cdf81dcbdeea63e562db5b25048167c,2026-08-21,LCD+DIST,DIST,DIST,GRADED,PHT.75,ULTG CITRA RAYA,GI 150kV ITS,PHT 150kV TANGERANG BARU,#1,4000/1,150 kV/100 V,MPU,GE,MICOM P545,35301414/03/12,NUMERIK,2021.0,,SERIAL|35301414/03/12,HIGH,exact normalized serial
Data Setting Penghantar UPT DKSBI.xlsx,DIST,86,f0ba5b0036e47fb050940334d394bb217cdf81dcbdeea63e562db5b25048167c,2026-08-21,LCD+DIST,DIST,DIST,GRADED,PHT.76,ULTG CITRA RAYA,GI 150kV ITS,PHT 150kV CENGKARENG BARU,#1,4000/1,150 kV/100 V,MPU,AREVA,MICOM P543,3379380/04/09,NUMERIK,2021.0,,SERIAL|3379380/04/09,HIGH,exact normalized serial
Data Setting Penghantar UPT DKSBI.xlsx,DIST,87,f0ba5b0036e47fb050940334d394bb217cdf81dcbdeea63e562db5b25048167c,2026-08-21,LCD+DIST,DIST,DIST,GRADED,PHT.77,ULTG CITRA RAYA,GI 150kV ITS,PHT 150kV KONSUMEN,#1,300/1,150 kV/100 V,MPU,SIEMENS,7SL87,BM2102005251,NUMERIK,2021.0,,SERIAL|BM2102005251,HIGH,exact normalized serial
Data Setting Penghantar UPT DKSBI.xlsx,DIST,88,f0ba5b0036e47fb050940334d394bb217cdf81dcbdeea63e562db5b25048167c,2026-08-21,LCD+DIST,DIST,DIST,GRADED,PHT.78,ULTG CITRA RAYA,GI 150kV JATAKE,PHT 150kV CIKUPA#1,#1,1600/5,150 kV/100 V,MPU,ALSTOM,MICOM P442,31830604/07/11,NUMERIK,,,SERIAL|31830604/07/11,HIGH,exact normalized serial
Data Setting Penghantar UPT DKSBI.xlsx,DIST,89,f0ba5b0036e47fb050940334d394bb217cdf81dcbdeea63e562db5b25048167c,2026-08-21,LCD+DIST,DIST,DIST,GRADED,PHT.79,ULTG CITRA RAYA,GI 150kV JATAKE,PHT 150kV CIKUPA#2,#2,1600/5,150 kV/100 V,MPU,ALSTOM,MICOM P442,31830599/07/11,NUMERIK,,,SERIAL|31830599/07/11,HIGH,exact normalized serial
Data Setting Penghantar UPT DKSBI.xlsx,DIST,90,f0ba5b0036e47fb050940334d394bb217cdf81dcbdeea63e562db5b25048167c,2026-08-21,LCD+DIST,DIST,DIST,GRADED,PHT.80,ULTG CITRA RAYA,GI 150kV JATAKE,PHT 150kV JATAKE BARU#1,#1,1600/5,150 kV/100 V,MPU,NR,PCS-931,NRJB20155119B0540,NUMERIK,2021.0,,SERIAL|NRJB20155119B0540,HIGH,exact normalized serial
Data Setting Penghantar UPT DKSBI.xlsx,DIST,91,f0ba5b0036e47fb050940334d394bb217cdf81dcbdeea63e562db5b25048167c,2026-08-21,LCD+DIST,DIST,DIST,GRADED,PHT.81,ULTG CITRA RAYA,GI 150kV JATAKE,PHT 150kV JATAKE BARU#2,#2,1600/5,150 kV/100 V,MPU,NR,PCS-931,NRJB20155119B0550,NUMERIK,2021.0,,SERIAL|NRJB20155119B0550,HIGH,exact normalized serial
Data Setting Penghantar UPT DKSBI.xlsx,DIST,92,f0ba5b0036e47fb050940334d394bb217cdf81dcbdeea63e562db5b25048167c,2026-08-21,LCD+DIST,DIST,DIST,GRADED,PHT.82,ULTG CITRA RAYA,GI 150kV JATAKE,PHT 150kV MAXIMANGANDO#1,#1,1000/1,150 kV/100 V,MPU-A,NR,PCS-931,NRJB2015511830010,NUMERIK,2019.0,,SERIAL|NRJB2015511830010,HIGH,exact normalized serial
Data Setting Penghantar UPT DKSBI.xlsx,DIST,93,f0ba5b0036e47fb050940334d394bb217cdf81dcbdeea63e562db5b25048167c,2026-08-21,LCD+DIST,DIST,DIST,GRADED,PHT.83,ULTG CITRA RAYA,GI 150kV JATAKE,PHT 150kV MAXIMANGANDO#2,#2,1000/1,150 kV/100 V,MPU-A,NR,PCS-931,NRJB2015511830040,NUMERIK,2019.0,,SERIAL|NRJB2015511830040,HIGH,exact normalized serial
Data Setting Penghantar UPT DKSBI.xlsx,DIST,94,f0ba5b0036e47fb050940334d394bb217cdf81dcbdeea63e562db5b25048167c,2026-08-21,LCD+DIST,DIST,DIST,GRADED,PHT.84,ULTG CITRA RAYA,GI 150kV JATAKE,PHT 150kV MAXIMANGANDO#1,#1,1000/1,150 kV/100 V,MPU-B,NR,PCS-931,NRJB2015511830020,NUMERIK,2019.0,,SERIAL|NRJB2015511830020,HIGH,exact normalized serial
Data Setting Penghantar UPT DKSBI.xlsx,DIST,95,f0ba5b0036e47fb050940334d394bb217cdf81dcbdeea63e562db5b25048167c,2026-08-21,LCD+DIST,DIST,DIST,GRADED,PHT.85,ULTG CITRA RAYA,GI 150kV JATAKE,PHT 150kV MAXIMANGANDO#2,#2,1000/1,150 kV/100 V,MPU-B,NR,PCS-931,NRJB2015511830030,NUMERIK,2019.0,,SERIAL|NRJB2015511830030,HIGH,exact normalized serial
Data Setting Penghantar UPT DKSBI.xlsx,DIST,96,f0ba5b0036e47fb050940334d394bb217cdf81dcbdeea63e562db5b25048167c,2026-08-21,LCD+DIST,DIST,DIST,GRADED,PHT.86,ULTG CITRA RAYA,GI 150kV MAXIMANGANDO,PHT 150kV JATAKE#1,#1,1000/1,150 kV/100 V,MPU-A,NR,PCS-931,NRJB2015511830070,NUMERIK,2019.0,,SERIAL|NRJB2015511830070,HIGH,exact normalized serial
Data Setting Penghantar UPT DKSBI.xlsx,DIST,97,f0ba5b0036e47fb050940334d394bb217cdf81dcbdeea63e562db5b25048167c,2026-08-21,LCD+DIST,DIST,DIST,GRADED,PHT.87,ULTG CITRA RAYA,GI 150kV MAXIMANGANDO,PHT 150kV JATAKE#2,#2,1000/1,150 kV/100 V,MPU-A,NR,PCS-931,NRJB2015511830100,NUMERIK,2019.0,,SERIAL|NRJB2015511830100,HIGH,exact normalized serial
Data Setting Penghantar UPT DKSBI.xlsx,DIST,98,f0ba5b0036e47fb050940334d394bb217cdf81dcbdeea63e562db5b25048167c,2026-08-21,LCD+DIST,DIST,DIST,GRADED,PHT.88,ULTG CITRA RAYA,GI 150kV MAXIMANGANDO,PHT 150kV JATAKE#1,#1,1000/1,150 kV/100 V,MPU-B,NR,PCS-931,NRJB2015511830080,NUMERIK,2019.0,,SERIAL|NRJB2015511830080,HIGH,exact normalized serial
Data Setting Penghantar UPT DKSBI.xlsx,DIST,99,f0ba5b0036e47fb050940334d394bb217cdf81dcbdeea63e562db5b25048167c,2026-08-21,LCD+DIST,DIST,DIST,GRADED,PHT.89,ULTG CITRA RAYA,GI 150kV MAXIMANGANDO,PHT 150kV JATAKE#2,#2,1000/1,150 kV/100 V,MPU-B,NR,PCS-931,NRJB2015511830090,NUMERIK,2019.0,,SERIAL|NRJB2015511830090,HIGH,exact normalized serial
Data Setting Penghantar UPT DKSBI.xlsx,DIST,100,f0ba5b0036e47fb050940334d394bb217cdf81dcbdeea63e562db5b25048167c,2026-08-21,LCD+DIST,DIST,DIST,GRADED,PHT.90,ULTG CITRA RAYA,GI 150kV SINDANG JAYA,PHT 150kV BALARAJA#1,#1,4000/1,150 kV/100 V,MPU,NR,PCS-931,NRJB2029221960030,NUMERIK,2021.0,,SERIAL|NRJB2029221960030,HIGH,exact normalized serial
Data Setting Penghantar UPT DKSBI.xlsx,DIST,101,f0ba5b0036e47fb050940334d394bb217cdf81dcbdeea63e562db5b25048167c,2026-08-21,LCD+DIST,DIST,DIST,GRADED,PHT.91,ULTG CITRA RAYA,GI 150kV SINDANG JAYA,PHT 150kV BALARAJA#2,#2,4000/1,150 kV/100 V,MPU,NR,PCS-931,NRJB2029221960100,NUMERIK,2021.0,,SERIAL|NRJB2029221960100,HIGH,exact normalized serial
Data Setting Penghantar UPT DKSBI.xlsx,DIST,102,f0ba5b0036e47fb050940334d394bb217cdf81dcbdeea63e562db5b25048167c,2026-08-21,LCD+DIST,DIST,DIST,GRADED,PHT.92,ULTG CITRA RAYA,GI 150kV SINDANG JAYA,PHT 150kV LONTAR#1,#1,4000/1,150 kV/100 V,MPU,NR,PCS-931,NRJB2006301870170,NUMERIK,2021.0,,SERIAL|NRJB2006301870170,HIGH,exact normalized serial
Data Setting Penghantar UPT DKSBI.xlsx,DIST,103,f0ba5b0036e47fb050940334d394bb217cdf81dcbdeea63e562db5b25048167c,2026-08-21,LCD+DIST,DIST,DIST,GRADED,PHT.93,ULTG CITRA RAYA,GI 150kV SINDANG JAYA,PHT 150kV LONTAR#2,#2,4000/1,150 kV/100 V,MPU,NR,PCS-931,NRJB2015511680190[A74B17],NUMERIK,2021.0,,SERIAL|NRJB2015511680190[A74B17],HIGH,exact normalized serial
Data Setting Penghantar UPT DKSBI.xlsx,DIST,104,f0ba5b0036e47fb050940334d394bb217cdf81dcbdeea63e562db5b25048167c,2026-08-21,LCD+DIST,DIST,DIST,GRADED,PHT.94,ULTG CITRA RAYA,GI 150kV SINDANG JAYA,PHT 150kV SUVARNA SUTERA#1,#1,4000/1,150 kV/100 V,MPU,NR,PCS-931,NRJB2029221960020,NUMERIK,2021.0,,SERIAL|NRJB2029221960020,HIGH,exact normalized serial
Data Setting Penghantar UPT DKSBI.xlsx,DIST,105,f0ba5b0036e47fb050940334d394bb217cdf81dcbdeea63e562db5b25048167c,2026-08-21,LCD+DIST,DIST,DIST,GRADED,PHT.95,ULTG CITRA RAYA,GI 150kV SINDANG JAYA,PHT 150kV SUVARNA SUTERA#2,#2,4000/1,150 kV/100 V,MPU,NR,PCS-931,NRJB2029221960010,NUMERIK,2021.0,,SERIAL|NRJB2029221960010,HIGH,exact normalized serial
Data Setting Penghantar UPT DKSBI.xlsx,DIST,106,f0ba5b0036e47fb050940334d394bb217cdf81dcbdeea63e562db5b25048167c,2026-08-21,LCD+DIST,DIST,DIST,GRADED,PHT.96,ULTG CITRA RAYA,GI 150kV TANGERANG BARU,PHT 150kV LONTAR#1,#1,3000/1,150 kV/100 V,MPU,GE,MICOM P546,36265528/12/22,NUMERIK,2021.0,,SERIAL|36265528/12/22,HIGH,exact normalized serial
Data Setting Penghantar UPT DKSBI.xlsx,DIST,107,f0ba5b0036e47fb050940334d394bb217cdf81dcbdeea63e562db5b25048167c,2026-08-21,LCD+DIST,DIST,DIST,GRADED,PHT.97,ULTG CITRA RAYA,GI 150kV TANGERANG BARU,PHT 150kV LONTAR#2,#2,3000/1,150 kV/100 V,MPU,GE,MICOM P546,36265524/12/22,NUMERIK,2021.0,,SERIAL|36265524/12/22,HIGH,exact normalized serial
Data Setting Penghantar UPT DKSBI.xlsx,DIST,108,f0ba5b0036e47fb050940334d394bb217cdf81dcbdeea63e562db5b25048167c,2026-08-21,LCD+DIST,DIST,DIST,GRADED,PHT.98,ULTG CITRA RAYA,GI 150kV TANGERANG BARU,PHT 150kV ITS,#1,3000/1,150 kV/100 V,MPU,GE,MICOM P545,35298236/03/21,NUMERIK,2021.0,,SERIAL|35298236/03/21,HIGH,exact normalized serial
Data Setting Penghantar UPT DKSBI.xlsx,DIST,109,f0ba5b0036e47fb050940334d394bb217cdf81dcbdeea63e562db5b25048167c,2026-08-21,LCD+DIST,DIST,DIST,GRADED,PHT.99,ULTG CITRA RAYA,GI 150kV TANGERANG BARU,PHT 150kV CENGKARENG BARU,#1,3000/1,150 kV/100 V,MPU,AREVA,MICOM P543,3379379/05/09,NUMERIK,2021.0,,SERIAL|3379379/05/09,HIGH,exact normalized serial
Data Setting Penghantar UPT DKSBI.xlsx,DIST,110,f0ba5b0036e47fb050940334d394bb217cdf81dcbdeea63e562db5b25048167c,2026-08-21,LCD+DIST,DIST,DIST,GRADED,PHT.100,ULTG CITRA RAYA,GI 150kV TELUK NAGA,PHT 150kV DADAP#1,#1,3000/1,150 kV/100 V,MPU,AREVA,MICOM P546,34434876/05/18,NUMERIK,,,SERIAL|34434876/05/18,HIGH,exact normalized serial
Data Setting Penghantar UPT DKSBI.xlsx,DIST,111,f0ba5b0036e47fb050940334d394bb217cdf81dcbdeea63e562db5b25048167c,2026-08-21,LCD+DIST,DIST,DIST,GRADED,PHT.101,ULTG CITRA RAYA,GI 150kV TELUK NAGA,PHT 150kV DADAP#2,#2,3000/1,150 kV/100 V,MPU,AREVA,MICOM P546,34450419/05/18,NUMERIK,,,SERIAL|34450419/05/18,HIGH,exact normalized serial
Data Setting Penghantar UPT DKSBI.xlsx,DIST,112,f0ba5b0036e47fb050940334d394bb217cdf81dcbdeea63e562db5b25048167c,2026-08-21,LCD+DIST,DIST,DIST,GRADED,PHT.102,ULTG CITRA RAYA,GI 150kV TELUK NAGA,PHT 150kV SEPATAN#1,#1,1600/1,150 kV/100 V,MPU,GE,MICOM P546,,NUMERIK,2018.0,,ASSET|GI 150KV TELUK NAGA|PHT 150KV SEPATAN#1|#1|GE|MICOM P546|MPU,MEDIUM,exact normalized asset attributes
Data Setting Penghantar UPT DKSBI.xlsx,DIST,113,f0ba5b0036e47fb050940334d394bb217cdf81dcbdeea63e562db5b25048167c,2026-08-21,LCD+DIST,DIST,DIST,GRADED,PHT.103,ULTG CITRA RAYA,GI 150kV TELUK NAGA,PHT 150kV SEPATAN#2,#2,1600/1,150 kV/100 V,MPU,GE,MICOM P546,,NUMERIK,2018.0,,ASSET|GI 150KV TELUK NAGA|PHT 150KV SEPATAN#2|#2|GE|MICOM P546|MPU,MEDIUM,exact normalized asset attributes
Data Setting Penghantar UPT DKSBI.xlsx,DIST,114,f0ba5b0036e47fb050940334d394bb217cdf81dcbdeea63e562db5b25048167c,2026-08-21,LCD+DIST,DIST,DIST,GRADED,PHT.104,ULTG CITRA RAYA,GIS 150kV JATAKE BARU,PHT 150kV JATAKE#1,#1,2000/1,150 kV/100 V,MPU,NR,PCS-931,NRJB20155119B0340,NUMERIK,2021.0,,SERIAL|NRJB20155119B0340,HIGH,exact normalized serial
Data Setting Penghantar UPT DKSBI.xlsx,DIST,115,f0ba5b0036e47fb050940334d394bb217cdf81dcbdeea63e562db5b25048167c,2026-08-21,LCD+DIST,DIST,DIST,GRADED,PHT.105,ULTG CITRA RAYA,GIS 150kV JATAKE BARU,PHT 150kV JATAKE#2,#2,2000/1,150 kV/100 V,MPU,NR,PCS-931,NRJB20155119B0050,NUMERIK,2021.0,,SERIAL|NRJB20155119B0050,HIGH,exact normalized serial
Data Setting Penghantar UPT DKSBI.xlsx,DIST,116,f0ba5b0036e47fb050940334d394bb217cdf81dcbdeea63e562db5b25048167c,2026-08-21,LCD+DIST,DIST,DIST,GRADED,PHT.106,ULTG CITRA RAYA,GIS 150kV JATAKE BARU,PHT 150kV TANGERANG#1,#1,2000/1,150 kV/100 V,MPU,NR,PCS-931,NRJB20155119B0370,NUMERIK,2021.0,,SERIAL|NRJB20155119B0370,HIGH,exact normalized serial
Data Setting Penghantar UPT DKSBI.xlsx,DIST,117,f0ba5b0036e47fb050940334d394bb217cdf81dcbdeea63e562db5b25048167c,2026-08-21,LCD+DIST,DIST,DIST,GRADED,PHT.107,ULTG CITRA RAYA,GIS 150kV JATAKE BARU,PHT 150kV TANGERANG#2,#2,2000/1,150 kV/100 V,MPU,NR,PCS-931,NRJB20155119B0360,NUMERIK,2021.0,,SERIAL|NRJB20155119B0360,HIGH,exact normalized serial
Data Setting Penghantar UPT DKSBI.xlsx,DIST,118,f0ba5b0036e47fb050940334d394bb217cdf81dcbdeea63e562db5b25048167c,2026-08-21,LCD+DIST,DIST,DIST,GRADED,PHT.108,ULTG CITRA RAYA,GIS 150kV LONTAR,PHT 150kV SINDANG JAYA#1,#1,4000/1,150 kV/100 V,MPU,SCHNEIDER,MICOM P443,39615255/07/17,NUMERIK,2021.0,,SERIAL|39615255/07/17,HIGH,exact normalized serial
Data Setting Penghantar UPT DKSBI.xlsx,DIST,119,f0ba5b0036e47fb050940334d394bb217cdf81dcbdeea63e562db5b25048167c,2026-08-21,LCD+DIST,DIST,DIST,GRADED,PHT.109,ULTG CITRA RAYA,GIS 150kV LONTAR,PHT 150kV SINDANG JAYA#2,#2,4000/1,150 kV/100 V,MPU,SCHNEIDER,MICOM P443,39619256/07/17,NUMERIK,2021.0,,SERIAL|39619256/07/17,HIGH,exact normalized serial
Data Setting Penghantar UPT DKSBI.xlsx,DIST,120,f0ba5b0036e47fb050940334d394bb217cdf81dcbdeea63e562db5b25048167c,2026-08-21,LCD+DIST,DIST,DIST,GRADED,PHT.110,ULTG CITRA RAYA,GIS 150kV LONTAR,PHT 150kV DADAP#1,#1,3000/1,150 kV/100 V,MPU,ALSTOM,MICOM P446,34389472/03/18,NUMERIK,,,SERIAL|34389472/03/18,HIGH,exact normalized serial
Data Setting Penghantar UPT DKSBI.xlsx,DIST,121,f0ba5b0036e47fb050940334d394bb217cdf81dcbdeea63e562db5b25048167c,2026-08-21,LCD+DIST,DIST,DIST,GRADED,PHT.111,ULTG CITRA RAYA,GIS 150kV LONTAR,PHT 150kV DADAP#2,#2,3000/1,150 kV/100 V,MPU,ALSTOM,MICOM P446,34486172/06/18,NUMERIK,,,SERIAL|34486172/06/18,HIGH,exact normalized serial
Data Setting Penghantar UPT DKSBI.xlsx,DIST,122,f0ba5b0036e47fb050940334d394bb217cdf81dcbdeea63e562db5b25048167c,2026-08-21,LCD+DIST,DIST,DIST,GRADED,PHT.112,ULTG CITRA RAYA,GIS 150kV LONTAR,PHT 150kV TANGERANG BARU#1,#1,3000/1,150 kV/100 V,MPU,GE,MICOM P546,36265529/12/22,NUMERIK,,,SERIAL|36265529/12/22,HIGH,exact normalized serial
Data Setting Penghantar UPT DKSBI.xlsx,DIST,123,f0ba5b0036e47fb050940334d394bb217cdf81dcbdeea63e562db5b25048167c,2026-08-21,LCD+DIST,DIST,DIST,GRADED,PHT.113,ULTG CITRA RAYA,GIS 150kV LONTAR,PHT 150kV TANGERANG BARU#2,#2,3000/1,150 kV/100 V,MPU,GE,MICOM P546,36265525/12/22,NUMERIK,,,SERIAL|36265525/12/22,HIGH,exact normalized serial
Data Setting Penghantar UPT DKSBI.xlsx,DIST,124,f0ba5b0036e47fb050940334d394bb217cdf81dcbdeea63e562db5b25048167c,2026-08-21,LCD+DIST,DIST,DIST,GRADED,PHT.114,ULTG DURIKOSAMBI,GI 150kV CENGKARENG,PHT 150kV DURIKOSAMBI#1,#1,2000/5,150 kV/100 V,MPU,GE,MICOM P545,36039278/03/22,NUMERIK,,,SERIAL|36039278/03/22,HIGH,exact normalized serial
Data Setting Penghantar UPT DKSBI.xlsx,DIST,125,f0ba5b0036e47fb050940334d394bb217cdf81dcbdeea63e562db5b25048167c,2026-08-21,LCD+DIST,DIST,DIST,GRADED,PHT.115,ULTG DURIKOSAMBI,GI 150kV CENGKARENG,PHT 150kV DURIKOSAMBI#2,#2,2000/5,150 kV/100 V,MPU,GE,MICOM P545,36039283/03/22,NUMERIK,,,SERIAL|36039283/03/22,HIGH,exact normalized serial
Data Setting Penghantar UPT DKSBI.xlsx,DIST,126,f0ba5b0036e47fb050940334d394bb217cdf81dcbdeea63e562db5b25048167c,2026-08-21,LCD+DIST,DIST,DIST,GRADED,PHT.116,ULTG DURIKOSAMBI,GI 150kV CENGKARENG,PHT 150kV CENGKARENG BARU#1,#1,4000/5,150 kV/100 V,MPU,AREVA,MICOM P545,3379381/07/10,NUMERIK,2012.0,,SERIAL|3379381/07/10,HIGH,exact normalized serial
Data Setting Penghantar UPT DKSBI.xlsx,DIST,127,f0ba5b0036e47fb050940334d394bb217cdf81dcbdeea63e562db5b25048167c,2026-08-21,LCD+DIST,DIST,DIST,GRADED,PHT.117,ULTG DURIKOSAMBI,GI 150kV CENGKARENG,PHT 150kV CENGKARENG BARU#2,#2,3000/5,150 kV/100 V,MPU,AREVA,MICOM P545,3379382/05/09,NUMERIK,2011.0,,SERIAL|3379382/05/09,HIGH,exact normalized serial
Data Setting Penghantar UPT DKSBI.xlsx,DIST,128,f0ba5b0036e47fb050940334d394bb217cdf81dcbdeea63e562db5b25048167c,2026-08-21,LCD+DIST,DIST,DIST,GRADED,PHT.118,ULTG DURIKOSAMBI,GI 150kV CENGKARENG,PHT 150kV TANGERANG#1,#1,2000/5,150 kV/100 V,MPU,SIEMENS,7SL87,BM1911005993,NUMERIK,2021.0,,SERIAL|BM1911005993,HIGH,exact normalized serial
Data Setting Penghantar UPT DKSBI.xlsx,DIST,129,f0ba5b0036e47fb050940334d394bb217cdf81dcbdeea63e562db5b25048167c,2026-08-21,LCD+DIST,DIST,DIST,GRADED,PHT.119,ULTG DURIKOSAMBI,GI 150kV CENGKARENG,PHT 150kV TANGERANG#2,#2,2000/5,150 kV/100 V,MPU,SIEMENS,7SL87,BM1911005990,NUMERIK,2021.0,,SERIAL|BM1911005990,HIGH,exact normalized serial
Data Setting Penghantar UPT DKSBI.xlsx,DIST,130,f0ba5b0036e47fb050940334d394bb217cdf81dcbdeea63e562db5b25048167c,2026-08-21,LCD+DIST,DIST,DIST,GRADED,PHT.120,ULTG DURIKOSAMBI,GI 150kV CENGKARENG BARU,PHT 150kV BANDARA SOEKARNO HATTA#1,#1,1000/1,150 kV/100 V,MPU,Siemens,7SL87,,NUMERIK,2019.0,,ASSET|GI 150KV CENGKARENG BARU|PHT 150KV BANDARA SOEKARNO HATTA#1|#1|SIEMENS|7SL87|MPU,MEDIUM,exact normalized asset attributes
Data Setting Penghantar UPT DKSBI.xlsx,DIST,131,f0ba5b0036e47fb050940334d394bb217cdf81dcbdeea63e562db5b25048167c,2026-08-21,LCD+DIST,DIST,DIST,GRADED,PHT.121,ULTG DURIKOSAMBI,GI 150kV CENGKARENG BARU,PHT 150kV BANDARA SOEKARNO HATTA#2,#2,1000/1,150 kV/100 V,MPU,Siemens,7SL87,,NUMERIK,2019.0,,ASSET|GI 150KV CENGKARENG BARU|PHT 150KV BANDARA SOEKARNO HATTA#2|#2|SIEMENS|7SL87|MPU,MEDIUM,exact normalized asset attributes
Data Setting Penghantar UPT DKSBI.xlsx,DIST,132,f0ba5b0036e47fb050940334d394bb217cdf81dcbdeea63e562db5b25048167c,2026-08-21,LCD+DIST,DIST,DIST,GRADED,PHT.122,ULTG DURIKOSAMBI,GI 150kV CENGKARENG BARU,PHT 150kV CENGKARENG#1,#1,4000/1,150 kV/100 V,MPU,ALSTOM,MICOM P545,33980376/02/17,NUMERIK,2018.0,,SERIAL|33980376/02/17,HIGH,exact normalized serial
Data Setting Penghantar UPT DKSBI.xlsx,DIST,133,f0ba5b0036e47fb050940334d394bb217cdf81dcbdeea63e562db5b25048167c,2026-08-21,LCD+DIST,DIST,DIST,GRADED,PHT.123,ULTG DURIKOSAMBI,GI 150kV CENGKARENG BARU,PHT 150kV CENGKARENG#2,#2,4000/1,150 kV/100 V,MPU,ALSTOM,MICOM P545,33980375/02/17,NUMERIK,2018.0,,SERIAL|33980375/02/17,HIGH,exact normalized serial
Data Setting Penghantar UPT DKSBI.xlsx,DIST,134,f0ba5b0036e47fb050940334d394bb217cdf81dcbdeea63e562db5b25048167c,2026-08-21,LCD+DIST,DIST,DIST,GRADED,PHT.124,ULTG DURIKOSAMBI,GI 150kV CENGKARENG BARU,PHT 150kV ITS,#1,4000/1,150 kV/100 V,MPU,ALSTOM,MICOM P545,33980378/02/17,NUMERIK,2018.0,,SERIAL|33980378/02/17,HIGH,exact normalized serial
Data Setting Penghantar UPT DKSBI.xlsx,DIST,135,f0ba5b0036e47fb050940334d394bb217cdf81dcbdeea63e562db5b25048167c,2026-08-21,LCD+DIST,DIST,DIST,GRADED,PHT.125,ULTG DURIKOSAMBI,GI 150kV CENGKARENG BARU,PHT 150kV TANGERANG BARU,#1,4000/1,150 kV/100 V,MPU,ALSTOM,MICOM P545,33980371/02/17,NUMERIK,2018.0,,SERIAL|33980371/02/17,HIGH,exact normalized serial
Data Setting Penghantar UPT DKSBI.xlsx,DIST,136,f0ba5b0036e47fb050940334d394bb217cdf81dcbdeea63e562db5b25048167c,2026-08-21,LCD+DIST,DIST,DIST,GRADED,PHT.126,ULTG DURIKOSAMBI,GI 150kV CILEDUG,PHT 150kV ALAM SUTERA#1,#1,3000/1,150 kV/100 V,MPU,ALSTOM,MICOM P543,32069227/02/12,NUMERIK,2015.0,,SERIAL|32069227/02/12,HIGH,exact normalized serial
Data Setting Penghantar UPT DKSBI.xlsx,DIST,137,f0ba5b0036e47fb050940334d394bb217cdf81dcbdeea63e562db5b25048167c,2026-08-21,LCD+DIST,DIST,DIST,GRADED,PHT.127,ULTG DURIKOSAMBI,GI 150kV CILEDUG,PHT 150kV ALAM SUTERA#2,#2,2000/1,150 kV/100 V,MPU,ALSTOM,MICOM P545,34665003/12/18,NUMERIK,2020.0,,SERIAL|34665003/12/18,HIGH,exact normalized serial
Data Setting Penghantar UPT DKSBI.xlsx,DIST,138,f0ba5b0036e47fb050940334d394bb217cdf81dcbdeea63e562db5b25048167c,2026-08-21,LCD+DIST,DIST,DIST,GRADED,PHT.128,ULTG DURIKOSAMBI,GI 150kV CILEDUG,PHT 150kV METLAND#1,#1,3200/1,150 kV/100 V,MPU,ALSTOM,MICOM P545,34486736/06/18,NUMERIK,2019.0,,SERIAL|34486736/06/18,HIGH,exact normalized serial
Data Setting Penghantar UPT DKSBI.xlsx,DIST,139,f0ba5b0036e47fb050940334d394bb217cdf81dcbdeea63e562db5b25048167c,2026-08-21,LCD+DIST,DIST,DIST,GRADED,PHT.129,ULTG DURIKOSAMBI,GI 150kV CILEDUG,PHT 150kV METLAND#2,#2,2000/1,150 kV/100 V,MPU,ALSTOM,MICOM P545,34721257/02/19,NUMERIK,2019.0,,SERIAL|34721257/02/19,HIGH,exact normalized serial
Data Setting Penghantar UPT DKSBI.xlsx,DIST,140,f0ba5b0036e47fb050940334d394bb217cdf81dcbdeea63e562db5b25048167c,2026-08-21,LCD+DIST,DIST,DIST,GRADED,PHT.130,ULTG DURIKOSAMBI,GI 150kV DURIKOSAMBI,PHT 150kV CENGKARENG#1,#1,2000/5,150 kV/100 V,MPU,GE,MICOM P545,36039279/03/22,NUMERIK,,,SERIAL|36039279/03/22,HIGH,exact normalized serial
Data Setting Penghantar UPT DKSBI.xlsx,DIST,141,f0ba5b0036e47fb050940334d394bb217cdf81dcbdeea63e562db5b25048167c,2026-08-21,LCD+DIST,DIST,DIST,GRADED,PHT.131,ULTG DURIKOSAMBI,GI 150kV DURIKOSAMBI,PHT 150kV CENGKARENG#2,#2,2000/5,150 kV/100 V,MPU,GE,MICOM P545,36039282/03/22,NUMERIK,,,SERIAL|36039282/03/22,HIGH,exact normalized serial
Data Setting Penghantar UPT DKSBI.xlsx,DIST,142,f0ba5b0036e47fb050940334d394bb217cdf81dcbdeea63e562db5b25048167c,2026-08-21,LCD+DIST,DIST,DIST,GRADED,PHT.132,ULTG DURIKOSAMBI,GI 150kV DURIKOSAMBI,PHT 150kV LMK,#1,1000/5,150 kV/100 V,MPU,ALSTOM,MICOM P443,34486778/06/18,NUMERIK,2019.0,,SERIAL|34486778/06/18,HIGH,exact normalized serial
Data Setting Penghantar UPT DKSBI.xlsx,DIST,143,f0ba5b0036e47fb050940334d394bb217cdf81dcbdeea63e562db5b25048167c,2026-08-21,LCD+DIST,DIST,DIST,GRADED,PHT.133,ULTG DURIKOSAMBI,GI 150kV DURIKOSAMBI,PHT 150kV GROGOL BARU#1,#1,1600/5,150 kV/100 V,MPU,SIEMENS,7SL87,BM1809009344,NUMERIK,2019.0,,SERIAL|BM1809009344,HIGH,exact normalized serial
Data Setting Penghantar UPT DKSBI.xlsx,DIST,144,f0ba5b0036e47fb050940334d394bb217cdf81dcbdeea63e562db5b25048167c,2026-08-21,LCD+DIST,DIST,DIST,GRADED,PHT.134,ULTG DURIKOSAMBI,GI 150kV DURIKOSAMBI,PHT 150kV GROGOL BARU#2,#2,1600/5,150 kV/100 V,MPU,SIEMENS,7SL87,BM1909000272,NUMERIK,2020.0,,SERIAL|BM1909000272,HIGH,exact normalized serial
Data Setting Penghantar UPT DKSBI.xlsx,DIST,145,f0ba5b0036e47fb050940334d394bb217cdf81dcbdeea63e562db5b25048167c,2026-08-21,LCD+DIST,DIST,DIST,GRADED,PHT.135,ULTG DURIKOSAMBI,GI 150kV DURIKOSAMBI,PHT 150kV KEBON JERUK#1,#1,4000/5,150 kV/100 V,MPU,ALSTOM,MICOM P545,34483353/06/18,NUMERIK,2019.0,,SERIAL|34483353/06/18,HIGH,exact normalized serial
Data Setting Penghantar UPT DKSBI.xlsx,DIST,146,f0ba5b0036e47fb050940334d394bb217cdf81dcbdeea63e562db5b25048167c,2026-08-21,LCD+DIST,DIST,DIST,GRADED,PHT.136,ULTG DURIKOSAMBI,GI 150kV DURIKOSAMBI,PHT 150kV KEBON JERUK#2,#2,2000/5,150 kV/100 V,MPU,ALSTOM,MICOM P545,34482260/06/18,NUMERIK,2019.0,,SERIAL|34482260/06/18,HIGH,exact normalized serial
Data Setting Penghantar UPT DKSBI.xlsx,DIST,147,f0ba5b0036e47fb050940334d394bb217cdf81dcbdeea63e562db5b25048167c,2026-08-21,LCD+DIST,DIST,DIST,GRADED,PHT.137,ULTG DURIKOSAMBI,GI 150kV DURIKOSAMBI,PHT 150kV KEMBANGAN#1,#1,1000/5,150 kV/100 V,MPU,ALSTOM,MICOM P545,33081355/10/14,NUMERIK,2018.0,,SERIAL|33081355/10/14,HIGH,exact normalized serial
Data Setting Penghantar UPT DKSBI.xlsx,DIST,148,f0ba5b0036e47fb050940334d394bb217cdf81dcbdeea63e562db5b25048167c,2026-08-21,LCD+DIST,DIST,DIST,GRADED,PHT.138,ULTG DURIKOSAMBI,GI 150kV DURIKOSAMBI,PHT 150kV KEMBANGAN#2,#2,1000/5,150 kV/100 V,MPU,ALSTOM,MICOM P546,33081360/10/14,NUMERIK,2018.0,,SERIAL|33081360/10/14,HIGH,exact normalized serial
Data Setting Penghantar UPT DKSBI.xlsx,DIST,149,f0ba5b0036e47fb050940334d394bb217cdf81dcbdeea63e562db5b25048167c,2026-08-21,LCD+DIST,DIST,DIST,GRADED,PHT.139,ULTG DURIKOSAMBI,GI 150kV DURIKOSAMBI,PHT 150kV DAAN MOGOT#1,#1,3000/5,150 kV/100 V,MPU,ABB,RED670,T1645095,NUMERIK,2020.0,,SERIAL|T1645095,HIGH,exact normalized serial
Data Setting Penghantar UPT DKSBI.xlsx,DIST,150,f0ba5b0036e47fb050940334d394bb217cdf81dcbdeea63e562db5b25048167c,2026-08-21,LCD+DIST,DIST,DIST,GRADED,PHT.140,ULTG DURIKOSAMBI,GI 150kV DURIKOSAMBI,PHT 150kV DAAN MOGOT#2,#2,4000/5,150 kV/100 V,MPU,ABB,RED670,T1645094,NUMERIK,2020.0,,SERIAL|T1645094,HIGH,exact normalized serial
Data Setting Penghantar UPT DKSBI.xlsx,DIST,151,f0ba5b0036e47fb050940334d394bb217cdf81dcbdeea63e562db5b25048167c,2026-08-21,LCD+DIST,DIST,DIST,GRADED,PHT.141,ULTG DURIKOSAMBI,GI 150kV TANGERANG,PHT 150kV CENGKARENG#1,#1,2000/5,150 kV/100 V,MPU,SIEMENS,7SL87,BM1911005996,NUMERIK,2021.0,,SERIAL|BM1911005996,HIGH,exact normalized serial
Data Setting Penghantar UPT DKSBI.xlsx,DIST,152,f0ba5b0036e47fb050940334d394bb217cdf81dcbdeea63e562db5b25048167c,2026-08-21,LCD+DIST,DIST,DIST,GRADED,PHT.142,ULTG DURIKOSAMBI,GI 150kV TANGERANG,PHT 150kV CENGKARENG#2,#2,2000/5,150 kV/100 V,MPU,SIEMENS,7SL87,BM1911005987,NUMERIK,2021.0,,SERIAL|BM1911005987,HIGH,exact normalized serial
Data Setting Penghantar UPT DKSBI.xlsx,DIST,153,f0ba5b0036e47fb050940334d394bb217cdf81dcbdeea63e562db5b25048167c,2026-08-21,LCD+DIST,DIST,DIST,GRADED,PHT.143,ULTG DURIKOSAMBI,GI 150kV TANGERANG,PHT 150kV JATAKE BARU#1,#1,2000/5,150 kV/100 V,MPU,NR,PCS-931,NRJB20155119B0560,NUMERIK,2021.0,,SERIAL|NRJB20155119B0560,HIGH,exact normalized serial
Data Setting Penghantar UPT DKSBI.xlsx,DIST,154,f0ba5b0036e47fb050940334d394bb217cdf81dcbdeea63e562db5b25048167c,2026-08-21,LCD+DIST,DIST,DIST,GRADED,PHT.144,ULTG DURIKOSAMBI,GI 150kV TANGERANG,PHT 150kV JATAKE BARU#2,#2,2000/5,150 kV/100 V,MPU,NR,PCS-931,NRJB20155119B0570,NUMERIK,2021.0,,SERIAL|NRJB20155119B0570,HIGH,exact normalized serial
Data Setting Penghantar UPT DKSBI.xlsx,DIST,155,f0ba5b0036e47fb050940334d394bb217cdf81dcbdeea63e562db5b25048167c,2026-08-21,LCD+DIST,DIST,DIST,GRADED,PHT.145,ULTG DURIKOSAMBI,GIS 150kV ALAM SUTERA,PHT 150kV CILEDUG#1,#1,4000/1,150 kV/100 V,MPU,ALSTOM,MICOM P543,32069229/02/12,NUMERIK,2014.0,,SERIAL|32069229/02/12,HIGH,exact normalized serial
Data Setting Penghantar UPT DKSBI.xlsx,DIST,156,f0ba5b0036e47fb050940334d394bb217cdf81dcbdeea63e562db5b25048167c,2026-08-21,LCD+DIST,DIST,DIST,GRADED,PHT.146,ULTG DURIKOSAMBI,GIS 150kV ALAM SUTERA,PHT 150kV CILEDUG#2,#2,2000/1,150 kV/100 V,MPU,ALSTOM,MICOM P545,34486819/06/18,NUMERIK,2020.0,,SERIAL|34486819/06/18,HIGH,exact normalized serial
Data Setting Penghantar UPT DKSBI.xlsx,DIST,157,f0ba5b0036e47fb050940334d394bb217cdf81dcbdeea63e562db5b25048167c,2026-08-21,LCD+DIST,DIST,DIST,GRADED,PHT.147,ULTG DURIKOSAMBI,GIS 150kV ALAM SUTERA,PHT 150kV SUMMARECON GADING SERPONG#1,#1,2000/1,150 kV/100 V,MPU,ABB,RED670,T1809136,NUMERIK,2019.0,,SERIAL|T1809136,HIGH,exact normalized serial
Data Setting Penghantar UPT DKSBI.xlsx,DIST,158,f0ba5b0036e47fb050940334d394bb217cdf81dcbdeea63e562db5b25048167c,2026-08-21,LCD+DIST,DIST,DIST,GRADED,PHT.148,ULTG DURIKOSAMBI,GIS 150kV ALAM SUTERA,PHT 150kV SUMMARECON GADING SERPONG#2,#2,2000/1,150 kV/100 V,MPU,ABB,RED670,T1809137,NUMERIK,2019.0,,SERIAL|T1809137,HIGH,exact normalized serial
Data Setting Penghantar UPT DKSBI.xlsx,DIST,159,f0ba5b0036e47fb050940334d394bb217cdf81dcbdeea63e562db5b25048167c,2026-08-21,LCD+DIST,DIST,DIST,GRADED,PHT.149,ULTG DURIKOSAMBI,GIS 150kV KEMBANGAN,PHT 150kV METLAND#1,#1,3200/5,150 kV/100 V,MPU,SIEMENS,7SL87,BM1802009731,NUMERIK,2019.0,,SERIAL|BM1802009731,HIGH,exact normalized serial
Data Setting Penghantar UPT DKSBI.xlsx,DIST,160,f0ba5b0036e47fb050940334d394bb217cdf81dcbdeea63e562db5b25048167c,2026-08-21,LCD+DIST,DIST,DIST,GRADED,PHT.150,ULTG DURIKOSAMBI,GIS 150kV KEMBANGAN,PHT 150kV METLAND#2,#2,3200/5,150 kV/100 V,MPU,SIEMENS,7SL87,BM1801000462,NUMERIK,2019.0,,SERIAL|BM1801000462,HIGH,exact normalized serial
Data Setting Penghantar UPT DKSBI.xlsx,DIST,161,f0ba5b0036e47fb050940334d394bb217cdf81dcbdeea63e562db5b25048167c,2026-08-21,LCD+DIST,DIST,DIST,GRADED,PHT.151,ULTG DURIKOSAMBI,GIS 150kV KEMBANGAN,PHT 150kV DURIKOSAMBI#1,#1,1000/5,150 kV/100 V,MPU,ALSTOM,MICOM P545,33081356/10/14,NUMERIK,2018.0,,SERIAL|33081356/10/14,HIGH,exact normalized serial
Data Setting Penghantar UPT DKSBI.xlsx,DIST,162,f0ba5b0036e47fb050940334d394bb217cdf81dcbdeea63e562db5b25048167c,2026-08-21,LCD+DIST,DIST,DIST,GRADED,PHT.152,ULTG DURIKOSAMBI,GIS 150kV KEMBANGAN,PHT 150kV DURIKOSAMBI#2,#2,1000/5,150 kV/100 V,MPU,ALSTOM,MICOM P546,33081359/10/14,NUMERIK,2018.0,,SERIAL|33081359/10/14,HIGH,exact normalized serial
Data Setting Penghantar UPT DKSBI.xlsx,DIST,163,f0ba5b0036e47fb050940334d394bb217cdf81dcbdeea63e562db5b25048167c,2026-08-21,LCD+DIST,DIST,DIST,GRADED,PHT.153,ULTG DURIKOSAMBI,GIS 150kV KEMBANGAN,PHT 150kV NEW SENAYAN#1,#1,1000/5,150 kV/100 V,MPU,GE,MICOM P546,,NUMERIK,2025.0,,ASSET|GIS 150KV KEMBANGAN|PHT 150KV NEW SENAYAN#1|#1|GE|MICOM P546|MPU,MEDIUM,exact normalized asset attributes
Data Setting Penghantar UPT DKSBI.xlsx,DIST,164,f0ba5b0036e47fb050940334d394bb217cdf81dcbdeea63e562db5b25048167c,2026-08-21,LCD+DIST,DIST,DIST,GRADED,PHT.154,ULTG DURIKOSAMBI,GIS 150kV KEMBANGAN,PHT 150kV NEW SENAYAN#2,#2,1000/5,150 kV/100 V,MPU,GE,MICOM P546,,NUMERIK,2025.0,,ASSET|GIS 150KV KEMBANGAN|PHT 150KV NEW SENAYAN#2|#2|GE|MICOM P546|MPU,MEDIUM,exact normalized asset attributes
Data Setting Penghantar UPT DKSBI.xlsx,DIST,165,f0ba5b0036e47fb050940334d394bb217cdf81dcbdeea63e562db5b25048167c,2026-08-21,LCD+DIST,DIST,DIST,GRADED,PHT.155,ULTG DURIKOSAMBI,GIS 150kV KEMBANGAN,PHT 150kV PETUKANGAN#1,#1,2000/5,150 kV/100 V,MPU,NR,PCS-931,,NUMERIK,2019.0,,ASSET|GIS 150KV KEMBANGAN|PHT 150KV PETUKANGAN#1|#1|NR|PCS-931|MPU,MEDIUM,exact normalized asset attributes
Data Setting Penghantar UPT DKSBI.xlsx,DIST,166,f0ba5b0036e47fb050940334d394bb217cdf81dcbdeea63e562db5b25048167c,2026-08-21,LCD+DIST,DIST,DIST,GRADED,PHT.156,ULTG DURIKOSAMBI,GIS 150kV KEMBANGAN,PHT 150kV PETUKANGAN#2,#2,2000/5,150 kV/100 V,MPU,NR,PCS-931,,NUMERIK,2019.0,,ASSET|GIS 150KV KEMBANGAN|PHT 150KV PETUKANGAN#2|#2|NR|PCS-931|MPU,MEDIUM,exact normalized asset attributes
Data Setting Penghantar UPT DKSBI.xlsx,DIST,167,f0ba5b0036e47fb050940334d394bb217cdf81dcbdeea63e562db5b25048167c,2026-08-21,LCD+DIST,DIST,DIST,GRADED,PHT.157,ULTG DURIKOSAMBI,GIS 150kV METLAND,PHT 150kV KEMBANGAN#1,#1,2000/1,150 kV/100 V,MPU,SIEMENS,7SL87,BM1802009734,NUMERIK,2022.0,,SERIAL|BM1802009734,HIGH,exact normalized serial
Data Setting Penghantar UPT DKSBI.xlsx,DIST,168,f0ba5b0036e47fb050940334d394bb217cdf81dcbdeea63e562db5b25048167c,2026-08-21,LCD+DIST,DIST,DIST,GRADED,PHT.158,ULTG DURIKOSAMBI,GIS 150kV METLAND,PHT 150kV KEMBANGAN#2,#2,2000/1,150 kV/100 V,MPU,SIEMENS,7SL87,BM1801000459,NUMERIK,2022.0,,SERIAL|BM1801000459,HIGH,exact normalized serial
Data Setting Penghantar UPT DKSBI.xlsx,DIST,169,f0ba5b0036e47fb050940334d394bb217cdf81dcbdeea63e562db5b25048167c,2026-08-21,LCD+DIST,DIST,DIST,GRADED,PHT.159,ULTG DURIKOSAMBI,GIS 150kV METLAND,PHT 150kV CILEDUG#1,#1,2000/1,150 kV/100 V,MPU,ALSTOM,MICOM P545,34486820/06/18,NUMERIK,2022.0,,SERIAL|34486820/06/18,HIGH,exact normalized serial
Data Setting Penghantar UPT DKSBI.xlsx,DIST,170,f0ba5b0036e47fb050940334d394bb217cdf81dcbdeea63e562db5b25048167c,2026-08-21,LCD+DIST,DIST,DIST,GRADED,PHT.160,ULTG DURIKOSAMBI,GIS 150kV METLAND,PHT 150kV CILEDUG#2,#2,2000/1,150 kV/100 V,MPU,ALSTOM,MICOM P545,34486817.0,NUMERIK,2022.0,,SERIAL|34486817,HIGH,exact normalized serial
Data Setting Penghantar UPT DKSBI.xlsx,DIST,171,f0ba5b0036e47fb050940334d394bb217cdf81dcbdeea63e562db5b25048167c,2026-08-21,LCD+DIST,DIST,DIST,GRADED,PHT.161,ULTG DURIKOSAMBI,GIS 150kV SUMMARECON GADING SERPONG,PHT 150kV ALAM SUTERA#1,#1,2000/1,150 kV/100 V,MPU,ABB,RED670,T1809138,NUMERIK,2019.0,,SERIAL|T1809138,HIGH,exact normalized serial
Data Setting Penghantar UPT DKSBI.xlsx,DIST,172,f0ba5b0036e47fb050940334d394bb217cdf81dcbdeea63e562db5b25048167c,2026-08-21,LCD+DIST,DIST,DIST,GRADED,PHT.162,ULTG DURIKOSAMBI,GIS 150kV SUMMARECON GADING SERPONG,PHT 150kV ALAM SUTERA#2,#2,2000/1,150 kV/100 V,MPU,ABB,RED670,T1809135,NUMERIK,2019.0,,SERIAL|T1809135,HIGH,exact normalized serial
Data Setting Penghantar UPT DKSBI.xlsx,DIST,173,f0ba5b0036e47fb050940334d394bb217cdf81dcbdeea63e562db5b25048167c,2026-08-21,LCD+DIST,DIST,DIST,GRADED,PHT.163,ULTG DURIKOSAMBI,GIS 150kV SUMMARECON GADING SERPONG,PHT 150kV CURUG#1,#1,2000/1,150 kV/100 V,MPU,ALSTOM,MICOM P545,34486822/06/18,NUMERIK,2019.0,,SERIAL|34486822/06/18,HIGH,exact normalized serial
Data Setting Penghantar UPT DKSBI.xlsx,DIST,174,f0ba5b0036e47fb050940334d394bb217cdf81dcbdeea63e562db5b25048167c,2026-08-21,LCD+DIST,DIST,DIST,GRADED,PHT.164,ULTG DURIKOSAMBI,GIS 150kV SUMMARECON GADING SERPONG,PHT 150kV CURUG#2,#2,2000/1,150 kV/100 V,MPU,ALSTOM,MICOM P545,34486818/06/18,NUMERIK,2019.0,,SERIAL|34486818/06/18,HIGH,exact normalized serial
Data Setting Penghantar UPT DKSBI.xlsx,DIST,175,f0ba5b0036e47fb050940334d394bb217cdf81dcbdeea63e562db5b25048167c,2026-08-21,LCD+DIST,DIST,DIST,GRADED,PHT.165,ULTG DURIKOSAMBI,GISTET 500kV DURIKOSAMBI,PHT 500kV GANDUL#1,#1,4000/1,500 kV/100 V,MPU-A,TOSHIBA,GRL 200,VNT0682FM0001-1,NUMERIK,2020.0,,SERIAL|VNT0682FM0001-1,HIGH,exact normalized serial
Data Setting Penghantar UPT DKSBI.xlsx,DIST,176,f0ba5b0036e47fb050940334d394bb217cdf81dcbdeea63e562db5b25048167c,2026-08-21,LCD+DIST,DIST,DIST,GRADED,PHT.166,ULTG DURIKOSAMBI,GISTET 500kV DURIKOSAMBI,PHT 500kV KEMBANGAN#2,#2,4000/1,500 kV/100 V,MPU-A,TOSHIBA,GRL 200,VNT0682FM0001-2,NUMERIK,2020.0,,SERIAL|VNT0682FM0001-2,HIGH,exact normalized serial
Data Setting Penghantar UPT DKSBI.xlsx,DIST,177,f0ba5b0036e47fb050940334d394bb217cdf81dcbdeea63e562db5b25048167c,2026-08-21,LCD+DIST,DIST,DIST,GRADED,PHT.167,ULTG DURIKOSAMBI,GISTET 500kV DURIKOSAMBI,PHT 500kV MUARAKARANG#1,#1,4000/1,500 kV/100 V,MPU-A,ABB,RED670,T2136181,NUMERIK,,,SERIAL|T2136181,HIGH,exact normalized serial
Data Setting Penghantar UPT DKSBI.xlsx,DIST,178,f0ba5b0036e47fb050940334d394bb217cdf81dcbdeea63e562db5b25048167c,2026-08-21,LCD+DIST,DIST,DIST,GRADED,PHT.168,ULTG DURIKOSAMBI,GISTET 500kV DURIKOSAMBI,PHT 500kV MUARAKARANG#2,#2,4000/1,500 kV/100 V,MPU-A,ABB,RED670,T2136163,NUMERIK,,,SERIAL|T2136163,HIGH,exact normalized serial
Data Setting Penghantar UPT DKSBI.xlsx,DIST,179,f0ba5b0036e47fb050940334d394bb217cdf81dcbdeea63e562db5b25048167c,2026-08-21,LCD+DIST,DIST,DIST,GRADED,PHT.169,ULTG DURIKOSAMBI,GISTET 500kV DURIKOSAMBI,PHT 500kV GANDUL#1,#1,4000/1,500 kV/100 V,MPU-B,NR,PCS-931,NRJB20155116B0350,NUMERIK,2020.0,,SERIAL|NRJB20155116B0350,HIGH,exact normalized serial
Data Setting Penghantar UPT DKSBI.xlsx,DIST,180,f0ba5b0036e47fb050940334d394bb217cdf81dcbdeea63e562db5b25048167c,2026-08-21,LCD+DIST,DIST,DIST,GRADED,PHT.170,ULTG DURIKOSAMBI,GISTET 500kV DURIKOSAMBI,PHT 500kV KEMBANGAN#2,#2,4000/1,500 kV/100 V,MPU-B,SIEMENS,7SL87,BM1801010766,NUMERIK,2020.0,,SERIAL|BM1801010766,HIGH,exact normalized serial
Data Setting Penghantar UPT DKSBI.xlsx,DIST,181,f0ba5b0036e47fb050940334d394bb217cdf81dcbdeea63e562db5b25048167c,2026-08-21,LCD+DIST,DIST,DIST,GRADED,PHT.171,ULTG DURIKOSAMBI,GISTET 500kV DURIKOSAMBI,PHT 500kV MUARAKARANG#1,#1,4000/1,500 kV/100 V,MPU-B,SIEMENS,7SL87,BM2110007778,NUMERIK,,,SERIAL|BM2110007778,HIGH,exact normalized serial
Data Setting Penghantar UPT DKSBI.xlsx,DIST,182,f0ba5b0036e47fb050940334d394bb217cdf81dcbdeea63e562db5b25048167c,2026-08-21,LCD+DIST,DIST,DIST,GRADED,PHT.172,ULTG DURIKOSAMBI,GISTET 500kV DURIKOSAMBI,PHT 500kV MUARAKARANG#2,#2,4000/1,500 kV/100 V,MPU-B,SIEMENS,7SL87,BM2110007773,NUMERIK,,,SERIAL|BM2110007773,HIGH,exact normalized serial
Data Setting Penghantar UPT DKSBI.xlsx,DIST,183,f0ba5b0036e47fb050940334d394bb217cdf81dcbdeea63e562db5b25048167c,2026-08-21,LCD+DIST,DIST,DIST,GRADED,PHT.173,ULTG DURIKOSAMBI,GISTET 500kV KEMBANGAN,PHT 500kV DURIKOSAMBI#1,#1,4000/1,500 kV/100 V,MPU-A,TOSHIBA,GRL 200,VNT0605FM0001-1,NUMERIK,,,SERIAL|VNT0605FM0001-1,HIGH,exact normalized serial
Data Setting Penghantar UPT DKSBI.xlsx,DIST,184,f0ba5b0036e47fb050940334d394bb217cdf81dcbdeea63e562db5b25048167c,2026-08-21,LCD+DIST,DIST,DIST,GRADED,PHT.174,ULTG DURIKOSAMBI,GISTET 500kV KEMBANGAN,PHT 500kV DURIKOSAMBI#2,#2,4000/1,500 kV/100 V,MPU-A,TOSHIBA,GRL 200,VNT0605FM0001-2,NUMERIK,2020.0,,SERIAL|VNT0605FM0001-2,HIGH,exact normalized serial
Data Setting Penghantar UPT DKSBI.xlsx,DIST,185,f0ba5b0036e47fb050940334d394bb217cdf81dcbdeea63e562db5b25048167c,2026-08-21,LCD+DIST,DIST,DIST,GRADED,PHT.175,ULTG DURIKOSAMBI,GISTET 500kV KEMBANGAN,PHT 500kV BALARAJA#1,#1,4000/1,500 kV/100 V,MPU-A,SIEMENS,7SL87,BM1801010778,NUMERIK,2022.0,,SERIAL|BM1801010778,HIGH,exact normalized serial
Data Setting Penghantar UPT DKSBI.xlsx,DIST,186,f0ba5b0036e47fb050940334d394bb217cdf81dcbdeea63e562db5b25048167c,2026-08-21,LCD+DIST,DIST,DIST,GRADED,PHT.176,ULTG DURIKOSAMBI,GISTET 500kV KEMBANGAN,PHT 500kV BALARAJA#2,#2,4000/1,500 kV/100 V,MPU-A,SIEMENS,7SL87,BM1801010762,NUMERIK,2022.0,,SERIAL|BM1801010762,HIGH,exact normalized serial
Data Setting Penghantar UPT DKSBI.xlsx,DIST,187,f0ba5b0036e47fb050940334d394bb217cdf81dcbdeea63e562db5b25048167c,2026-08-21,LCD+DIST,DIST,DIST,GRADED,PHT.177,ULTG DURIKOSAMBI,GISTET 500kV KEMBANGAN,PHT 500kV GANDUL#1,#1,2000/1,500 kV/100 V,MPU-A,TOSHIBA,GRL 200,VNT0773FM0001-1,NUMERIK,2019.0,,SERIAL|VNT0773FM0001-1,HIGH,exact normalized serial
Data Setting Penghantar UPT DKSBI.xlsx,DIST,188,f0ba5b0036e47fb050940334d394bb217cdf81dcbdeea63e562db5b25048167c,2026-08-21,LCD+DIST,DIST,DIST,GRADED,PHT.178,ULTG DURIKOSAMBI,GISTET 500kV KEMBANGAN,PHT 500kV GANDUL#2,#2,2000/1,500 kV/100 V,MPU-A,TOSHIBA,GRL 200,VNT0773FM0001-2,NUMERIK,2019.0,,SERIAL|VNT0773FM0001-2,HIGH,exact normalized serial
Data Setting Penghantar UPT DKSBI.xlsx,DIST,189,f0ba5b0036e47fb050940334d394bb217cdf81dcbdeea63e562db5b25048167c,2026-08-21,LCD+DIST,DIST,DIST,GRADED,PHT.179,ULTG DURIKOSAMBI,GISTET 500kV KEMBANGAN,PHT 500kV DURIKOSAMBI#1,#1,4000/1,500 kV/100 V,MPU-B,SIEMENS,7SL87,BM1801010448,NUMERIK,,,SERIAL|BM1801010448,HIGH,exact normalized serial
Data Setting Penghantar UPT DKSBI.xlsx,DIST,190,f0ba5b0036e47fb050940334d394bb217cdf81dcbdeea63e562db5b25048167c,2026-08-21,LCD+DIST,DIST,DIST,GRADED,PHT.180,ULTG DURIKOSAMBI,GISTET 500kV KEMBANGAN,PHT 500kV DURIKOSAMBI#2,#2,4000/1,500 kV/100 V,MPU-B,SIEMENS,7SL87,BM1801010453,NUMERIK,2020.0,,SERIAL|BM1801010453,HIGH,exact normalized serial
Data Setting Penghantar UPT DKSBI.xlsx,DIST,191,f0ba5b0036e47fb050940334d394bb217cdf81dcbdeea63e562db5b25048167c,2026-08-21,LCD+DIST,DIST,DIST,GRADED,PHT.181,ULTG DURIKOSAMBI,GISTET 500kV KEMBANGAN,PHT 500kV BALARAJA#1,#1,4000/1,500 kV/100 V,MPU-B,TOSHIBA,GRL 200,VNT0682 FM 001-3,NUMERIK,2022.0,,SERIAL|VNT0682 FM 001-3,HIGH,exact normalized serial
Data Setting Penghantar UPT DKSBI.xlsx,DIST,192,f0ba5b0036e47fb050940334d394bb217cdf81dcbdeea63e562db5b25048167c,2026-08-21,LCD+DIST,DIST,DIST,GRADED,PHT.182,ULTG DURIKOSAMBI,GISTET 500kV KEMBANGAN,PHT 500kV BALARAJA#2,#2,4000/1,500 kV/100 V,MPU-B,TOSHIBA,GRL 200,VNT0682 FM 001-6,NUMERIK,2022.0,,SERIAL|VNT0682 FM 001-6,HIGH,exact normalized serial
Data Setting Penghantar UPT DKSBI.xlsx,DIST,193,f0ba5b0036e47fb050940334d394bb217cdf81dcbdeea63e562db5b25048167c,2026-08-21,LCD+DIST,DIST,DIST,GRADED,PHT.183,ULTG DURIKOSAMBI,GISTET 500kV KEMBANGAN,PHT 500kV GANDUL#1,#1,2000/1,500 kV/100 V,MPU-B,NR,PCS-931,NRJB20155116B0340[FE4878],NUMERIK,2019.0,,SERIAL|NRJB20155116B0340[FE4878],HIGH,exact normalized serial
Data Setting Penghantar UPT DKSBI.xlsx,DIST,194,f0ba5b0036e47fb050940334d394bb217cdf81dcbdeea63e562db5b25048167c,2026-08-21,LCD+DIST,DIST,DIST,GRADED,PHT.184,ULTG DURIKOSAMBI,GISTET 500kV KEMBANGAN,PHT 500kV GANDUL#2,#2,2000/1,500 kV/100 V,MPU-B,NR,PCS-931,NRJB2015516B0310[EF4AA8],NUMERIK,2019.0,,SERIAL|NRJB2015516B0310[EF4AA8],HIGH,exact normalized serial
Data Setting Penghantar UPT DKSBI.xlsx,KAPASITOR,10,f0ba5b0036e47fb050940334d394bb217cdf81dcbdeea63e562db5b25048167c,2026-08-21,KAPASITOR,OCR_GFR,OCR_GFR,GRADED,,ULTG ANGKE,GI 150KV ANGKE,KAPASITOR SC,#1,,,OCR_GFR,Alstom,MiCom P142,,Numerik,2020.0,,ASSET|GI 150KV ANGKE|KAPASITOR SC|#1|ALSTOM|MICOM P142|OCR_GFR,MEDIUM,exact normalized asset attributes
Data Setting Penghantar UPT DKSBI.xlsx,KAPASITOR,10,f0ba5b0036e47fb050940334d394bb217cdf81dcbdeea63e562db5b25048167c,2026-08-21,KAPASITOR,UNBALANCE,CAP_UNBALANCE,REVIEW,,ULTG ANGKE,GI 150KV ANGKE,KAPASITOR SC,#1,,,UNBALANCE,Alstom,MiCom P14N,,Numerik,2020.0,,ASSET|GI 150KV ANGKE|KAPASITOR SC|#1|ALSTOM|MICOM P14N|UNBALANCE,MEDIUM,exact normalized asset attributes
Data Setting Penghantar UPT DKSBI.xlsx,KAPASITOR,10,f0ba5b0036e47fb050940334d394bb217cdf81dcbdeea63e562db5b25048167c,2026-08-21,KAPASITOR,UVR_OVR,UVR_OVR,REVIEW,,ULTG ANGKE,GI 150KV ANGKE,KAPASITOR SC,#1,,,UVR_OVR,Alstom,MiCom P94V,,Numerik,,,ASSET|GI 150KV ANGKE|KAPASITOR SC|#1|ALSTOM|MICOM P94V|UVR_OVR,MEDIUM,exact normalized asset attributes
Data Setting Penghantar UPT DKSBI.xlsx,KAPASITOR,11,f0ba5b0036e47fb050940334d394bb217cdf81dcbdeea63e562db5b25048167c,2026-08-21,KAPASITOR,OCR_GFR,OCR_GFR,GRADED,,ULTG ANGKE,GI 150KV ANGKE,KAPASITOR SC,#2,,,OCR_GFR,Alstom,MiCom P142,34421654/04/18,Numerik,,,SERIAL|34421654/04/18,HIGH,exact normalized serial
Data Setting Penghantar UPT DKSBI.xlsx,KAPASITOR,11,f0ba5b0036e47fb050940334d394bb217cdf81dcbdeea63e562db5b25048167c,2026-08-21,KAPASITOR,UNBALANCE,CAP_UNBALANCE,REVIEW,,ULTG ANGKE,GI 150KV ANGKE,KAPASITOR SC,#2,,,UNBALANCE,Alstom,MiCom P14N,344267/04/18,Numerik,,,SERIAL|344267/04/18,HIGH,exact normalized serial
Data Setting Penghantar UPT DKSBI.xlsx,KAPASITOR,11,f0ba5b0036e47fb050940334d394bb217cdf81dcbdeea63e562db5b25048167c,2026-08-21,KAPASITOR,UVR_OVR,UVR_OVR,REVIEW,,ULTG ANGKE,GI 150KV ANGKE,KAPASITOR SC,#2,,,UVR_OVR,Alstom,MiCom P94V,34423266/04/18,Numerik,,,SERIAL|34423266/04/18,HIGH,exact normalized serial
Data Setting Penghantar UPT DKSBI.xlsx,KAPASITOR,12,f0ba5b0036e47fb050940334d394bb217cdf81dcbdeea63e562db5b25048167c,2026-08-21,KAPASITOR,OCR_GFR,OCR_GFR,GRADED,,ULTG CITRA RAYA,GI 150KV JATAKE,KAPASITOR SC,#1,,,OCR_GFR,Siemens,7SJ63,BF1209066513,Numerik,,,SERIAL|BF1209066513,HIGH,exact normalized serial
Data Setting Penghantar UPT DKSBI.xlsx,KAPASITOR,12,f0ba5b0036e47fb050940334d394bb217cdf81dcbdeea63e562db5b25048167c,2026-08-21,KAPASITOR,UNBALANCE,CAP_UNBALANCE,REVIEW,,ULTG CITRA RAYA,GI 150KV JATAKE,KAPASITOR SC,#1,,,UNBALANCE,Siemens,7SR120,7SR21021AA870C0-CC,Numerik,,,SERIAL|7SR21021AA870C0-CC,HIGH,exact normalized serial
Data Setting Penghantar UPT DKSBI.xlsx,KAPASITOR,12,f0ba5b0036e47fb050940334d394bb217cdf81dcbdeea63e562db5b25048167c,2026-08-21,KAPASITOR,UVR_OVR,UVR_OVR,REVIEW,,ULTG CITRA RAYA,GI 150KV JATAKE,KAPASITOR SC,#1,,,UVR_OVR,Siemens,7SJ63,BF1209066513,Numerik,,,SERIAL|BF1209066513,HIGH,exact normalized serial
Data Setting Penghantar UPT DKSBI.xlsx,KAPASITOR,13,f0ba5b0036e47fb050940334d394bb217cdf81dcbdeea63e562db5b25048167c,2026-08-21,KAPASITOR,OCR_GFR,OCR_GFR,GRADED,,ULTG CITRA RAYA,GI 150KV JATAKE,KAPASITOR SC,#2,,,OCR_GFR,NR,PCR-9611,NRJB2088871540020,Numerik,,,SERIAL|NRJB2088871540020,HIGH,exact normalized serial
Data Setting Penghantar UPT DKSBI.xlsx,KAPASITOR,13,f0ba5b0036e47fb050940334d394bb217cdf81dcbdeea63e562db5b25048167c,2026-08-21,KAPASITOR,UNBALANCE,CAP_UNBALANCE,REVIEW,,ULTG CITRA RAYA,GI 150KV JATAKE,KAPASITOR SC,#2,,,UNBALANCE,NR,PCR-9611,NRJB2088871540030,Numerik,,,SERIAL|NRJB2088871540030,HIGH,exact normalized serial
Data Setting Penghantar UPT DKSBI.xlsx,KAPASITOR,13,f0ba5b0036e47fb050940334d394bb217cdf81dcbdeea63e562db5b25048167c,2026-08-21,KAPASITOR,UVR_OVR,UVR_OVR,REVIEW,,ULTG CITRA RAYA,GI 150KV JATAKE,KAPASITOR SC,#2,,,UVR_OVR,NR,PCR-9611,NRJB2088871540040,Numerik,,,SERIAL|NRJB2088871540040,HIGH,exact normalized serial
Data Setting Penghantar UPT DKSBI.xlsx,KAPASITOR,14,f0ba5b0036e47fb050940334d394bb217cdf81dcbdeea63e562db5b25048167c,2026-08-21,KAPASITOR,OCR_GFR,OCR_GFR,GRADED,,ULTG CITRA RAYA,GI 150KV TELUK NAGA,KAPASITOR SC,#1,,,OCR_GFR,Alstom,MiCom P123,3602765.0,Numerik,,,SERIAL|3602765,HIGH,exact normalized serial
Data Setting Penghantar UPT DKSBI.xlsx,KAPASITOR,14,f0ba5b0036e47fb050940334d394bb217cdf81dcbdeea63e562db5b25048167c,2026-08-21,KAPASITOR,UNBALANCE,CAP_UNBALANCE,REVIEW,,ULTG CITRA RAYA,GI 150KV TELUK NAGA,KAPASITOR SC,#1,,,UNBALANCE,Nokian Capacitors,NUR 36,I0100235,,,,SERIAL|I0100235,HIGH,exact normalized serial
Data Setting Penghantar UPT DKSBI.xlsx,KAPASITOR,14,f0ba5b0036e47fb050940334d394bb217cdf81dcbdeea63e562db5b25048167c,2026-08-21,KAPASITOR,UVR_OVR,UVR_OVR,REVIEW,,ULTG CITRA RAYA,GI 150KV TELUK NAGA,KAPASITOR SC,#1,,,UVR_OVR,Alstom,MiCom P922,3702380.0,Numerik,,,SERIAL|3702380,HIGH,exact normalized serial
Data Setting Penghantar UPT DKSBI.xlsx,KAPASITOR,15,f0ba5b0036e47fb050940334d394bb217cdf81dcbdeea63e562db5b25048167c,2026-08-21,KAPASITOR,OCR_GFR,OCR_GFR,GRADED,,ULTG DURIKOSAMBI,GI 150KV CENGKARENG,KAPASITOR SC,#1,,,OCR_GFR,Areva,MiCom,2505502.0,Numerik,,,SERIAL|2505502,HIGH,exact normalized serial
Data Setting Penghantar UPT DKSBI.xlsx,KAPASITOR,15,f0ba5b0036e47fb050940334d394bb217cdf81dcbdeea63e562db5b25048167c,2026-08-21,KAPASITOR,UNBALANCE,CAP_UNBALANCE,REVIEW,,ULTG DURIKOSAMBI,GI 150KV CENGKARENG,KAPASITOR SC,#1,,,UNBALANCE,Nokian Capacitors,NUR 36,,,,,ASSET|GI 150KV CENGKARENG|KAPASITOR SC|#1|NOKIAN CAPACITORS|NUR 36|UNBALANCE,MEDIUM,exact normalized asset attributes
Data Setting Penghantar UPT DKSBI.xlsx,KAPASITOR,16,f0ba5b0036e47fb050940334d394bb217cdf81dcbdeea63e562db5b25048167c,2026-08-21,KAPASITOR,UNBALANCE,CAP_UNBALANCE,REVIEW,,ULTG DURIKOSAMBI,GI 150KV CENGKARENG BARU,KAPASITOR SC,#1,,,UNBALANCE,Alstom,MiCom P643,33980381/02/17,Numerik,2018.0,,SERIAL|33980381/02/17,HIGH,exact normalized serial
Data Setting Penghantar UPT DKSBI.xlsx,KAPASITOR,17,f0ba5b0036e47fb050940334d394bb217cdf81dcbdeea63e562db5b25048167c,2026-08-21,KAPASITOR,OCR_GFR,OCR_GFR,GRADED,,ULTG DURIKOSAMBI,GI 150KV CILEDUG,KAPASITOR SC,#1,,,OCR_GFR,NR,PCS-9611,NRJB2088871542360,Numerik,,,SERIAL|NRJB2088871542360,HIGH,exact normalized serial
Data Setting Penghantar UPT DKSBI.xlsx,KAPASITOR,17,f0ba5b0036e47fb050940334d394bb217cdf81dcbdeea63e562db5b25048167c,2026-08-21,KAPASITOR,UNBALANCE,CAP_UNBALANCE,REVIEW,,ULTG DURIKOSAMBI,GI 150KV CILEDUG,KAPASITOR SC,#1,,,UNBALANCE,NR,PCS-9611,NRJB2088871542350,Numerik,,,SERIAL|NRJB2088871542350,HIGH,exact normalized serial
Data Setting Penghantar UPT DKSBI.xlsx,KAPASITOR,17,f0ba5b0036e47fb050940334d394bb217cdf81dcbdeea63e562db5b25048167c,2026-08-21,KAPASITOR,UVR_OVR,UVR_OVR,REVIEW,,ULTG DURIKOSAMBI,GI 150KV CILEDUG,KAPASITOR SC,#1,,,UVR_OVR,NR,PCR-9611,NRJB2088871542370,Numerik,,,SERIAL|NRJB2088871542370,HIGH,exact normalized serial
Data Setting Penghantar UPT DKSBI.xlsx,KAPASITOR,18,f0ba5b0036e47fb050940334d394bb217cdf81dcbdeea63e562db5b25048167c,2026-08-21,KAPASITOR,OCR_GFR,OCR_GFR,GRADED,,ULTG DURIKOSAMBI,GI 150KV DURIKOSAMBI,KAPASITOR SC,#1,,,OCR_GFR,Schneider,MiCom P122,36243996/08/13,Numerik,,,SERIAL|36243996/08/13,HIGH,exact normalized serial
Data Setting Penghantar UPT DKSBI.xlsx,KAPASITOR,18,f0ba5b0036e47fb050940334d394bb217cdf81dcbdeea63e562db5b25048167c,2026-08-21,KAPASITOR,UNBALANCE,CAP_UNBALANCE,REVIEW,,ULTG DURIKOSAMBI,GI 150KV DURIKOSAMBI,KAPASITOR SC,#1,,,UNBALANCE,Areva,MiCom P120,607785.0,Numerik,,,SERIAL|607785,HIGH,exact normalized serial
Data Setting Penghantar UPT DKSBI.xlsx,KAPASITOR,18,f0ba5b0036e47fb050940334d394bb217cdf81dcbdeea63e562db5b25048167c,2026-08-21,KAPASITOR,UVR_OVR,UVR_OVR,REVIEW,,ULTG DURIKOSAMBI,GI 150KV DURIKOSAMBI,KAPASITOR SC,#1,,,UVR_OVR,Areva,MiCom P922,2505095.0,Numerik,,,SERIAL|2505095,HIGH,exact normalized serial
Data Setting Penghantar UPT DKSBI.xlsx,KAPASITOR,19,f0ba5b0036e47fb050940334d394bb217cdf81dcbdeea63e562db5b25048167c,2026-08-21,KAPASITOR,OCR_GFR,OCR_GFR,GRADED,,ULTG DURIKOSAMBI,GI 150KV TANGERANG,KAPASITOR SC,#1,,,OCR_GFR,ABB,REJ 525,201073.0,Numerik,,,SERIAL|201073,HIGH,exact normalized serial
Data Setting Penghantar UPT DKSBI.xlsx,KAPASITOR,19,f0ba5b0036e47fb050940334d394bb217cdf81dcbdeea63e562db5b25048167c,2026-08-21,KAPASITOR,UNBALANCE,CAP_UNBALANCE,REVIEW,,ULTG DURIKOSAMBI,GI 150KV TANGERANG,KAPASITOR SC,#1,,,UNBALANCE,ABB,SPAJ 160 C,,Numerik,,,ASSET|GI 150KV TANGERANG|KAPASITOR SC|#1|ABB|SPAJ 160 C|UNBALANCE,MEDIUM,exact normalized asset attributes
Data Setting Penghantar UPT DKSBI.xlsx,KAPASITOR,19,f0ba5b0036e47fb050940334d394bb217cdf81dcbdeea63e562db5b25048167c,2026-08-21,KAPASITOR,UVR_OVR,UVR_OVR,REVIEW,,ULTG DURIKOSAMBI,GI 150KV TANGERANG,KAPASITOR SC,#1,,,UVR_OVR,ABB,REU523,201074.0,Numerik,,,SERIAL|201074,HIGH,exact normalized serial
Data Setting Penghantar UPT DKSBI.xlsx,LCD,11,f0ba5b0036e47fb050940334d394bb217cdf81dcbdeea63e562db5b25048167c,2026-08-21,LCD+DIST,LCD,LCD,UNIT,PHT.01,ULTG ANGKE,GI 150kV ANGKE,PHT 150kV ANCOL#1,#1,2000/5,150 kV/100 V,MPU,GE,MICOM P545,36039274/03/22,NUMERIK,2022.0,,SERIAL|36039274/03/22,HIGH,exact normalized serial
Data Setting Penghantar UPT DKSBI.xlsx,LCD,12,f0ba5b0036e47fb050940334d394bb217cdf81dcbdeea63e562db5b25048167c,2026-08-21,LCD+DIST,LCD,LCD,UNIT,PHT.02,ULTG ANGKE,GI 150kV ANGKE,PHT 150kV ANCOL#2,#2,2000/5,150 kV/100 V,MPU,GE,MICOM P545,36039272/03/22,NUMERIK,2022.0,,SERIAL|36039272/03/22,HIGH,exact normalized serial
Data Setting Penghantar UPT DKSBI.xlsx,LCD,13,f0ba5b0036e47fb050940334d394bb217cdf81dcbdeea63e562db5b25048167c,2026-08-21,LCD+DIST,LCD,LCD,UNIT,PHT.03,ULTG ANGKE,GI 150kV ANGKE,PHT 150kV KARET LAMA#1,#1,4000/5,150 kV/100 V,MPU,GE,MICOM P443,34424435/04/18,NUMERIK,2019.0,,SERIAL|34424435/04/18,HIGH,exact normalized serial
Data Setting Penghantar UPT DKSBI.xlsx,LCD,14,f0ba5b0036e47fb050940334d394bb217cdf81dcbdeea63e562db5b25048167c,2026-08-21,LCD+DIST,LCD,LCD,UNIT,PHT.04,ULTG ANGKE,GI 150kV ANGKE,PHT 150kV KARET LAMA#2,#2,4000/5,150 kV/100 V,MPU,GE,MICOM P443,34424434/04/18,NUMERIK,2019.0,,SERIAL|34424434/04/18,HIGH,exact normalized serial
Data Setting Penghantar UPT DKSBI.xlsx,LCD,15,f0ba5b0036e47fb050940334d394bb217cdf81dcbdeea63e562db5b25048167c,2026-08-21,LCD+DIST,LCD,LCD,UNIT,PHT.05,ULTG ANGKE,GI 150kV ANGKE,PHT 150kV KETAPANG#1,#1,2000/5,150 kV/100 V,MPU,ALSTOM,MICOM P545,34421606/04/18,NUMERIK,2021.0,,SERIAL|34421606/04/18,HIGH,exact normalized serial
Data Setting Penghantar UPT DKSBI.xlsx,LCD,16,f0ba5b0036e47fb050940334d394bb217cdf81dcbdeea63e562db5b25048167c,2026-08-21,LCD+DIST,LCD,LCD,UNIT,PHT.06,ULTG ANGKE,GI 150kV ANGKE,PHT 150kV KETAPANG#2,#2,2000/5,150 kV/100 V,MPU,ALSTOM,MICOM P545,34421607/04/18,NUMERIK,2021.0,,SERIAL|34421607/04/18,HIGH,exact normalized serial
Data Setting Penghantar UPT DKSBI.xlsx,LCD,17,f0ba5b0036e47fb050940334d394bb217cdf81dcbdeea63e562db5b25048167c,2026-08-21,LCD+DIST,LCD,LCD,UNIT,PHT.07,ULTG ANGKE,GI 150kV ANGKE,PHT 150kV MUARAKARANG LAMA#1,#1,4000/5,150 kV/100 V,MPU,SIEMENS,7SD61,BF0807106719,NUMERIK,2018.0,,SERIAL|BF0807106719,HIGH,exact normalized serial
Data Setting Penghantar UPT DKSBI.xlsx,LCD,18,f0ba5b0036e47fb050940334d394bb217cdf81dcbdeea63e562db5b25048167c,2026-08-21,LCD+DIST,LCD,LCD,UNIT,PHT.08,ULTG ANGKE,GI 150kV ANGKE,PHT 150kV MUARAKARANG LAMA#2,#2,4000/5,150 kV/100 V,MPU,SIEMENS,7SD61,BF0807106718,NUMERIK,2018.0,,SERIAL|BF0807106718,HIGH,exact normalized serial
Data Setting Penghantar UPT DKSBI.xlsx,LCD,19,f0ba5b0036e47fb050940334d394bb217cdf81dcbdeea63e562db5b25048167c,2026-08-21,LCD+DIST,LCD,LCD,UNIT,PHT.09,ULTG ANGKE,GI 150kV ANGKE,PHT 150kV UGC MUARAKARANG LAMA#1,#1,2000/5,150 kV/100 V,MPU,SIEMENS,7SL87,BM1712005923,NUMERIK,2018.0,,SERIAL|BM1712005923,HIGH,exact normalized serial
Data Setting Penghantar UPT DKSBI.xlsx,LCD,20,f0ba5b0036e47fb050940334d394bb217cdf81dcbdeea63e562db5b25048167c,2026-08-21,LCD+DIST,LCD,LCD,UNIT,PHT.10,ULTG ANGKE,GI 150kV ANGKE,PHT 150kV UGC MUARAKARANG LAMA#2,#2,2000/5,150 kV/100 V,MPU,SIEMENS,7SL87,BM1712005927,NUMERIK,2018.0,,SERIAL|BM1712005927,HIGH,exact normalized serial
Data Setting Penghantar UPT DKSBI.xlsx,LCD,21,f0ba5b0036e47fb050940334d394bb217cdf81dcbdeea63e562db5b25048167c,2026-08-21,LCD+DIST,LCD,LCD,UNIT,PHT.11,ULTG ANGKE,GI 150kV DADAP,PHT 150kV LONTAR#1,#1,4000/1,150 kV/100 V,MPU,GE,MICOM P446,34465139/05/18,NUMERIK,2021.0,,SERIAL|34465139/05/18,HIGH,exact normalized serial
Data Setting Penghantar UPT DKSBI.xlsx,LCD,22,f0ba5b0036e47fb050940334d394bb217cdf81dcbdeea63e562db5b25048167c,2026-08-21,LCD+DIST,LCD,LCD,UNIT,PHT.12,ULTG ANGKE,GI 150kV DADAP,PHT 150kV LONTAR#2,#2,4000/1,150 kV/100 V,MPU,GE,MICOM P446,34465154/05/18,NUMERIK,2021.0,,SERIAL|34465154/05/18,HIGH,exact normalized serial
Data Setting Penghantar UPT DKSBI.xlsx,LCD,23,f0ba5b0036e47fb050940334d394bb217cdf81dcbdeea63e562db5b25048167c,2026-08-21,LCD+DIST,LCD,LCD,UNIT,PHT.13,ULTG ANGKE,GI 150kV DADAP,PHT 150kV TELUK NAGA#1,#1,4000/1,150 kV/100 V,MPU,GE,MICOM P546,34465138/05/18,NUMERIK,2021.0,,SERIAL|34465138/05/18,HIGH,exact normalized serial
Data Setting Penghantar UPT DKSBI.xlsx,LCD,24,f0ba5b0036e47fb050940334d394bb217cdf81dcbdeea63e562db5b25048167c,2026-08-21,LCD+DIST,LCD,LCD,UNIT,PHT.14,ULTG ANGKE,GI 150kV DADAP,PHT 150kV TELUK NAGA#2,#2,4000/1,150 kV/100 V,MPU,GE,MICOM P546,34465149/05/18,NUMERIK,2021.0,,SERIAL|34465149/05/18,HIGH,exact normalized serial
Data Setting Penghantar UPT DKSBI.xlsx,LCD,25,f0ba5b0036e47fb050940334d394bb217cdf81dcbdeea63e562db5b25048167c,2026-08-21,LCD+DIST,LCD,LCD,UNIT,PHT.15,ULTG ANGKE,GI 150kV MUARAKARANG BARU,PHT 150kV GIS MUARAKARANG BARU#1,#1,2500/5,150 kV/100 V,MPU,ALSTOM,MICOM P545,34923699/11/19,NUMERIK,,,SERIAL|34923699/11/19,HIGH,exact normalized serial
Data Setting Penghantar UPT DKSBI.xlsx,LCD,26,f0ba5b0036e47fb050940334d394bb217cdf81dcbdeea63e562db5b25048167c,2026-08-21,LCD+DIST,LCD,LCD,UNIT,PHT.16,ULTG ANGKE,GI 150kV MUARAKARANG BARU,PHT 150kV GIS MUARAKARANG BARU#2,#2,2500/5,150 kV/100 V,MPU,ALSTOM,MICOM P545,32197930/06/12,NUMERIK,,,SERIAL|32197930/06/12,HIGH,exact normalized serial
Data Setting Penghantar UPT DKSBI.xlsx,LCD,27,f0ba5b0036e47fb050940334d394bb217cdf81dcbdeea63e562db5b25048167c,2026-08-21,LCD+DIST,LCD,LCD,UNIT,PHT.17,ULTG ANGKE,GI 150kV MUARAKARANG BARU,PHT 150kV MUARAKARANG LAMA#1,#1,4000/5,150 kV/100 V,MPU,AREVA,MICOM P521,1307744.0,NUMERIK,,,SERIAL|1307744,HIGH,exact normalized serial
Data Setting Penghantar UPT DKSBI.xlsx,LCD,28,f0ba5b0036e47fb050940334d394bb217cdf81dcbdeea63e562db5b25048167c,2026-08-21,LCD+DIST,LCD,LCD,UNIT,PHT.18,ULTG ANGKE,GI 150kV MUARAKARANG BARU,PHT 150kV MUARAKARANG LAMA#2,#2,4000/5,150 kV/100 V,MPU,ALSTOM,MICOM P543,31995324/12/11,NUMERIK,,,SERIAL|31995324/12/11,HIGH,exact normalized serial
Data Setting Penghantar UPT DKSBI.xlsx,LCD,29,f0ba5b0036e47fb050940334d394bb217cdf81dcbdeea63e562db5b25048167c,2026-08-21,LCD+DIST,LCD,LCD,UNIT,PHT.19,ULTG ANGKE,GI 150kV MUARAKARANG LAMA,PHT 150kV ANGKE#1,#1,2000/5,150 kV/100 V,MPU,SIEMENS,7SD61,BF0807106717,NUMERIK,2019.0,,SERIAL|BF0807106717,HIGH,exact normalized serial
Data Setting Penghantar UPT DKSBI.xlsx,LCD,30,f0ba5b0036e47fb050940334d394bb217cdf81dcbdeea63e562db5b25048167c,2026-08-21,LCD+DIST,LCD,LCD,UNIT,PHT.20,ULTG ANGKE,GI 150kV MUARAKARANG LAMA,PHT 150kV ANGKE#2,#2,2000/5,150 kV/100 V,MPU,SIEMENS,7SD61,BF0807106723,NUMERIK,2019.0,,SERIAL|BF0807106723,HIGH,exact normalized serial
Data Setting Penghantar UPT DKSBI.xlsx,LCD,31,f0ba5b0036e47fb050940334d394bb217cdf81dcbdeea63e562db5b25048167c,2026-08-21,LCD+DIST,LCD,LCD,UNIT,PHT.21,ULTG ANGKE,GI 150kV MUARAKARANG LAMA,PHT 150kV BUDIKEMULYAN#1,#1,1200/5,150 kV/100 V,MPU,GE,MICOM P546,37123537/07/25,NUMERIK,2026.0,,SERIAL|37123537/07/25,HIGH,exact normalized serial
Data Setting Penghantar UPT DKSBI.xlsx,LCD,32,f0ba5b0036e47fb050940334d394bb217cdf81dcbdeea63e562db5b25048167c,2026-08-21,LCD+DIST,LCD,LCD,UNIT,PHT.22,ULTG ANGKE,GI 150kV MUARAKARANG LAMA,PHT 150kV BUDIKEMULYAN#2,#2,1200/5,150 kV/100 V,MPU,GE,MICOM P546,37362776/03/26,NUMERIK,2026.0,,SERIAL|37362776/03/26,HIGH,exact normalized serial
Data Setting Penghantar UPT DKSBI.xlsx,LCD,33,f0ba5b0036e47fb050940334d394bb217cdf81dcbdeea63e562db5b25048167c,2026-08-21,LCD+DIST,LCD,LCD,UNIT,PHT.23,ULTG ANGKE,GI 150kV MUARAKARANG LAMA,PHT 150kV MUARAKARANG BARU#1,#1,2000/5,150 kV/100 V,MPU,AREVA,MICOM P521,1307747.0,NUMERIK,,,SERIAL|1307747,HIGH,exact normalized serial
Data Setting Penghantar UPT DKSBI.xlsx,LCD,34,f0ba5b0036e47fb050940334d394bb217cdf81dcbdeea63e562db5b25048167c,2026-08-21,LCD+DIST,LCD,LCD,UNIT,PHT.24,ULTG ANGKE,GI 150kV MUARAKARANG LAMA,PHT 150kV MUARAKARANG BARU#2,#2,2000/5,150 kV/100 V,MPU,AREVA,MICOM P543,31507153/09/10,NUMERIK,,,SERIAL|31507153/09/10,HIGH,exact normalized serial
Data Setting Penghantar UPT DKSBI.xlsx,LCD,35,f0ba5b0036e47fb050940334d394bb217cdf81dcbdeea63e562db5b25048167c,2026-08-21,LCD+DIST,LCD,LCD,UNIT,PHT.25,ULTG ANGKE,GI 150kV MUARAKARANG LAMA,PHT 150kV UGC ANGKE#1,#1,2000/5,150 kV/100 V,MPU,SIEMENS,7SL87,BM1712005935,NUMERIK,2018.0,,SERIAL|BM1712005935,HIGH,exact normalized serial
Data Setting Penghantar UPT DKSBI.xlsx,LCD,36,f0ba5b0036e47fb050940334d394bb217cdf81dcbdeea63e562db5b25048167c,2026-08-21,LCD+DIST,LCD,LCD,UNIT,PHT.26,ULTG ANGKE,GI 150kV MUARAKARANG LAMA,PHT 150kV UGC ANGKE#2,#2,2000/5,150 kV/100 V,MPU,SIEMENS,7SL87,BM1712005931,NUMERIK,2018.0,,SERIAL|BM1712005931,HIGH,exact normalized serial
Data Setting Penghantar UPT DKSBI.xlsx,LCD,37,f0ba5b0036e47fb050940334d394bb217cdf81dcbdeea63e562db5b25048167c,2026-08-21,LCD+DIST,LCD,LCD,UNIT,PHT.27,ULTG ANGKE,GIS 150kV DAAN MOGOT,PHT 150kV DURIKOSAMBI#1,#1,3000/1,150 kV/100 V,MPU,ABB,RED670,T1645093,NUMERIK,2019.0,,SERIAL|T1645093,HIGH,exact normalized serial
Data Setting Penghantar UPT DKSBI.xlsx,LCD,38,f0ba5b0036e47fb050940334d394bb217cdf81dcbdeea63e562db5b25048167c,2026-08-21,LCD+DIST,LCD,LCD,UNIT,PHT.28,ULTG ANGKE,GIS 150kV DAAN MOGOT,PHT 150kV DURIKOSAMBI#2,#2,3000/1,150 kV/100 V,MPU,ABB,RED670,T1645092,NUMERIK,2019.0,,SERIAL|T1645092,HIGH,exact normalized serial
Data Setting Penghantar UPT DKSBI.xlsx,LCD,39,f0ba5b0036e47fb050940334d394bb217cdf81dcbdeea63e562db5b25048167c,2026-08-21,LCD+DIST,LCD,LCD,UNIT,PHT.29,ULTG ANGKE,GIS 150kV DAAN MOGOT,PHT 150kV PANTAI INDAH KAPUK#1,#1,3000/1,150 kV/100 V,MPU,ALSTOM,MICOM P545,32197932/07/12,NUMERIK,2022.0,,SERIAL|32197932/07/12,HIGH,exact normalized serial
Data Setting Penghantar UPT DKSBI.xlsx,LCD,40,f0ba5b0036e47fb050940334d394bb217cdf81dcbdeea63e562db5b25048167c,2026-08-21,LCD+DIST,LCD,LCD,UNIT,PHT.30,ULTG ANGKE,GIS 150kV DAAN MOGOT,PHT 150kV PANTAI INDAH KAPUK#2,#2,3000/1,150 kV/100 V,MPU,ALSTOM,MICOM P545,34164813/08/17,NUMERIK,2019.0,,SERIAL|34164813/08/17,HIGH,exact normalized serial
Data Setting Penghantar UPT DKSBI.xlsx,LCD,41,f0ba5b0036e47fb050940334d394bb217cdf81dcbdeea63e562db5b25048167c,2026-08-21,LCD+DIST,LCD,LCD,UNIT,PHT.31,ULTG ANGKE,GIS 150kV GROGOL,PHT 150kV GROGOL BARU#1,#1,1600/1,150 kV/100 V,MPU,SIEMENS,7SL87,BM1809009341,NUMERIK,2019.0,,SERIAL|BM1809009341,HIGH,exact normalized serial
Data Setting Penghantar UPT DKSBI.xlsx,LCD,42,f0ba5b0036e47fb050940334d394bb217cdf81dcbdeea63e562db5b25048167c,2026-08-21,LCD+DIST,LCD,LCD,UNIT,PHT.32,ULTG ANGKE,GIS 150kV GROGOL,PHT 150kV GROGOL BARU#2,#2,1600/1,150 kV/100 V,MPU,SIEMENS,7SL87,BM1909000269,NUMERIK,2020.0,,SERIAL|BM1909000269,HIGH,exact normalized serial
Data Setting Penghantar UPT DKSBI.xlsx,LCD,43,f0ba5b0036e47fb050940334d394bb217cdf81dcbdeea63e562db5b25048167c,2026-08-21,LCD+DIST,LCD,LCD,UNIT,PHT.33,ULTG ANGKE,GIS 150kV GROGOL,PHT 150kV TOMANG#1,#1,2000/1,150 kV/100 V,MPU,SCHNEIDER,MICOM P543,753937F,NUMERIK,2021.0,,SERIAL|753937F,HIGH,exact normalized serial
Data Setting Penghantar UPT DKSBI.xlsx,LCD,44,f0ba5b0036e47fb050940334d394bb217cdf81dcbdeea63e562db5b25048167c,2026-08-21,LCD+DIST,LCD,LCD,UNIT,PHT.34,ULTG ANGKE,GIS 150kV GROGOL,PHT 150kV TOMANG#2,#2,2000/1,150 kV/100 V,MPU,SCHNEIDER,MICOM P543,753791F,NUMERIK,2021.0,,SERIAL|753791F,HIGH,exact normalized serial
Data Setting Penghantar UPT DKSBI.xlsx,LCD,45,f0ba5b0036e47fb050940334d394bb217cdf81dcbdeea63e562db5b25048167c,2026-08-21,LCD+DIST,LCD,LCD,UNIT,PHT.35,ULTG ANGKE,GIS 150kV GROGOL BARU,PHT 150kV DURIKOSAMBI#1,#1,2000/1,150 kV/100 V,MPU,SIEMENS,7SL87,BM1804005484,NUMERIK,2019.0,,SERIAL|BM1804005484,HIGH,exact normalized serial
Data Setting Penghantar UPT DKSBI.xlsx,LCD,46,f0ba5b0036e47fb050940334d394bb217cdf81dcbdeea63e562db5b25048167c,2026-08-21,LCD+DIST,LCD,LCD,UNIT,PHT.36,ULTG ANGKE,GIS 150kV GROGOL BARU,PHT 150kV DURIKOSAMBI#2,#2,2000/1,150 kV/100 V,MPU,SIEMENS,7SL87,BM1804005475,NUMERIK,2020.0,,SERIAL|BM1804005475,HIGH,exact normalized serial
Data Setting Penghantar UPT DKSBI.xlsx,LCD,47,f0ba5b0036e47fb050940334d394bb217cdf81dcbdeea63e562db5b25048167c,2026-08-21,LCD+DIST,LCD,LCD,UNIT,PHT.37,ULTG ANGKE,GIS 150kV GROGOL BARU,PHT 150kV GROGOL#1,#1,2000/1,150 kV/100 V,MPU,SIEMENS,7SL87,BM1804005481,NUMERIK,2019.0,,SERIAL|BM1804005481,HIGH,exact normalized serial
Data Setting Penghantar UPT DKSBI.xlsx,LCD,48,f0ba5b0036e47fb050940334d394bb217cdf81dcbdeea63e562db5b25048167c,2026-08-21,LCD+DIST,LCD,LCD,UNIT,PHT.38,ULTG ANGKE,GIS 150kV GROGOL BARU,PHT 150kV GROGOL#2,#2,2000/1,150 kV/100 V,MPU,SIEMENS,7SL87,BM1804005478,NUMERIK,2020.0,,SERIAL|BM1804005478,HIGH,exact normalized serial
Data Setting Penghantar UPT DKSBI.xlsx,LCD,49,f0ba5b0036e47fb050940334d394bb217cdf81dcbdeea63e562db5b25048167c,2026-08-21,LCD+DIST,LCD,LCD,UNIT,PHT.39,ULTG ANGKE,GIS 150kV KEBON JERUK,PHT 150kV DURIKOSAMBI#1,#1,1000/5,150 kV/100 V,MPU,ALSTOM,MICOM P545,34665002/12/18,NUMERIK,2019.0,,SERIAL|34665002/12/18,HIGH,exact normalized serial
Data Setting Penghantar UPT DKSBI.xlsx,LCD,50,f0ba5b0036e47fb050940334d394bb217cdf81dcbdeea63e562db5b25048167c,2026-08-21,LCD+DIST,LCD,LCD,UNIT,PHT.40,ULTG ANGKE,GIS 150kV KEBON JERUK,PHT 150kV DURIKOSAMBI#2,#2,1000/5,150 kV/100 V,MPU,ALSTOM,MICOM P545,34482258/06/18,NUMERIK,2019.0,,SERIAL|34482258/06/18,HIGH,exact normalized serial
Data Setting Penghantar UPT DKSBI.xlsx,LCD,51,f0ba5b0036e47fb050940334d394bb217cdf81dcbdeea63e562db5b25048167c,2026-08-21,LCD+DIST,LCD,LCD,UNIT,PHT.41,ULTG ANGKE,GIS 150kV KEBON JERUK,PHT 150kV KARET BARU#1,#1,500/5,150 kV/100 V,MPU,ALSTOM,MICOM P545,34923727/11/19,NUMERIK,2020.0,,SERIAL|34923727/11/19,HIGH,exact normalized serial
Data Setting Penghantar UPT DKSBI.xlsx,LCD,52,f0ba5b0036e47fb050940334d394bb217cdf81dcbdeea63e562db5b25048167c,2026-08-21,LCD+DIST,LCD,LCD,UNIT,PHT.42,ULTG ANGKE,GIS 150kV KEBON JERUK,PHT 150kV KARET BARU#2,#2,500/5,150 kV/100 V,MPU,ALSTOM,MICOM P545,34485202/06/18,NUMERIK,2020.0,,SERIAL|34485202/06/18,HIGH,exact normalized serial
Data Setting Penghantar UPT DKSBI.xlsx,LCD,53,f0ba5b0036e47fb050940334d394bb217cdf81dcbdeea63e562db5b25048167c,2026-08-21,LCD+DIST,LCD,LCD,UNIT,PHT.43,ULTG ANGKE,GIS 150kV MUARAKARANG BARU,PHT 150kV MUARAKARANG BARU#1,#1,2000/1,150 kV/100 V,MPU,ALSTOM,MICOM P545,34724838/02/19,NUMERIK,2022.0,,SERIAL|34724838/02/19,HIGH,exact normalized serial
Data Setting Penghantar UPT DKSBI.xlsx,LCD,54,f0ba5b0036e47fb050940334d394bb217cdf81dcbdeea63e562db5b25048167c,2026-08-21,LCD+DIST,LCD,LCD,UNIT,PHT.44,ULTG ANGKE,GIS 150kV MUARAKARANG BARU,PHT 150kV MUARAKARANG BARU#2,#2,2000/1,150 kV/100 V,MPU,ALSTOM,MICOM P545,34724836/02/19,NUMERIK,2022.0,,SERIAL|34724836/02/19,HIGH,exact normalized serial
Data Setting Penghantar UPT DKSBI.xlsx,LCD,55,f0ba5b0036e47fb050940334d394bb217cdf81dcbdeea63e562db5b25048167c,2026-08-21,LCD+DIST,LCD,LCD,UNIT,PHT.45,ULTG ANGKE,GIS 150kV MUARAKARANG BARU,PHT 150kV PANTAI INDAH KAPUK#1,#1,4000/1,150 kV/100 V,MPU,ALSTOM,MICOM P545,34724837/02/19,NUMERIK,2022.0,,SERIAL|34724837/02/19,HIGH,exact normalized serial
Data Setting Penghantar UPT DKSBI.xlsx,LCD,56,f0ba5b0036e47fb050940334d394bb217cdf81dcbdeea63e562db5b25048167c,2026-08-21,LCD+DIST,LCD,LCD,UNIT,PHT.46,ULTG ANGKE,GIS 150kV MUARAKARANG BARU,PHT 150kV PANTAI INDAH KAPUK#2,#2,4000/1,150 kV/100 V,MPU,ALSTOM,MICOM P545,34724835/02/19,NUMERIK,2022.0,,SERIAL|34724835/02/19,HIGH,exact normalized serial
Data Setting Penghantar UPT DKSBI.xlsx,LCD,57,f0ba5b0036e47fb050940334d394bb217cdf81dcbdeea63e562db5b25048167c,2026-08-21,LCD+DIST,LCD,LCD,UNIT,PHT.47,ULTG ANGKE,GIS 150kV NEW SENAYAN,PHT 150kV KEMBANGAN#1,#1,1000/5,150 kV/100 V,MPU,GE,MICOM P546,37132771/07/25,NUMERIK,2025.0,,SERIAL|37132771/07/25,HIGH,exact normalized serial
Data Setting Penghantar UPT DKSBI.xlsx,LCD,58,f0ba5b0036e47fb050940334d394bb217cdf81dcbdeea63e562db5b25048167c,2026-08-21,LCD+DIST,LCD,LCD,UNIT,PHT.48,ULTG ANGKE,GIS 150kV NEW SENAYAN,PHT 150kV KEMBANGAN#2,#2,1000/5,150 kV/100 V,MPU,GE,MICOM P546,37132773/07/25,NUMERIK,2025.0,,SERIAL|37132773/07/25,HIGH,exact normalized serial
Data Setting Penghantar UPT DKSBI.xlsx,LCD,59,f0ba5b0036e47fb050940334d394bb217cdf81dcbdeea63e562db5b25048167c,2026-08-21,LCD+DIST,LCD,LCD,UNIT,PHT.49,ULTG ANGKE,GIS 150kV NEW SENAYAN,PHT 150kV SENAYAN#1,#1,2000/1,150 kV/100 V,MPU,ALSTOM,MICOM P545,33493424/11/15,NUMERIK,2019.0,,SERIAL|33493424/11/15,HIGH,exact normalized serial
Data Setting Penghantar UPT DKSBI.xlsx,LCD,60,f0ba5b0036e47fb050940334d394bb217cdf81dcbdeea63e562db5b25048167c,2026-08-21,LCD+DIST,LCD,LCD,UNIT,PHT.50,ULTG ANGKE,GIS 150kV NEW SENAYAN,PHT 150kV SENAYAN#2,#2,2000/1,150 kV/100 V,MPU,ALSTOM,MICOM P545,33493423/11/15,NUMERIK,2019.0,,SERIAL|33493423/11/15,HIGH,exact normalized serial
Data Setting Penghantar UPT DKSBI.xlsx,LCD,61,f0ba5b0036e47fb050940334d394bb217cdf81dcbdeea63e562db5b25048167c,2026-08-21,LCD+DIST,LCD,LCD,UNIT,PHT.51,ULTG ANGKE,GIS 150kV NEW SENAYAN,PHT 150kV ULUJAMI#1,#1,2000/1,150 kV/100 V,MPU,NR,PCS-931,NRJB2015511480260,NUMERIK,2021.0,,SERIAL|NRJB2015511480260,HIGH,exact normalized serial
Data Setting Penghantar UPT DKSBI.xlsx,LCD,62,f0ba5b0036e47fb050940334d394bb217cdf81dcbdeea63e562db5b25048167c,2026-08-21,LCD+DIST,LCD,LCD,UNIT,PHT.52,ULTG ANGKE,GIS 150kV NEW SENAYAN,PHT 150kV ULUJAMI#2,#2,2000/1,150 kV/100 V,MPU,ALSTOM,MICOM P545,34733776/03/19,NUMERIK,2021.0,,SERIAL|34733776/03/19,HIGH,exact normalized serial
Data Setting Penghantar UPT DKSBI.xlsx,LCD,63,f0ba5b0036e47fb050940334d394bb217cdf81dcbdeea63e562db5b25048167c,2026-08-21,LCD+DIST,LCD,LCD,UNIT,PHT.53,ULTG ANGKE,GIS 150kV PANTAI INDAH KAPUK,PHT 150kV DAAN MOGOT#1,#1,4000/1,150 kV/100 V,MPU,ALSTOM,MICOM P545,32288899/09/12,NUMERIK,2016.0,,SERIAL|32288899/09/12,HIGH,exact normalized serial
Data Setting Penghantar UPT DKSBI.xlsx,LCD,64,f0ba5b0036e47fb050940334d394bb217cdf81dcbdeea63e562db5b25048167c,2026-08-21,LCD+DIST,LCD,LCD,UNIT,PHT.54,ULTG ANGKE,GIS 150kV PANTAI INDAH KAPUK,PHT 150kV DAAN MOGOT#2,#2,4000/1,150 kV/100 V,MPU,ALSTOM,MICOM P545,32288900/09/12,NUMERIK,2016.0,,SERIAL|32288900/09/12,HIGH,exact normalized serial
Data Setting Penghantar UPT DKSBI.xlsx,LCD,65,f0ba5b0036e47fb050940334d394bb217cdf81dcbdeea63e562db5b25048167c,2026-08-21,LCD+DIST,LCD,LCD,UNIT,PHT.55,ULTG ANGKE,GIS 150kV PANTAI INDAH KAPUK,PHT 150kV GIS MUARAKARANG BARU#1,#1,4000/1,150 kV/100 V,MPU,ALSTOM,MICOM P545,197931U,NUMERIK,2016.0,,SERIAL|197931U,HIGH,exact normalized serial
Data Setting Penghantar UPT DKSBI.xlsx,LCD,66,f0ba5b0036e47fb050940334d394bb217cdf81dcbdeea63e562db5b25048167c,2026-08-21,LCD+DIST,LCD,LCD,UNIT,PHT.56,ULTG ANGKE,GIS 150kV PANTAI INDAH KAPUK,PHT 150kV GIS MUARAKARANG BARU#2,#2,4000/1,150 kV/100 V,MPU,ALSTOM,MICOM P545,32197933/06/12,NUMERIK,2016.0,,SERIAL|32197933/06/12,HIGH,exact normalized serial
Data Setting Penghantar UPT DKSBI.xlsx,LCD,67,f0ba5b0036e47fb050940334d394bb217cdf81dcbdeea63e562db5b25048167c,2026-08-21,LCD+DIST,LCD,LCD,UNIT,PHT.57,ULTG ANGKE,GIS 150kV TOMANG,PHT 150kV GROGOL#1,#1,2000/1,150 kV/100 V,MPU,ALSTOM,MICOM P543,39652554/04/18,NUMERIK,2021.0,,SERIAL|39652554/04/18,HIGH,exact normalized serial
Data Setting Penghantar UPT DKSBI.xlsx,LCD,68,f0ba5b0036e47fb050940334d394bb217cdf81dcbdeea63e562db5b25048167c,2026-08-21,LCD+DIST,LCD,LCD,UNIT,PHT.58,ULTG ANGKE,GIS 150kV TOMANG,PHT 150kV GROGOL#2,#2,2000/1,150 kV/100 V,MPU,ALSTOM,MICOM P543,37055880/10/18,NUMERIK,2021.0,,SERIAL|37055880/10/18,HIGH,exact normalized serial
Data Setting Penghantar UPT DKSBI.xlsx,LCD,69,f0ba5b0036e47fb050940334d394bb217cdf81dcbdeea63e562db5b25048167c,2026-08-21,LCD+DIST,LCD,LCD,UNIT,PHT.59,ULTG ANGKE,GIS 150kV ULUJAMI,PHT 150kV NEW SENAYAN#1,#1,2000/1,150 kV/100 V,MPU,NR,PCS-931,NRJB20155116B0230[CE4B8B],NUMERIK,2021.0,,SERIAL|NRJB20155116B0230[CE4B8B],HIGH,exact normalized serial
Data Setting Penghantar UPT DKSBI.xlsx,LCD,70,f0ba5b0036e47fb050940334d394bb217cdf81dcbdeea63e562db5b25048167c,2026-08-21,LCD+DIST,LCD,LCD,UNIT,PHT.60,ULTG ANGKE,GIS 150kV ULUJAMI,PHT 150kV NEW SENAYAN#2,#2,2000/1,150 kV/100 V,MPU,GE,MICOM P545,34733777/03/19,NUMERIK,2021.0,,SERIAL|34733777/03/19,HIGH,exact normalized serial
Data Setting Penghantar UPT DKSBI.xlsx,LCD,71,f0ba5b0036e47fb050940334d394bb217cdf81dcbdeea63e562db5b25048167c,2026-08-21,LCD+DIST,LCD,LCD,UNIT,PHT.61,ULTG ANGKE,GISTET 500kV MUARAKARANG BARU,PHT 500kV DURIKOSAMBI#1,#1,4000/1,500 kV/100 V,MPU-A,ABB,RED670,T2136184,NUMERIK,,,SERIAL|T2136184,HIGH,exact normalized serial
Data Setting Penghantar UPT DKSBI.xlsx,LCD,72,f0ba5b0036e47fb050940334d394bb217cdf81dcbdeea63e562db5b25048167c,2026-08-21,LCD+DIST,LCD,LCD,UNIT,PHT.62,ULTG ANGKE,GISTET 500kV MUARAKARANG BARU,PHT 500kV DURIKOSAMBI#2,#2,4000/1,500 kV/100 V,MPU-A,ABB,RED670,T2136186,NUMERIK,,,SERIAL|T2136186,HIGH,exact normalized serial
Data Setting Penghantar UPT DKSBI.xlsx,LCD,73,f0ba5b0036e47fb050940334d394bb217cdf81dcbdeea63e562db5b25048167c,2026-08-21,LCD+DIST,LCD,LCD,UNIT,PHT.63,ULTG ANGKE,GISTET 500kV MUARAKARANG BARU,PHT 500kV DURIKOSAMBI#1,#1,4000/1,500 kV/100 V,MPU-B,SIEMENS,7SL87,BM2110007783,NUMERIK,,,SERIAL|BM2110007783,HIGH,exact normalized serial
Data Setting Penghantar UPT DKSBI.xlsx,LCD,74,f0ba5b0036e47fb050940334d394bb217cdf81dcbdeea63e562db5b25048167c,2026-08-21,LCD+DIST,LCD,LCD,UNIT,PHT.64,ULTG ANGKE,GISTET 500kV MUARAKARANG BARU,PHT 500kV DURIKOSAMBI#2,#2,4000/1,500 kV/100 V,MPU-B,SIEMENS,7SL87,BM2110006379,NUMERIK,,,SERIAL|BM2110006379,HIGH,exact normalized serial
Data Setting Penghantar UPT DKSBI.xlsx,LCD,75,f0ba5b0036e47fb050940334d394bb217cdf81dcbdeea63e562db5b25048167c,2026-08-21,LCD+DIST,LCD,LCD,UNIT,PHT.65,ULTG ANGKE,GISTET 500kV MUARAKARANG BARU,PHT 500kV TANJUNG PRIOK#1,#1,,500 kV/100 V,MPU-A,ABB,RED670,T2136180,NUMERIK,,,SERIAL|T2136180,HIGH,exact normalized serial
Data Setting Penghantar UPT DKSBI.xlsx,LCD,76,f0ba5b0036e47fb050940334d394bb217cdf81dcbdeea63e562db5b25048167c,2026-08-21,LCD+DIST,LCD,LCD,UNIT,PHT.66,ULTG ANGKE,GISTET 500kV MUARAKARANG BARU,PHT 500kV TANJUNG PRIOK#2,#2,,500 kV/100 V,MPU-A,ABB,RED670,T2136185,NUMERIK,,,SERIAL|T2136185,HIGH,exact normalized serial
Data Setting Penghantar UPT DKSBI.xlsx,LCD,77,f0ba5b0036e47fb050940334d394bb217cdf81dcbdeea63e562db5b25048167c,2026-08-21,LCD+DIST,LCD,LCD,UNIT,PHT.67,ULTG ANGKE,GISTET 500kV MUARAKARANG BARU,PHT 500kV TANJUNG PRIOK#1,#1,,500 kV/100 V,MPU-B,SIEMENS,7SL87,BM2110006364,NUMERIK,,,SERIAL|BM2110006364,HIGH,exact normalized serial
Data Setting Penghantar UPT DKSBI.xlsx,LCD,78,f0ba5b0036e47fb050940334d394bb217cdf81dcbdeea63e562db5b25048167c,2026-08-21,LCD+DIST,LCD,LCD,UNIT,PHT.68,ULTG ANGKE,GISTET 500kV MUARAKARANG BARU,PHT 500kV TANJUNG PRIOK#2,#2,,500 kV/100 V,MPU-B,SIEMENS,7SL87,BM2110006369,NUMERIK,,,SERIAL|BM2110006369,HIGH,exact normalized serial
Data Setting Penghantar UPT DKSBI.xlsx,LCD,79,f0ba5b0036e47fb050940334d394bb217cdf81dcbdeea63e562db5b25048167c,2026-08-21,LCD+DIST,LCD,LCD,UNIT,PHT.69,ULTG CITRA RAYA,GI 150kV CURUG,PHT 150kV CIKUPA#1,#1,2000/1,150 kV/100 V,MPU,ALSTOM,MICOM P545,34721258/02/19,NUMERIK,2019.0,,SERIAL|34721258/02/19,HIGH,exact normalized serial
Data Setting Penghantar UPT DKSBI.xlsx,LCD,80,f0ba5b0036e47fb050940334d394bb217cdf81dcbdeea63e562db5b25048167c,2026-08-21,LCD+DIST,LCD,LCD,UNIT,PHT.70,ULTG CITRA RAYA,GI 150kV CURUG,PHT 150kV CIKUPA#2,#2,3200/1,150 kV/100 V,MPU,ALSTOM,MICOM P545,34486826/06/18,NUMERIK,2019.0,,SERIAL|34486826/06/18,HIGH,exact normalized serial
Data Setting Penghantar UPT DKSBI.xlsx,LCD,81,f0ba5b0036e47fb050940334d394bb217cdf81dcbdeea63e562db5b25048167c,2026-08-21,LCD+DIST,LCD,LCD,UNIT,PHT.71,ULTG CITRA RAYA,GI 150kV CURUG,PHT 150kV SUMMARECON GADING SERPONG#1,#1,3200/1,150 kV/100 V,MPU,ALSTOM,MICOM P545,34486816/06/18,NUMERIK,2019.0,,SERIAL|34486816/06/18,HIGH,exact normalized serial
Data Setting Penghantar UPT DKSBI.xlsx,LCD,82,f0ba5b0036e47fb050940334d394bb217cdf81dcbdeea63e562db5b25048167c,2026-08-21,LCD+DIST,LCD,LCD,UNIT,PHT.72,ULTG CITRA RAYA,GI 150kV CURUG,PHT 150kV SUMMARECON GADING SERPONG#2,#2,2000/1,150 kV/100 V,MPU,ALSTOM,MICOM P545,34721255/02/19,NUMERIK,2019.0,,SERIAL|34721255/02/19,HIGH,exact normalized serial
Data Setting Penghantar UPT DKSBI.xlsx,LCD,83,f0ba5b0036e47fb050940334d394bb217cdf81dcbdeea63e562db5b25048167c,2026-08-21,LCD+DIST,LCD,LCD,UNIT,PHT.73,ULTG CITRA RAYA,GI 150kV GAJAH TUNGGAL,PHT 150kV PASAR KEMIS,#1,2000/1,150 kV/100 V,MPU,GE,L90,AA2C17001630,NUMERIK,2018.0,,SERIAL|AA2C17001630,HIGH,exact normalized serial
Data Setting Penghantar UPT DKSBI.xlsx,LCD,84,f0ba5b0036e47fb050940334d394bb217cdf81dcbdeea63e562db5b25048167c,2026-08-21,LCD+DIST,LCD,LCD,UNIT,PHT.74,ULTG CITRA RAYA,GI 150kV GAJAH TUNGGAL,PHT 150kV PASAR KEMIS BARU,#1,2000/1,150 kV/100 V,MPU,ALSTOM,MICOM P543,32069228/02/12,NUMERIK,2021.0,,SERIAL|32069228/02/12,HIGH,exact normalized serial
Data Setting Penghantar UPT DKSBI.xlsx,LCD,85,f0ba5b0036e47fb050940334d394bb217cdf81dcbdeea63e562db5b25048167c,2026-08-21,LCD+DIST,LCD,LCD,UNIT,PHT.75,ULTG CITRA RAYA,GI 150kV ITS,PHT 150kV TANGERANG BARU,#1,4000/1,150 kV/100 V,MPU,GE,MICOM P545,35301414/03/12,NUMERIK,2021.0,,SERIAL|35301414/03/12,HIGH,exact normalized serial
Data Setting Penghantar UPT DKSBI.xlsx,LCD,86,f0ba5b0036e47fb050940334d394bb217cdf81dcbdeea63e562db5b25048167c,2026-08-21,LCD+DIST,LCD,LCD,UNIT,PHT.76,ULTG CITRA RAYA,GI 150kV ITS,PHT 150kV CENGKARENG BARU,#1,4000/1,150 kV/100 V,MPU,AREVA,MICOM P543,3379380/04/09,NUMERIK,2021.0,,SERIAL|3379380/04/09,HIGH,exact normalized serial
Data Setting Penghantar UPT DKSBI.xlsx,LCD,87,f0ba5b0036e47fb050940334d394bb217cdf81dcbdeea63e562db5b25048167c,2026-08-21,LCD+DIST,LCD,LCD,UNIT,PHT.77,ULTG CITRA RAYA,GI 150kV ITS,PHT 150kV KONSUMEN,#1,300/1,150 kV/100 V,MPU,SIEMENS,7SL87,BM2102005251,NUMERIK,2021.0,,SERIAL|BM2102005251,HIGH,exact normalized serial
Data Setting Penghantar UPT DKSBI.xlsx,LCD,88,f0ba5b0036e47fb050940334d394bb217cdf81dcbdeea63e562db5b25048167c,2026-08-21,LCD+DIST,LCD,LCD,UNIT,PHT.78,ULTG CITRA RAYA,GI 150kV JATAKE,PHT 150kV CIKUPA#1,#1,1600/5,150 kV/100 V,MPU,ALSTOM,MICOM P442,31830604/07/11,NUMERIK,,,SERIAL|31830604/07/11,HIGH,exact normalized serial
Data Setting Penghantar UPT DKSBI.xlsx,LCD,89,f0ba5b0036e47fb050940334d394bb217cdf81dcbdeea63e562db5b25048167c,2026-08-21,LCD+DIST,LCD,LCD,UNIT,PHT.79,ULTG CITRA RAYA,GI 150kV JATAKE,PHT 150kV CIKUPA#2,#2,1600/5,150 kV/100 V,MPU,ALSTOM,MICOM P442,31830599/07/11,NUMERIK,,,SERIAL|31830599/07/11,HIGH,exact normalized serial
Data Setting Penghantar UPT DKSBI.xlsx,LCD,90,f0ba5b0036e47fb050940334d394bb217cdf81dcbdeea63e562db5b25048167c,2026-08-21,LCD+DIST,LCD,LCD,UNIT,PHT.80,ULTG CITRA RAYA,GI 150kV JATAKE,PHT 150kV JATAKE BARU#1,#1,1600/5,150 kV/100 V,MPU,NR,PCS-931,NRJB20155119B0540,NUMERIK,2021.0,,SERIAL|NRJB20155119B0540,HIGH,exact normalized serial
Data Setting Penghantar UPT DKSBI.xlsx,LCD,91,f0ba5b0036e47fb050940334d394bb217cdf81dcbdeea63e562db5b25048167c,2026-08-21,LCD+DIST,LCD,LCD,UNIT,PHT.81,ULTG CITRA RAYA,GI 150kV JATAKE,PHT 150kV JATAKE BARU#2,#2,1600/5,150 kV/100 V,MPU,NR,PCS-931,NRJB20155119B0550,NUMERIK,2021.0,,SERIAL|NRJB20155119B0550,HIGH,exact normalized serial
Data Setting Penghantar UPT DKSBI.xlsx,LCD,92,f0ba5b0036e47fb050940334d394bb217cdf81dcbdeea63e562db5b25048167c,2026-08-21,LCD+DIST,LCD,LCD,UNIT,PHT.82,ULTG CITRA RAYA,GI 150kV JATAKE,PHT 150kV MAXIMANGANDO#1,#1,1000/1,150 kV/100 V,MPU-A,NR,PCS-931,NRJB2015511830010,NUMERIK,2019.0,,SERIAL|NRJB2015511830010,HIGH,exact normalized serial
Data Setting Penghantar UPT DKSBI.xlsx,LCD,93,f0ba5b0036e47fb050940334d394bb217cdf81dcbdeea63e562db5b25048167c,2026-08-21,LCD+DIST,LCD,LCD,UNIT,PHT.83,ULTG CITRA RAYA,GI 150kV JATAKE,PHT 150kV MAXIMANGANDO#2,#2,1000/1,150 kV/100 V,MPU-A,NR,PCS-931,NRJB2015511830040,NUMERIK,2019.0,,SERIAL|NRJB2015511830040,HIGH,exact normalized serial
Data Setting Penghantar UPT DKSBI.xlsx,LCD,94,f0ba5b0036e47fb050940334d394bb217cdf81dcbdeea63e562db5b25048167c,2026-08-21,LCD+DIST,LCD,LCD,UNIT,PHT.84,ULTG CITRA RAYA,GI 150kV JATAKE,PHT 150kV MAXIMANGANDO#1,#1,1000/1,150 kV/100 V,MPU-B,NR,PCS-931,NRJB2015511830020,NUMERIK,2019.0,,SERIAL|NRJB2015511830020,HIGH,exact normalized serial
Data Setting Penghantar UPT DKSBI.xlsx,LCD,95,f0ba5b0036e47fb050940334d394bb217cdf81dcbdeea63e562db5b25048167c,2026-08-21,LCD+DIST,LCD,LCD,UNIT,PHT.85,ULTG CITRA RAYA,GI 150kV JATAKE,PHT 150kV MAXIMANGANDO#2,#2,1000/1,150 kV/100 V,MPU-B,NR,PCS-931,NRJB2015511830030,NUMERIK,2019.0,,SERIAL|NRJB2015511830030,HIGH,exact normalized serial
Data Setting Penghantar UPT DKSBI.xlsx,LCD,96,f0ba5b0036e47fb050940334d394bb217cdf81dcbdeea63e562db5b25048167c,2026-08-21,LCD+DIST,LCD,LCD,UNIT,PHT.86,ULTG CITRA RAYA,GI 150kV MAXIMANGANDO,PHT 150kV JATAKE#1,#1,1000/1,150 kV/100 V,MPU-A,NR,PCS-931,NRJB2015511830070,NUMERIK,2019.0,,SERIAL|NRJB2015511830070,HIGH,exact normalized serial
Data Setting Penghantar UPT DKSBI.xlsx,LCD,97,f0ba5b0036e47fb050940334d394bb217cdf81dcbdeea63e562db5b25048167c,2026-08-21,LCD+DIST,LCD,LCD,UNIT,PHT.87,ULTG CITRA RAYA,GI 150kV MAXIMANGANDO,PHT 150kV JATAKE#2,#2,1000/1,150 kV/100 V,MPU-A,NR,PCS-931,NRJB2015511830100,NUMERIK,2019.0,,SERIAL|NRJB2015511830100,HIGH,exact normalized serial
Data Setting Penghantar UPT DKSBI.xlsx,LCD,98,f0ba5b0036e47fb050940334d394bb217cdf81dcbdeea63e562db5b25048167c,2026-08-21,LCD+DIST,LCD,LCD,UNIT,PHT.88,ULTG CITRA RAYA,GI 150kV MAXIMANGANDO,PHT 150kV JATAKE#1,#1,1000/1,150 kV/100 V,MPU-B,NR,PCS-931,NRJB2015511830080,NUMERIK,2019.0,,SERIAL|NRJB2015511830080,HIGH,exact normalized serial
Data Setting Penghantar UPT DKSBI.xlsx,LCD,99,f0ba5b0036e47fb050940334d394bb217cdf81dcbdeea63e562db5b25048167c,2026-08-21,LCD+DIST,LCD,LCD,UNIT,PHT.89,ULTG CITRA RAYA,GI 150kV MAXIMANGANDO,PHT 150kV JATAKE#2,#2,1000/1,150 kV/100 V,MPU-B,NR,PCS-931,NRJB2015511830090,NUMERIK,2019.0,,SERIAL|NRJB2015511830090,HIGH,exact normalized serial
Data Setting Penghantar UPT DKSBI.xlsx,LCD,100,f0ba5b0036e47fb050940334d394bb217cdf81dcbdeea63e562db5b25048167c,2026-08-21,LCD+DIST,LCD,LCD,UNIT,PHT.90,ULTG CITRA RAYA,GI 150kV SINDANG JAYA,PHT 150kV BALARAJA#1,#1,4000/1,150 kV/100 V,MPU,NR,PCS-931,NRJB2029221960030,NUMERIK,2021.0,,SERIAL|NRJB2029221960030,HIGH,exact normalized serial
Data Setting Penghantar UPT DKSBI.xlsx,LCD,101,f0ba5b0036e47fb050940334d394bb217cdf81dcbdeea63e562db5b25048167c,2026-08-21,LCD+DIST,LCD,LCD,UNIT,PHT.91,ULTG CITRA RAYA,GI 150kV SINDANG JAYA,PHT 150kV BALARAJA#2,#2,4000/1,150 kV/100 V,MPU,NR,PCS-931,NRJB2029221960100,NUMERIK,2021.0,,SERIAL|NRJB2029221960100,HIGH,exact normalized serial
Data Setting Penghantar UPT DKSBI.xlsx,LCD,102,f0ba5b0036e47fb050940334d394bb217cdf81dcbdeea63e562db5b25048167c,2026-08-21,LCD+DIST,LCD,LCD,UNIT,PHT.92,ULTG CITRA RAYA,GI 150kV SINDANG JAYA,PHT 150kV LONTAR#1,#1,4000/1,150 kV/100 V,MPU,NR,PCS-931,NRJB2006301870170,NUMERIK,2021.0,,SERIAL|NRJB2006301870170,HIGH,exact normalized serial
Data Setting Penghantar UPT DKSBI.xlsx,LCD,103,f0ba5b0036e47fb050940334d394bb217cdf81dcbdeea63e562db5b25048167c,2026-08-21,LCD+DIST,LCD,LCD,UNIT,PHT.93,ULTG CITRA RAYA,GI 150kV SINDANG JAYA,PHT 150kV LONTAR#2,#2,4000/1,150 kV/100 V,MPU,NR,PCS-931,NRJB2015511680190[A74B17],NUMERIK,2021.0,,SERIAL|NRJB2015511680190[A74B17],HIGH,exact normalized serial
Data Setting Penghantar UPT DKSBI.xlsx,LCD,104,f0ba5b0036e47fb050940334d394bb217cdf81dcbdeea63e562db5b25048167c,2026-08-21,LCD+DIST,LCD,LCD,UNIT,PHT.94,ULTG CITRA RAYA,GI 150kV SINDANG JAYA,PHT 150kV SUVARNA SUTERA#1,#1,4000/1,150 kV/100 V,MPU,NR,PCS-931,NRJB2029221960020,NUMERIK,2021.0,,SERIAL|NRJB2029221960020,HIGH,exact normalized serial
Data Setting Penghantar UPT DKSBI.xlsx,LCD,105,f0ba5b0036e47fb050940334d394bb217cdf81dcbdeea63e562db5b25048167c,2026-08-21,LCD+DIST,LCD,LCD,UNIT,PHT.95,ULTG CITRA RAYA,GI 150kV SINDANG JAYA,PHT 150kV SUVARNA SUTERA#2,#2,4000/1,150 kV/100 V,MPU,NR,PCS-931,NRJB2029221960010,NUMERIK,2021.0,,SERIAL|NRJB2029221960010,HIGH,exact normalized serial
Data Setting Penghantar UPT DKSBI.xlsx,LCD,106,f0ba5b0036e47fb050940334d394bb217cdf81dcbdeea63e562db5b25048167c,2026-08-21,LCD+DIST,LCD,LCD,UNIT,PHT.96,ULTG CITRA RAYA,GI 150kV TANGERANG BARU,PHT 150kV LONTAR#1,#1,3000/1,150 kV/100 V,MPU,GE,MICOM P546,36265528/12/22,NUMERIK,2021.0,,SERIAL|36265528/12/22,HIGH,exact normalized serial
Data Setting Penghantar UPT DKSBI.xlsx,LCD,107,f0ba5b0036e47fb050940334d394bb217cdf81dcbdeea63e562db5b25048167c,2026-08-21,LCD+DIST,LCD,LCD,UNIT,PHT.97,ULTG CITRA RAYA,GI 150kV TANGERANG BARU,PHT 150kV LONTAR#2,#2,3000/1,150 kV/100 V,MPU,GE,MICOM P546,36265524/12/22,NUMERIK,2021.0,,SERIAL|36265524/12/22,HIGH,exact normalized serial
Data Setting Penghantar UPT DKSBI.xlsx,LCD,108,f0ba5b0036e47fb050940334d394bb217cdf81dcbdeea63e562db5b25048167c,2026-08-21,LCD+DIST,LCD,LCD,UNIT,PHT.98,ULTG CITRA RAYA,GI 150kV TANGERANG BARU,PHT 150kV ITS,#1,3000/1,150 kV/100 V,MPU,GE,MICOM P545,35298236/03/21,NUMERIK,2021.0,,SERIAL|35298236/03/21,HIGH,exact normalized serial
Data Setting Penghantar UPT DKSBI.xlsx,LCD,109,f0ba5b0036e47fb050940334d394bb217cdf81dcbdeea63e562db5b25048167c,2026-08-21,LCD+DIST,LCD,LCD,UNIT,PHT.99,ULTG CITRA RAYA,GI 150kV TANGERANG BARU,PHT 150kV CENGKARENG BARU,#1,3000/1,150 kV/100 V,MPU,AREVA,MICOM P543,3379379/05/09,NUMERIK,2021.0,,SERIAL|3379379/05/09,HIGH,exact normalized serial
Data Setting Penghantar UPT DKSBI.xlsx,LCD,110,f0ba5b0036e47fb050940334d394bb217cdf81dcbdeea63e562db5b25048167c,2026-08-21,LCD+DIST,LCD,LCD,UNIT,PHT.100,ULTG CITRA RAYA,GI 150kV TELUK NAGA,PHT 150kV DADAP#1,#1,3000/1,150 kV/100 V,MPU,AREVA,MICOM P546,34434876/05/18,NUMERIK,,,SERIAL|34434876/05/18,HIGH,exact normalized serial
Data Setting Penghantar UPT DKSBI.xlsx,LCD,111,f0ba5b0036e47fb050940334d394bb217cdf81dcbdeea63e562db5b25048167c,2026-08-21,LCD+DIST,LCD,LCD,UNIT,PHT.101,ULTG CITRA RAYA,GI 150kV TELUK NAGA,PHT 150kV DADAP#2,#2,3000/1,150 kV/100 V,MPU,AREVA,MICOM P546,34450419/05/18,NUMERIK,,,SERIAL|34450419/05/18,HIGH,exact normalized serial
Data Setting Penghantar UPT DKSBI.xlsx,LCD,112,f0ba5b0036e47fb050940334d394bb217cdf81dcbdeea63e562db5b25048167c,2026-08-21,LCD+DIST,LCD,LCD,UNIT,PHT.102,ULTG CITRA RAYA,GI 150kV TELUK NAGA,PHT 150kV SEPATAN#1,#1,1600/1,150 kV/100 V,MPU,GE,MICOM P546,,NUMERIK,2018.0,,ASSET|GI 150KV TELUK NAGA|PHT 150KV SEPATAN#1|#1|GE|MICOM P546|MPU,MEDIUM,exact normalized asset attributes
Data Setting Penghantar UPT DKSBI.xlsx,LCD,113,f0ba5b0036e47fb050940334d394bb217cdf81dcbdeea63e562db5b25048167c,2026-08-21,LCD+DIST,LCD,LCD,UNIT,PHT.103,ULTG CITRA RAYA,GI 150kV TELUK NAGA,PHT 150kV SEPATAN#2,#2,1600/1,150 kV/100 V,MPU,GE,MICOM P546,,NUMERIK,2018.0,,ASSET|GI 150KV TELUK NAGA|PHT 150KV SEPATAN#2|#2|GE|MICOM P546|MPU,MEDIUM,exact normalized asset attributes
Data Setting Penghantar UPT DKSBI.xlsx,LCD,114,f0ba5b0036e47fb050940334d394bb217cdf81dcbdeea63e562db5b25048167c,2026-08-21,LCD+DIST,LCD,LCD,UNIT,PHT.104,ULTG CITRA RAYA,GIS 150kV JATAKE BARU,PHT 150kV JATAKE#1,#1,2000/1,150 kV/100 V,MPU,NR,PCS-931,NRJB20155119B0340,NUMERIK,2021.0,,SERIAL|NRJB20155119B0340,HIGH,exact normalized serial
Data Setting Penghantar UPT DKSBI.xlsx,LCD,115,f0ba5b0036e47fb050940334d394bb217cdf81dcbdeea63e562db5b25048167c,2026-08-21,LCD+DIST,LCD,LCD,UNIT,PHT.105,ULTG CITRA RAYA,GIS 150kV JATAKE BARU,PHT 150kV JATAKE#2,#2,2000/1,150 kV/100 V,MPU,NR,PCS-931,NRJB20155119B0050,NUMERIK,2021.0,,SERIAL|NRJB20155119B0050,HIGH,exact normalized serial
Data Setting Penghantar UPT DKSBI.xlsx,LCD,116,f0ba5b0036e47fb050940334d394bb217cdf81dcbdeea63e562db5b25048167c,2026-08-21,LCD+DIST,LCD,LCD,UNIT,PHT.106,ULTG CITRA RAYA,GIS 150kV JATAKE BARU,PHT 150kV TANGERANG#1,#1,2000/1,150 kV/100 V,MPU,NR,PCS-931,NRJB20155119B0370,NUMERIK,2021.0,,SERIAL|NRJB20155119B0370,HIGH,exact normalized serial
Data Setting Penghantar UPT DKSBI.xlsx,LCD,117,f0ba5b0036e47fb050940334d394bb217cdf81dcbdeea63e562db5b25048167c,2026-08-21,LCD+DIST,LCD,LCD,UNIT,PHT.107,ULTG CITRA RAYA,GIS 150kV JATAKE BARU,PHT 150kV TANGERANG#2,#2,2000/1,150 kV/100 V,MPU,NR,PCS-931,NRJB20155119B0360,NUMERIK,2021.0,,SERIAL|NRJB20155119B0360,HIGH,exact normalized serial
Data Setting Penghantar UPT DKSBI.xlsx,LCD,118,f0ba5b0036e47fb050940334d394bb217cdf81dcbdeea63e562db5b25048167c,2026-08-21,LCD+DIST,LCD,LCD,UNIT,PHT.108,ULTG CITRA RAYA,GIS 150kV LONTAR,PHT 150kV SINDANG JAYA#1,#1,4000/1,150 kV/100 V,MPU,SCHNEIDER,MICOM P443,39615255/07/17,NUMERIK,2021.0,,SERIAL|39615255/07/17,HIGH,exact normalized serial
Data Setting Penghantar UPT DKSBI.xlsx,LCD,119,f0ba5b0036e47fb050940334d394bb217cdf81dcbdeea63e562db5b25048167c,2026-08-21,LCD+DIST,LCD,LCD,UNIT,PHT.109,ULTG CITRA RAYA,GIS 150kV LONTAR,PHT 150kV SINDANG JAYA#2,#2,4000/1,150 kV/100 V,MPU,SCHNEIDER,MICOM P443,39619256/07/17,NUMERIK,2021.0,,SERIAL|39619256/07/17,HIGH,exact normalized serial
Data Setting Penghantar UPT DKSBI.xlsx,LCD,120,f0ba5b0036e47fb050940334d394bb217cdf81dcbdeea63e562db5b25048167c,2026-08-21,LCD+DIST,LCD,LCD,UNIT,PHT.110,ULTG CITRA RAYA,GIS 150kV LONTAR,PHT 150kV DADAP#1,#1,3000/1,150 kV/100 V,MPU,ALSTOM,MICOM P446,34389472/03/18,NUMERIK,,,SERIAL|34389472/03/18,HIGH,exact normalized serial
Data Setting Penghantar UPT DKSBI.xlsx,LCD,121,f0ba5b0036e47fb050940334d394bb217cdf81dcbdeea63e562db5b25048167c,2026-08-21,LCD+DIST,LCD,LCD,UNIT,PHT.111,ULTG CITRA RAYA,GIS 150kV LONTAR,PHT 150kV DADAP#2,#2,3000/1,150 kV/100 V,MPU,ALSTOM,MICOM P446,34486172/06/18,NUMERIK,,,SERIAL|34486172/06/18,HIGH,exact normalized serial
Data Setting Penghantar UPT DKSBI.xlsx,LCD,122,f0ba5b0036e47fb050940334d394bb217cdf81dcbdeea63e562db5b25048167c,2026-08-21,LCD+DIST,LCD,LCD,UNIT,PHT.112,ULTG CITRA RAYA,GIS 150kV LONTAR,PHT 150kV TANGERANG BARU#1,#1,3000/1,150 kV/100 V,MPU,GE,MICOM P546,36265529/12/22,NUMERIK,,,SERIAL|36265529/12/22,HIGH,exact normalized serial
Data Setting Penghantar UPT DKSBI.xlsx,LCD,123,f0ba5b0036e47fb050940334d394bb217cdf81dcbdeea63e562db5b25048167c,2026-08-21,LCD+DIST,LCD,LCD,UNIT,PHT.113,ULTG CITRA RAYA,GIS 150kV LONTAR,PHT 150kV TANGERANG BARU#2,#2,3000/1,150 kV/100 V,MPU,GE,MICOM P546,36265525/12/22,NUMERIK,,,SERIAL|36265525/12/22,HIGH,exact normalized serial
Data Setting Penghantar UPT DKSBI.xlsx,LCD,124,f0ba5b0036e47fb050940334d394bb217cdf81dcbdeea63e562db5b25048167c,2026-08-21,LCD+DIST,LCD,LCD,UNIT,PHT.114,ULTG DURIKOSAMBI,GI 150kV CENGKARENG,PHT 150kV DURIKOSAMBI#1,#1,2000/5,150 kV/100 V,MPU,GE,MICOM P545,36039278/03/22,NUMERIK,,,SERIAL|36039278/03/22,HIGH,exact normalized serial
Data Setting Penghantar UPT DKSBI.xlsx,LCD,125,f0ba5b0036e47fb050940334d394bb217cdf81dcbdeea63e562db5b25048167c,2026-08-21,LCD+DIST,LCD,LCD,UNIT,PHT.115,ULTG DURIKOSAMBI,GI 150kV CENGKARENG,PHT 150kV DURIKOSAMBI#2,#2,2000/5,150 kV/100 V,MPU,GE,MICOM P545,36039283/03/22,NUMERIK,,,SERIAL|36039283/03/22,HIGH,exact normalized serial
Data Setting Penghantar UPT DKSBI.xlsx,LCD,126,f0ba5b0036e47fb050940334d394bb217cdf81dcbdeea63e562db5b25048167c,2026-08-21,LCD+DIST,LCD,LCD,UNIT,PHT.116,ULTG DURIKOSAMBI,GI 150kV CENGKARENG,PHT 150kV CENGKARENG BARU#1,#1,4000/5,150 kV/100 V,MPU,AREVA,MICOM P545,3379381/07/10,NUMERIK,2012.0,,SERIAL|3379381/07/10,HIGH,exact normalized serial
Data Setting Penghantar UPT DKSBI.xlsx,LCD,127,f0ba5b0036e47fb050940334d394bb217cdf81dcbdeea63e562db5b25048167c,2026-08-21,LCD+DIST,LCD,LCD,UNIT,PHT.117,ULTG DURIKOSAMBI,GI 150kV CENGKARENG,PHT 150kV CENGKARENG BARU#2,#2,3000/5,150 kV/100 V,MPU,AREVA,MICOM P545,3379382/05/09,NUMERIK,2011.0,,SERIAL|3379382/05/09,HIGH,exact normalized serial
Data Setting Penghantar UPT DKSBI.xlsx,LCD,128,f0ba5b0036e47fb050940334d394bb217cdf81dcbdeea63e562db5b25048167c,2026-08-21,LCD+DIST,LCD,LCD,UNIT,PHT.118,ULTG DURIKOSAMBI,GI 150kV CENGKARENG,PHT 150kV TANGERANG#1,#1,2000/5,150 kV/100 V,MPU,SIEMENS,7SL87,BM1911005993,NUMERIK,2021.0,,SERIAL|BM1911005993,HIGH,exact normalized serial
Data Setting Penghantar UPT DKSBI.xlsx,LCD,129,f0ba5b0036e47fb050940334d394bb217cdf81dcbdeea63e562db5b25048167c,2026-08-21,LCD+DIST,LCD,LCD,UNIT,PHT.119,ULTG DURIKOSAMBI,GI 150kV CENGKARENG,PHT 150kV TANGERANG#2,#2,2000/5,150 kV/100 V,MPU,SIEMENS,7SL87,BM1911005990,NUMERIK,2021.0,,SERIAL|BM1911005990,HIGH,exact normalized serial
Data Setting Penghantar UPT DKSBI.xlsx,LCD,130,f0ba5b0036e47fb050940334d394bb217cdf81dcbdeea63e562db5b25048167c,2026-08-21,LCD+DIST,LCD,LCD,UNIT,PHT.120,ULTG DURIKOSAMBI,GI 150kV CENGKARENG BARU,PHT 150kV BANDARA SOEKARNO HATTA#1,#1,1000/1,150 kV/100 V,MPU,Siemens,7SL87,,NUMERIK,2019.0,,ASSET|GI 150KV CENGKARENG BARU|PHT 150KV BANDARA SOEKARNO HATTA#1|#1|SIEMENS|7SL87|MPU,MEDIUM,exact normalized asset attributes
Data Setting Penghantar UPT DKSBI.xlsx,LCD,131,f0ba5b0036e47fb050940334d394bb217cdf81dcbdeea63e562db5b25048167c,2026-08-21,LCD+DIST,LCD,LCD,UNIT,PHT.121,ULTG DURIKOSAMBI,GI 150kV CENGKARENG BARU,PHT 150kV BANDARA SOEKARNO HATTA#2,#2,1000/1,150 kV/100 V,MPU,Siemens,7SL87,,NUMERIK,2019.0,,ASSET|GI 150KV CENGKARENG BARU|PHT 150KV BANDARA SOEKARNO HATTA#2|#2|SIEMENS|7SL87|MPU,MEDIUM,exact normalized asset attributes
Data Setting Penghantar UPT DKSBI.xlsx,LCD,132,f0ba5b0036e47fb050940334d394bb217cdf81dcbdeea63e562db5b25048167c,2026-08-21,LCD+DIST,LCD,LCD,UNIT,PHT.122,ULTG DURIKOSAMBI,GI 150kV CENGKARENG BARU,PHT 150kV CENGKARENG#1,#1,4000/1,150 kV/100 V,MPU,ALSTOM,MICOM P545,33980376/02/17,NUMERIK,2018.0,,SERIAL|33980376/02/17,HIGH,exact normalized serial
Data Setting Penghantar UPT DKSBI.xlsx,LCD,133,f0ba5b0036e47fb050940334d394bb217cdf81dcbdeea63e562db5b25048167c,2026-08-21,LCD+DIST,LCD,LCD,UNIT,PHT.123,ULTG DURIKOSAMBI,GI 150kV CENGKARENG BARU,PHT 150kV CENGKARENG#2,#2,4000/1,150 kV/100 V,MPU,ALSTOM,MICOM P545,33980375/02/17,NUMERIK,2018.0,,SERIAL|33980375/02/17,HIGH,exact normalized serial
Data Setting Penghantar UPT DKSBI.xlsx,LCD,134,f0ba5b0036e47fb050940334d394bb217cdf81dcbdeea63e562db5b25048167c,2026-08-21,LCD+DIST,LCD,LCD,UNIT,PHT.124,ULTG DURIKOSAMBI,GI 150kV CENGKARENG BARU,PHT 150kV ITS,#1,4000/1,150 kV/100 V,MPU,ALSTOM,MICOM P545,33980378/02/17,NUMERIK,2018.0,,SERIAL|33980378/02/17,HIGH,exact normalized serial
Data Setting Penghantar UPT DKSBI.xlsx,LCD,135,f0ba5b0036e47fb050940334d394bb217cdf81dcbdeea63e562db5b25048167c,2026-08-21,LCD+DIST,LCD,LCD,UNIT,PHT.125,ULTG DURIKOSAMBI,GI 150kV CENGKARENG BARU,PHT 150kV TANGERANG BARU,#1,4000/1,150 kV/100 V,MPU,ALSTOM,MICOM P545,33980371/02/17,NUMERIK,2018.0,,SERIAL|33980371/02/17,HIGH,exact normalized serial
Data Setting Penghantar UPT DKSBI.xlsx,LCD,136,f0ba5b0036e47fb050940334d394bb217cdf81dcbdeea63e562db5b25048167c,2026-08-21,LCD+DIST,LCD,LCD,UNIT,PHT.126,ULTG DURIKOSAMBI,GI 150kV CILEDUG,PHT 150kV ALAM SUTERA#1,#1,3000/1,150 kV/100 V,MPU,ALSTOM,MICOM P543,32069227/02/12,NUMERIK,2015.0,,SERIAL|32069227/02/12,HIGH,exact normalized serial
Data Setting Penghantar UPT DKSBI.xlsx,LCD,137,f0ba5b0036e47fb050940334d394bb217cdf81dcbdeea63e562db5b25048167c,2026-08-21,LCD+DIST,LCD,LCD,UNIT,PHT.127,ULTG DURIKOSAMBI,GI 150kV CILEDUG,PHT 150kV ALAM SUTERA#2,#2,2000/1,150 kV/100 V,MPU,ALSTOM,MICOM P545,34665003/12/18,NUMERIK,2020.0,,SERIAL|34665003/12/18,HIGH,exact normalized serial
Data Setting Penghantar UPT DKSBI.xlsx,LCD,138,f0ba5b0036e47fb050940334d394bb217cdf81dcbdeea63e562db5b25048167c,2026-08-21,LCD+DIST,LCD,LCD,UNIT,PHT.128,ULTG DURIKOSAMBI,GI 150kV CILEDUG,PHT 150kV METLAND#1,#1,3200/1,150 kV/100 V,MPU,ALSTOM,MICOM P545,34486736/06/18,NUMERIK,2019.0,,SERIAL|34486736/06/18,HIGH,exact normalized serial
Data Setting Penghantar UPT DKSBI.xlsx,LCD,139,f0ba5b0036e47fb050940334d394bb217cdf81dcbdeea63e562db5b25048167c,2026-08-21,LCD+DIST,LCD,LCD,UNIT,PHT.129,ULTG DURIKOSAMBI,GI 150kV CILEDUG,PHT 150kV METLAND#2,#2,2000/1,150 kV/100 V,MPU,ALSTOM,MICOM P545,34721257/02/19,NUMERIK,2019.0,,SERIAL|34721257/02/19,HIGH,exact normalized serial
Data Setting Penghantar UPT DKSBI.xlsx,LCD,140,f0ba5b0036e47fb050940334d394bb217cdf81dcbdeea63e562db5b25048167c,2026-08-21,LCD+DIST,LCD,LCD,UNIT,PHT.130,ULTG DURIKOSAMBI,GI 150kV DURIKOSAMBI,PHT 150kV CENGKARENG#1,#1,2000/5,150 kV/100 V,MPU,GE,MICOM P545,36039279/03/22,NUMERIK,,,SERIAL|36039279/03/22,HIGH,exact normalized serial
Data Setting Penghantar UPT DKSBI.xlsx,LCD,141,f0ba5b0036e47fb050940334d394bb217cdf81dcbdeea63e562db5b25048167c,2026-08-21,LCD+DIST,LCD,LCD,UNIT,PHT.131,ULTG DURIKOSAMBI,GI 150kV DURIKOSAMBI,PHT 150kV CENGKARENG#2,#2,2000/5,150 kV/100 V,MPU,GE,MICOM P545,36039282/03/22,NUMERIK,,,SERIAL|36039282/03/22,HIGH,exact normalized serial
Data Setting Penghantar UPT DKSBI.xlsx,LCD,142,f0ba5b0036e47fb050940334d394bb217cdf81dcbdeea63e562db5b25048167c,2026-08-21,LCD+DIST,LCD,LCD,UNIT,PHT.132,ULTG DURIKOSAMBI,GI 150kV DURIKOSAMBI,PHT 150kV LMK,#1,1000/5,150 kV/100 V,MPU,ALSTOM,MICOM P443,34486778/06/18,NUMERIK,2019.0,,SERIAL|34486778/06/18,HIGH,exact normalized serial
Data Setting Penghantar UPT DKSBI.xlsx,LCD,143,f0ba5b0036e47fb050940334d394bb217cdf81dcbdeea63e562db5b25048167c,2026-08-21,LCD+DIST,LCD,LCD,UNIT,PHT.133,ULTG DURIKOSAMBI,GI 150kV DURIKOSAMBI,PHT 150kV GROGOL BARU#1,#1,1600/5,150 kV/100 V,MPU,SIEMENS,7SL87,BM1809009344,NUMERIK,2019.0,,SERIAL|BM1809009344,HIGH,exact normalized serial
Data Setting Penghantar UPT DKSBI.xlsx,LCD,144,f0ba5b0036e47fb050940334d394bb217cdf81dcbdeea63e562db5b25048167c,2026-08-21,LCD+DIST,LCD,LCD,UNIT,PHT.134,ULTG DURIKOSAMBI,GI 150kV DURIKOSAMBI,PHT 150kV GROGOL BARU#2,#2,1600/5,150 kV/100 V,MPU,SIEMENS,7SL87,BM1909000272,NUMERIK,2020.0,,SERIAL|BM1909000272,HIGH,exact normalized serial
Data Setting Penghantar UPT DKSBI.xlsx,LCD,145,f0ba5b0036e47fb050940334d394bb217cdf81dcbdeea63e562db5b25048167c,2026-08-21,LCD+DIST,LCD,LCD,UNIT,PHT.135,ULTG DURIKOSAMBI,GI 150kV DURIKOSAMBI,PHT 150kV KEBON JERUK#1,#1,4000/5,150 kV/100 V,MPU,ALSTOM,MICOM P545,34483353/06/18,NUMERIK,2019.0,,SERIAL|34483353/06/18,HIGH,exact normalized serial
Data Setting Penghantar UPT DKSBI.xlsx,LCD,146,f0ba5b0036e47fb050940334d394bb217cdf81dcbdeea63e562db5b25048167c,2026-08-21,LCD+DIST,LCD,LCD,UNIT,PHT.136,ULTG DURIKOSAMBI,GI 150kV DURIKOSAMBI,PHT 150kV KEBON JERUK#2,#2,2000/5,150 kV/100 V,MPU,ALSTOM,MICOM P545,34482260/06/18,NUMERIK,2019.0,,SERIAL|34482260/06/18,HIGH,exact normalized serial
Data Setting Penghantar UPT DKSBI.xlsx,LCD,147,f0ba5b0036e47fb050940334d394bb217cdf81dcbdeea63e562db5b25048167c,2026-08-21,LCD+DIST,LCD,LCD,UNIT,PHT.137,ULTG DURIKOSAMBI,GI 150kV DURIKOSAMBI,PHT 150kV KEMBANGAN#1,#1,1000/5,150 kV/100 V,MPU,ALSTOM,MICOM P545,33081355/10/14,NUMERIK,2018.0,,SERIAL|33081355/10/14,HIGH,exact normalized serial
Data Setting Penghantar UPT DKSBI.xlsx,LCD,148,f0ba5b0036e47fb050940334d394bb217cdf81dcbdeea63e562db5b25048167c,2026-08-21,LCD+DIST,LCD,LCD,UNIT,PHT.138,ULTG DURIKOSAMBI,GI 150kV DURIKOSAMBI,PHT 150kV KEMBANGAN#2,#2,1000/5,150 kV/100 V,MPU,ALSTOM,MICOM P546,33081360/10/14,NUMERIK,2018.0,,SERIAL|33081360/10/14,HIGH,exact normalized serial
Data Setting Penghantar UPT DKSBI.xlsx,LCD,149,f0ba5b0036e47fb050940334d394bb217cdf81dcbdeea63e562db5b25048167c,2026-08-21,LCD+DIST,LCD,LCD,UNIT,PHT.139,ULTG DURIKOSAMBI,GI 150kV DURIKOSAMBI,PHT 150kV DAAN MOGOT#1,#1,3000/5,150 kV/100 V,MPU,ABB,RED670,T1645095,NUMERIK,2020.0,,SERIAL|T1645095,HIGH,exact normalized serial
Data Setting Penghantar UPT DKSBI.xlsx,LCD,150,f0ba5b0036e47fb050940334d394bb217cdf81dcbdeea63e562db5b25048167c,2026-08-21,LCD+DIST,LCD,LCD,UNIT,PHT.140,ULTG DURIKOSAMBI,GI 150kV DURIKOSAMBI,PHT 150kV DAAN MOGOT#2,#2,4000/5,150 kV/100 V,MPU,ABB,RED670,T1645094,NUMERIK,2020.0,,SERIAL|T1645094,HIGH,exact normalized serial
Data Setting Penghantar UPT DKSBI.xlsx,LCD,151,f0ba5b0036e47fb050940334d394bb217cdf81dcbdeea63e562db5b25048167c,2026-08-21,LCD+DIST,LCD,LCD,UNIT,PHT.141,ULTG DURIKOSAMBI,GI 150kV TANGERANG,PHT 150kV CENGKARENG#1,#1,2000/5,150 kV/100 V,MPU,SIEMENS,7SL87,BM1911005996,NUMERIK,2021.0,,SERIAL|BM1911005996,HIGH,exact normalized serial
Data Setting Penghantar UPT DKSBI.xlsx,LCD,152,f0ba5b0036e47fb050940334d394bb217cdf81dcbdeea63e562db5b25048167c,2026-08-21,LCD+DIST,LCD,LCD,UNIT,PHT.142,ULTG DURIKOSAMBI,GI 150kV TANGERANG,PHT 150kV CENGKARENG#2,#2,2000/5,150 kV/100 V,MPU,SIEMENS,7SL87,BM1911005987,NUMERIK,2021.0,,SERIAL|BM1911005987,HIGH,exact normalized serial
Data Setting Penghantar UPT DKSBI.xlsx,LCD,153,f0ba5b0036e47fb050940334d394bb217cdf81dcbdeea63e562db5b25048167c,2026-08-21,LCD+DIST,LCD,LCD,UNIT,PHT.143,ULTG DURIKOSAMBI,GI 150kV TANGERANG,PHT 150kV JATAKE BARU#1,#1,2000/5,150 kV/100 V,MPU,NR,PCS-931,NRJB20155119B0560,NUMERIK,2021.0,,SERIAL|NRJB20155119B0560,HIGH,exact normalized serial
Data Setting Penghantar UPT DKSBI.xlsx,LCD,154,f0ba5b0036e47fb050940334d394bb217cdf81dcbdeea63e562db5b25048167c,2026-08-21,LCD+DIST,LCD,LCD,UNIT,PHT.144,ULTG DURIKOSAMBI,GI 150kV TANGERANG,PHT 150kV JATAKE BARU#2,#2,2000/5,150 kV/100 V,MPU,NR,PCS-931,NRJB20155119B0570,NUMERIK,2021.0,,SERIAL|NRJB20155119B0570,HIGH,exact normalized serial
Data Setting Penghantar UPT DKSBI.xlsx,LCD,155,f0ba5b0036e47fb050940334d394bb217cdf81dcbdeea63e562db5b25048167c,2026-08-21,LCD+DIST,LCD,LCD,UNIT,PHT.145,ULTG DURIKOSAMBI,GIS 150kV ALAM SUTERA,PHT 150kV CILEDUG#1,#1,4000/1,150 kV/100 V,MPU,ALSTOM,MICOM P543,32069229/02/12,NUMERIK,2014.0,,SERIAL|32069229/02/12,HIGH,exact normalized serial
Data Setting Penghantar UPT DKSBI.xlsx,LCD,156,f0ba5b0036e47fb050940334d394bb217cdf81dcbdeea63e562db5b25048167c,2026-08-21,LCD+DIST,LCD,LCD,UNIT,PHT.146,ULTG DURIKOSAMBI,GIS 150kV ALAM SUTERA,PHT 150kV CILEDUG#2,#2,2000/1,150 kV/100 V,MPU,ALSTOM,MICOM P545,34486819/06/18,NUMERIK,2020.0,,SERIAL|34486819/06/18,HIGH,exact normalized serial
Data Setting Penghantar UPT DKSBI.xlsx,LCD,157,f0ba5b0036e47fb050940334d394bb217cdf81dcbdeea63e562db5b25048167c,2026-08-21,LCD+DIST,LCD,LCD,UNIT,PHT.147,ULTG DURIKOSAMBI,GIS 150kV ALAM SUTERA,PHT 150kV SUMMARECON GADING SERPONG#1,#1,2000/1,150 kV/100 V,MPU,ABB,RED670,T1809136,NUMERIK,2019.0,,SERIAL|T1809136,HIGH,exact normalized serial
Data Setting Penghantar UPT DKSBI.xlsx,LCD,158,f0ba5b0036e47fb050940334d394bb217cdf81dcbdeea63e562db5b25048167c,2026-08-21,LCD+DIST,LCD,LCD,UNIT,PHT.148,ULTG DURIKOSAMBI,GIS 150kV ALAM SUTERA,PHT 150kV SUMMARECON GADING SERPONG#2,#2,2000/1,150 kV/100 V,MPU,ABB,RED670,T1809137,NUMERIK,2019.0,,SERIAL|T1809137,HIGH,exact normalized serial
Data Setting Penghantar UPT DKSBI.xlsx,LCD,159,f0ba5b0036e47fb050940334d394bb217cdf81dcbdeea63e562db5b25048167c,2026-08-21,LCD+DIST,LCD,LCD,UNIT,PHT.149,ULTG DURIKOSAMBI,GIS 150kV KEMBANGAN,PHT 150kV METLAND#1,#1,3200/5,150 kV/100 V,MPU,SIEMENS,7SL87,BM1802009731,NUMERIK,2019.0,,SERIAL|BM1802009731,HIGH,exact normalized serial
Data Setting Penghantar UPT DKSBI.xlsx,LCD,160,f0ba5b0036e47fb050940334d394bb217cdf81dcbdeea63e562db5b25048167c,2026-08-21,LCD+DIST,LCD,LCD,UNIT,PHT.150,ULTG DURIKOSAMBI,GIS 150kV KEMBANGAN,PHT 150kV METLAND#2,#2,3200/5,150 kV/100 V,MPU,SIEMENS,7SL87,BM1801000462,NUMERIK,2019.0,,SERIAL|BM1801000462,HIGH,exact normalized serial
Data Setting Penghantar UPT DKSBI.xlsx,LCD,161,f0ba5b0036e47fb050940334d394bb217cdf81dcbdeea63e562db5b25048167c,2026-08-21,LCD+DIST,LCD,LCD,UNIT,PHT.151,ULTG DURIKOSAMBI,GIS 150kV KEMBANGAN,PHT 150kV DURIKOSAMBI#1,#1,1000/5,150 kV/100 V,MPU,ALSTOM,MICOM P545,33081356/10/14,NUMERIK,2018.0,,SERIAL|33081356/10/14,HIGH,exact normalized serial
Data Setting Penghantar UPT DKSBI.xlsx,LCD,162,f0ba5b0036e47fb050940334d394bb217cdf81dcbdeea63e562db5b25048167c,2026-08-21,LCD+DIST,LCD,LCD,UNIT,PHT.152,ULTG DURIKOSAMBI,GIS 150kV KEMBANGAN,PHT 150kV DURIKOSAMBI#2,#2,1000/5,150 kV/100 V,MPU,ALSTOM,MICOM P546,33081359/10/14,NUMERIK,2018.0,,SERIAL|33081359/10/14,HIGH,exact normalized serial
Data Setting Penghantar UPT DKSBI.xlsx,LCD,163,f0ba5b0036e47fb050940334d394bb217cdf81dcbdeea63e562db5b25048167c,2026-08-21,LCD+DIST,LCD,LCD,UNIT,PHT.153,ULTG DURIKOSAMBI,GIS 150kV KEMBANGAN,PHT 150kV NEW SENAYAN#1,#1,1000/5,150 kV/100 V,MPU,GE,MICOM P546,,NUMERIK,2025.0,,ASSET|GIS 150KV KEMBANGAN|PHT 150KV NEW SENAYAN#1|#1|GE|MICOM P546|MPU,MEDIUM,exact normalized asset attributes
Data Setting Penghantar UPT DKSBI.xlsx,LCD,164,f0ba5b0036e47fb050940334d394bb217cdf81dcbdeea63e562db5b25048167c,2026-08-21,LCD+DIST,LCD,LCD,UNIT,PHT.154,ULTG DURIKOSAMBI,GIS 150kV KEMBANGAN,PHT 150kV NEW SENAYAN#2,#2,1000/5,150 kV/100 V,MPU,GE,MICOM P546,,NUMERIK,2025.0,,ASSET|GIS 150KV KEMBANGAN|PHT 150KV NEW SENAYAN#2|#2|GE|MICOM P546|MPU,MEDIUM,exact normalized asset attributes
Data Setting Penghantar UPT DKSBI.xlsx,LCD,165,f0ba5b0036e47fb050940334d394bb217cdf81dcbdeea63e562db5b25048167c,2026-08-21,LCD+DIST,LCD,LCD,UNIT,PHT.155,ULTG DURIKOSAMBI,GIS 150kV KEMBANGAN,PHT 150kV PETUKANGAN#1,#1,2000/5,150 kV/100 V,MPU,NR,PCS-931,,NUMERIK,2019.0,,ASSET|GIS 150KV KEMBANGAN|PHT 150KV PETUKANGAN#1|#1|NR|PCS-931|MPU,MEDIUM,exact normalized asset attributes
Data Setting Penghantar UPT DKSBI.xlsx,LCD,166,f0ba5b0036e47fb050940334d394bb217cdf81dcbdeea63e562db5b25048167c,2026-08-21,LCD+DIST,LCD,LCD,UNIT,PHT.156,ULTG DURIKOSAMBI,GIS 150kV KEMBANGAN,PHT 150kV PETUKANGAN#2,#2,2000/5,150 kV/100 V,MPU,NR,PCS-931,,NUMERIK,2019.0,,ASSET|GIS 150KV KEMBANGAN|PHT 150KV PETUKANGAN#2|#2|NR|PCS-931|MPU,MEDIUM,exact normalized asset attributes
Data Setting Penghantar UPT DKSBI.xlsx,LCD,167,f0ba5b0036e47fb050940334d394bb217cdf81dcbdeea63e562db5b25048167c,2026-08-21,LCD+DIST,LCD,LCD,UNIT,PHT.157,ULTG DURIKOSAMBI,GIS 150kV METLAND,PHT 150kV KEMBANGAN#1,#1,2000/1,150 kV/100 V,MPU,SIEMENS,7SL87,BM1802009734,NUMERIK,2022.0,,SERIAL|BM1802009734,HIGH,exact normalized serial
Data Setting Penghantar UPT DKSBI.xlsx,LCD,168,f0ba5b0036e47fb050940334d394bb217cdf81dcbdeea63e562db5b25048167c,2026-08-21,LCD+DIST,LCD,LCD,UNIT,PHT.158,ULTG DURIKOSAMBI,GIS 150kV METLAND,PHT 150kV KEMBANGAN#2,#2,2000/1,150 kV/100 V,MPU,SIEMENS,7SL87,BM1801000459,NUMERIK,2022.0,,SERIAL|BM1801000459,HIGH,exact normalized serial
Data Setting Penghantar UPT DKSBI.xlsx,LCD,169,f0ba5b0036e47fb050940334d394bb217cdf81dcbdeea63e562db5b25048167c,2026-08-21,LCD+DIST,LCD,LCD,UNIT,PHT.159,ULTG DURIKOSAMBI,GIS 150kV METLAND,PHT 150kV CILEDUG#1,#1,2000/1,150 kV/100 V,MPU,ALSTOM,MICOM P545,34486820/06/18,NUMERIK,2022.0,,SERIAL|34486820/06/18,HIGH,exact normalized serial
Data Setting Penghantar UPT DKSBI.xlsx,LCD,170,f0ba5b0036e47fb050940334d394bb217cdf81dcbdeea63e562db5b25048167c,2026-08-21,LCD+DIST,LCD,LCD,UNIT,PHT.160,ULTG DURIKOSAMBI,GIS 150kV METLAND,PHT 150kV CILEDUG#2,#2,2000/1,150 kV/100 V,MPU,ALSTOM,MICOM P545,34486817.0,NUMERIK,2022.0,,SERIAL|34486817,HIGH,exact normalized serial
Data Setting Penghantar UPT DKSBI.xlsx,LCD,171,f0ba5b0036e47fb050940334d394bb217cdf81dcbdeea63e562db5b25048167c,2026-08-21,LCD+DIST,LCD,LCD,UNIT,PHT.161,ULTG DURIKOSAMBI,GIS 150kV SUMMARECON GADING SERPONG,PHT 150kV ALAM SUTERA#1,#1,2000/1,150 kV/100 V,MPU,ABB,RED670,T1809138,NUMERIK,2019.0,,SERIAL|T1809138,HIGH,exact normalized serial
Data Setting Penghantar UPT DKSBI.xlsx,LCD,172,f0ba5b0036e47fb050940334d394bb217cdf81dcbdeea63e562db5b25048167c,2026-08-21,LCD+DIST,LCD,LCD,UNIT,PHT.162,ULTG DURIKOSAMBI,GIS 150kV SUMMARECON GADING SERPONG,PHT 150kV ALAM SUTERA#2,#2,2000/1,150 kV/100 V,MPU,ABB,RED670,T1809135,NUMERIK,2019.0,,SERIAL|T1809135,HIGH,exact normalized serial
Data Setting Penghantar UPT DKSBI.xlsx,LCD,173,f0ba5b0036e47fb050940334d394bb217cdf81dcbdeea63e562db5b25048167c,2026-08-21,LCD+DIST,LCD,LCD,UNIT,PHT.163,ULTG DURIKOSAMBI,GIS 150kV SUMMARECON GADING SERPONG,PHT 150kV CURUG#1,#1,2000/1,150 kV/100 V,MPU,ALSTOM,MICOM P545,34486822/06/18,NUMERIK,2019.0,,SERIAL|34486822/06/18,HIGH,exact normalized serial
Data Setting Penghantar UPT DKSBI.xlsx,LCD,174,f0ba5b0036e47fb050940334d394bb217cdf81dcbdeea63e562db5b25048167c,2026-08-21,LCD+DIST,LCD,LCD,UNIT,PHT.164,ULTG DURIKOSAMBI,GIS 150kV SUMMARECON GADING SERPONG,PHT 150kV CURUG#2,#2,2000/1,150 kV/100 V,MPU,ALSTOM,MICOM P545,34486818/06/18,NUMERIK,2019.0,,SERIAL|34486818/06/18,HIGH,exact normalized serial
Data Setting Penghantar UPT DKSBI.xlsx,LCD,175,f0ba5b0036e47fb050940334d394bb217cdf81dcbdeea63e562db5b25048167c,2026-08-21,LCD+DIST,LCD,LCD,UNIT,PHT.165,ULTG DURIKOSAMBI,GISTET 500kV DURIKOSAMBI,PHT 500kV GANDUL#1,#1,4000/1,500 kV/100 V,MPU-A,TOSHIBA,GRL 200,VNT0682FM0001-1,NUMERIK,2020.0,,SERIAL|VNT0682FM0001-1,HIGH,exact normalized serial
Data Setting Penghantar UPT DKSBI.xlsx,LCD,176,f0ba5b0036e47fb050940334d394bb217cdf81dcbdeea63e562db5b25048167c,2026-08-21,LCD+DIST,LCD,LCD,UNIT,PHT.166,ULTG DURIKOSAMBI,GISTET 500kV DURIKOSAMBI,PHT 500kV KEMBANGAN#2,#2,4000/1,500 kV/100 V,MPU-A,TOSHIBA,GRL 200,VNT0682FM0001-2,NUMERIK,2020.0,,SERIAL|VNT0682FM0001-2,HIGH,exact normalized serial
Data Setting Penghantar UPT DKSBI.xlsx,LCD,177,f0ba5b0036e47fb050940334d394bb217cdf81dcbdeea63e562db5b25048167c,2026-08-21,LCD+DIST,LCD,LCD,UNIT,PHT.167,ULTG DURIKOSAMBI,GISTET 500kV DURIKOSAMBI,PHT 500kV MUARAKARANG#1,#1,4000/1,500 kV/100 V,MPU-A,ABB,RED670,T2136181,NUMERIK,,,SERIAL|T2136181,HIGH,exact normalized serial
Data Setting Penghantar UPT DKSBI.xlsx,LCD,178,f0ba5b0036e47fb050940334d394bb217cdf81dcbdeea63e562db5b25048167c,2026-08-21,LCD+DIST,LCD,LCD,UNIT,PHT.168,ULTG DURIKOSAMBI,GISTET 500kV DURIKOSAMBI,PHT 500kV MUARAKARANG#2,#2,4000/1,500 kV/100 V,MPU-A,ABB,RED670,T2136163,NUMERIK,,,SERIAL|T2136163,HIGH,exact normalized serial
Data Setting Penghantar UPT DKSBI.xlsx,LCD,179,f0ba5b0036e47fb050940334d394bb217cdf81dcbdeea63e562db5b25048167c,2026-08-21,LCD+DIST,LCD,LCD,UNIT,PHT.169,ULTG DURIKOSAMBI,GISTET 500kV DURIKOSAMBI,PHT 500kV GANDUL#1,#1,4000/1,500 kV/100 V,MPU-B,NR,PCS-931,NRJB20155116B0350,NUMERIK,2020.0,,SERIAL|NRJB20155116B0350,HIGH,exact normalized serial
Data Setting Penghantar UPT DKSBI.xlsx,LCD,180,f0ba5b0036e47fb050940334d394bb217cdf81dcbdeea63e562db5b25048167c,2026-08-21,LCD+DIST,LCD,LCD,UNIT,PHT.170,ULTG DURIKOSAMBI,GISTET 500kV DURIKOSAMBI,PHT 500kV KEMBANGAN#2,#2,4000/1,500 kV/100 V,MPU-B,SIEMENS,7SL87,BM1801010766,NUMERIK,2020.0,,SERIAL|BM1801010766,HIGH,exact normalized serial
Data Setting Penghantar UPT DKSBI.xlsx,LCD,181,f0ba5b0036e47fb050940334d394bb217cdf81dcbdeea63e562db5b25048167c,2026-08-21,LCD+DIST,LCD,LCD,UNIT,PHT.171,ULTG DURIKOSAMBI,GISTET 500kV DURIKOSAMBI,PHT 500kV MUARAKARANG#1,#1,4000/1,500 kV/100 V,MPU-B,SIEMENS,7SL87,BM2110007778,NUMERIK,,,SERIAL|BM2110007778,HIGH,exact normalized serial
Data Setting Penghantar UPT DKSBI.xlsx,LCD,182,f0ba5b0036e47fb050940334d394bb217cdf81dcbdeea63e562db5b25048167c,2026-08-21,LCD+DIST,LCD,LCD,UNIT,PHT.172,ULTG DURIKOSAMBI,GISTET 500kV DURIKOSAMBI,PHT 500kV MUARAKARANG#2,#2,4000/1,500 kV/100 V,MPU-B,SIEMENS,7SL87,BM2110007773,NUMERIK,,,SERIAL|BM2110007773,HIGH,exact normalized serial
Data Setting Penghantar UPT DKSBI.xlsx,LCD,183,f0ba5b0036e47fb050940334d394bb217cdf81dcbdeea63e562db5b25048167c,2026-08-21,LCD+DIST,LCD,LCD,UNIT,PHT.173,ULTG DURIKOSAMBI,GISTET 500kV KEMBANGAN,PHT 500kV DURIKOSAMBI#1,#1,4000/1,500 kV/100 V,MPU-A,TOSHIBA,GRL 200,VNT0605FM0001-1,NUMERIK,,,SERIAL|VNT0605FM0001-1,HIGH,exact normalized serial
Data Setting Penghantar UPT DKSBI.xlsx,LCD,184,f0ba5b0036e47fb050940334d394bb217cdf81dcbdeea63e562db5b25048167c,2026-08-21,LCD+DIST,LCD,LCD,UNIT,PHT.174,ULTG DURIKOSAMBI,GISTET 500kV KEMBANGAN,PHT 500kV DURIKOSAMBI#2,#2,4000/1,500 kV/100 V,MPU-A,TOSHIBA,GRL 200,VNT0605FM0001-2,NUMERIK,2020.0,,SERIAL|VNT0605FM0001-2,HIGH,exact normalized serial
Data Setting Penghantar UPT DKSBI.xlsx,LCD,185,f0ba5b0036e47fb050940334d394bb217cdf81dcbdeea63e562db5b25048167c,2026-08-21,LCD+DIST,LCD,LCD,UNIT,PHT.175,ULTG DURIKOSAMBI,GISTET 500kV KEMBANGAN,PHT 500kV BALARAJA#1,#1,4000/1,500 kV/100 V,MPU-A,SIEMENS,7SL87,BM1801010778,NUMERIK,2022.0,,SERIAL|BM1801010778,HIGH,exact normalized serial
Data Setting Penghantar UPT DKSBI.xlsx,LCD,186,f0ba5b0036e47fb050940334d394bb217cdf81dcbdeea63e562db5b25048167c,2026-08-21,LCD+DIST,LCD,LCD,UNIT,PHT.176,ULTG DURIKOSAMBI,GISTET 500kV KEMBANGAN,PHT 500kV BALARAJA#2,#2,4000/1,500 kV/100 V,MPU-A,SIEMENS,7SL87,BM1801010762,NUMERIK,2022.0,,SERIAL|BM1801010762,HIGH,exact normalized serial
Data Setting Penghantar UPT DKSBI.xlsx,LCD,187,f0ba5b0036e47fb050940334d394bb217cdf81dcbdeea63e562db5b25048167c,2026-08-21,LCD+DIST,LCD,LCD,UNIT,PHT.177,ULTG DURIKOSAMBI,GISTET 500kV KEMBANGAN,PHT 500kV GANDUL#1,#1,2000/1,500 kV/100 V,MPU-A,TOSHIBA,GRL 200,VNT0773FM0001-1,NUMERIK,2019.0,,SERIAL|VNT0773FM0001-1,HIGH,exact normalized serial
Data Setting Penghantar UPT DKSBI.xlsx,LCD,188,f0ba5b0036e47fb050940334d394bb217cdf81dcbdeea63e562db5b25048167c,2026-08-21,LCD+DIST,LCD,LCD,UNIT,PHT.178,ULTG DURIKOSAMBI,GISTET 500kV KEMBANGAN,PHT 500kV GANDUL#2,#2,2000/1,500 kV/100 V,MPU-A,TOSHIBA,GRL 200,VNT0773FM0001-2,NUMERIK,2019.0,,SERIAL|VNT0773FM0001-2,HIGH,exact normalized serial
Data Setting Penghantar UPT DKSBI.xlsx,LCD,189,f0ba5b0036e47fb050940334d394bb217cdf81dcbdeea63e562db5b25048167c,2026-08-21,LCD+DIST,LCD,LCD,UNIT,PHT.179,ULTG DURIKOSAMBI,GISTET 500kV KEMBANGAN,PHT 500kV DURIKOSAMBI#1,#1,4000/1,500 kV/100 V,MPU-B,SIEMENS,7SL87,BM1801010448,NUMERIK,,,SERIAL|BM1801010448,HIGH,exact normalized serial
Data Setting Penghantar UPT DKSBI.xlsx,LCD,190,f0ba5b0036e47fb050940334d394bb217cdf81dcbdeea63e562db5b25048167c,2026-08-21,LCD+DIST,LCD,LCD,UNIT,PHT.180,ULTG DURIKOSAMBI,GISTET 500kV KEMBANGAN,PHT 500kV DURIKOSAMBI#2,#2,4000/1,500 kV/100 V,MPU-B,SIEMENS,7SL87,BM1801010453,NUMERIK,2020.0,,SERIAL|BM1801010453,HIGH,exact normalized serial
Data Setting Penghantar UPT DKSBI.xlsx,LCD,191,f0ba5b0036e47fb050940334d394bb217cdf81dcbdeea63e562db5b25048167c,2026-08-21,LCD+DIST,LCD,LCD,UNIT,PHT.181,ULTG DURIKOSAMBI,GISTET 500kV KEMBANGAN,PHT 500kV BALARAJA#1,#1,4000/1,500 kV/100 V,MPU-B,TOSHIBA,GRL 200,VNT0682 FM 001-3,NUMERIK,2022.0,,SERIAL|VNT0682 FM 001-3,HIGH,exact normalized serial
Data Setting Penghantar UPT DKSBI.xlsx,LCD,192,f0ba5b0036e47fb050940334d394bb217cdf81dcbdeea63e562db5b25048167c,2026-08-21,LCD+DIST,LCD,LCD,UNIT,PHT.182,ULTG DURIKOSAMBI,GISTET 500kV KEMBANGAN,PHT 500kV BALARAJA#2,#2,4000/1,500 kV/100 V,MPU-B,TOSHIBA,GRL 200,VNT0682 FM 001-6,NUMERIK,2022.0,,SERIAL|VNT0682 FM 001-6,HIGH,exact normalized serial
Data Setting Penghantar UPT DKSBI.xlsx,LCD,193,f0ba5b0036e47fb050940334d394bb217cdf81dcbdeea63e562db5b25048167c,2026-08-21,LCD+DIST,LCD,LCD,UNIT,PHT.183,ULTG DURIKOSAMBI,GISTET 500kV KEMBANGAN,PHT 500kV GANDUL#1,#1,2000/1,500 kV/100 V,MPU-B,NR,PCS-931,NRJB20155116B0340[FE4878],NUMERIK,2019.0,,SERIAL|NRJB20155116B0340[FE4878],HIGH,exact normalized serial
Data Setting Penghantar UPT DKSBI.xlsx,LCD,194,f0ba5b0036e47fb050940334d394bb217cdf81dcbdeea63e562db5b25048167c,2026-08-21,LCD+DIST,LCD,LCD,UNIT,PHT.184,ULTG DURIKOSAMBI,GISTET 500kV KEMBANGAN,PHT 500kV GANDUL#2,#2,2000/1,500 kV/100 V,MPU-B,NR,PCS-931,NRJB2015516B0310[EF4AA8],NUMERIK,2019.0,,SERIAL|NRJB2015516B0310[EF4AA8],HIGH,exact normalized serial
Data Setting Penghantar UPT DKSBI.xlsx,OCR_KOPEL,11,f0ba5b0036e47fb050940334d394bb217cdf81dcbdeea63e562db5b25048167c,2026-08-21,OCR KOPEL,OCR_KOPEL,OCR_GFR,GRADED,KPL.01,ULTG ANGKE,GI 150KV ANGKE,KOPEL BUS 150kV,,4000/5,,KOPEL,GE,MICOM P142,34421636/04/18,Numerik,,,SERIAL|34421636/04/18,HIGH,exact normalized serial
Data Setting Penghantar UPT DKSBI.xlsx,OCR_KOPEL,12,f0ba5b0036e47fb050940334d394bb217cdf81dcbdeea63e562db5b25048167c,2026-08-21,OCR KOPEL,OCR_KOPEL,OCR_GFR,GRADED,KPL.02,ULTG ANGKE,GI 150KV DADAP,KOPEL BUS 150kV,,4000/1,,KOPEL,GE,MICOM P841,34465151/05/18,Numerik,2021.0,,SERIAL|34465151/05/18,HIGH,exact normalized serial
Data Setting Penghantar UPT DKSBI.xlsx,OCR_KOPEL,13,f0ba5b0036e47fb050940334d394bb217cdf81dcbdeea63e562db5b25048167c,2026-08-21,OCR KOPEL,OCR_KOPEL,OCR_GFR,GRADED,KPL.03,ULTG ANGKE,GIS 150kV DAAN MOGOT,KOPEL BUS 150kV,,4000/1,,KOPEL,ABB,REF615,1YM192742771,Numerik,2019.0,,SERIAL|1YM192742771,HIGH,exact normalized serial
Data Setting Penghantar UPT DKSBI.xlsx,OCR_KOPEL,14,f0ba5b0036e47fb050940334d394bb217cdf81dcbdeea63e562db5b25048167c,2026-08-21,OCR KOPEL,OCR_KOPEL,OCR_GFR,GRADED,KPL.04,ULTG ANGKE,GIS 150KV GROGOL,KOPEL BUS 150kV,,2000/1,,KOPEL,SCHNEIDER,MICOM P142,39732197/03/20,Numerik,2022.0,,SERIAL|39732197/03/20,HIGH,exact normalized serial
Data Setting Penghantar UPT DKSBI.xlsx,OCR_KOPEL,15,f0ba5b0036e47fb050940334d394bb217cdf81dcbdeea63e562db5b25048167c,2026-08-21,OCR KOPEL,OCR_KOPEL,OCR_GFR,GRADED,KPL.05,ULTG ANGKE,GIS 150KV GROGOL BARU,KOPEL BUS 150kV,,4000/1,,KOPEL,SIEMENS,7SJ82,BM1804004003,Numerik,2019.0,,SERIAL|BM1804004003,HIGH,exact normalized serial
Data Setting Penghantar UPT DKSBI.xlsx,OCR_KOPEL,16,f0ba5b0036e47fb050940334d394bb217cdf81dcbdeea63e562db5b25048167c,2026-08-21,OCR KOPEL,OCR_KOPEL,OCR_GFR,GRADED,KPL.06,ULTG ANGKE,GIS 150KV KEBON JERUK,KOPEL BUS 150kV,,2000/5,,KOPEL,ABB,REF615,1VHR91359915,Numerik,2021.0,,SERIAL|1VHR91359915,HIGH,exact normalized serial
Data Setting Penghantar UPT DKSBI.xlsx,OCR_KOPEL,17,f0ba5b0036e47fb050940334d394bb217cdf81dcbdeea63e562db5b25048167c,2026-08-21,OCR KOPEL,OCR_KOPEL,OCR_GFR,GRADED,KPL.07,ULTG ANGKE,GIS 150KV NEW SENAYAN,KOPEL BUS 150kV,,2000/1,,KOPEL,NR,PCS-9611S,NRJB2145332510092,Numerik,2025.0,,SERIAL|NRJB2145332510092,HIGH,exact normalized serial
Data Setting Penghantar UPT DKSBI.xlsx,OCR_KOPEL,18,f0ba5b0036e47fb050940334d394bb217cdf81dcbdeea63e562db5b25048167c,2026-08-21,OCR KOPEL,OCR_KOPEL,OCR_GFR,GRADED,KPL.08,ULTG ANGKE,GIS 150KV PANTAI INDAH KAPUK,KOPEL BUS 150kV,,4000/1,,KOPEL,SIEMENS,7SJ63,BF1603500940,Numerik,2016.0,,SERIAL|BF1603500940,HIGH,exact normalized serial
Data Setting Penghantar UPT DKSBI.xlsx,OCR_KOPEL,19,f0ba5b0036e47fb050940334d394bb217cdf81dcbdeea63e562db5b25048167c,2026-08-21,OCR KOPEL,OCR_KOPEL,OCR_GFR,GRADED,KPL.09,ULTG ANGKE,GIS 150KV TOMANG,KOPEL BUS 150kV,,4000/1,,KOPEL,ALSTOM,MICOM P143,39704709/07/19,Numerik,2021.0,,SERIAL|39704709/07/19,HIGH,exact normalized serial
Data Setting Penghantar UPT DKSBI.xlsx,OCR_KOPEL,20,f0ba5b0036e47fb050940334d394bb217cdf81dcbdeea63e562db5b25048167c,2026-08-21,OCR KOPEL,OCR_KOPEL,OCR_GFR,GRADED,KPL.10,ULTG ANGKE,GIS 150KV ULUJAMI,KOPEL BUS 150kV,,2000/1,,KOPEL,GE,MICOM P143,34724746/03/19,Numerik,2021.0,,SERIAL|34724746/03/19,HIGH,exact normalized serial
Data Setting Penghantar UPT DKSBI.xlsx,OCR_KOPEL,21,f0ba5b0036e47fb050940334d394bb217cdf81dcbdeea63e562db5b25048167c,2026-08-21,OCR KOPEL,OCR_KOPEL,OCR_GFR,GRADED,KPL.11,ULTG CITRA RAYA,GI 150KV CURUG,KOPEL BUS 150kV,,4000/1,,KOPEL,SCHNEIDER,MICOM P142,39731745/04/20,Numerik,2021.0,,SERIAL|39731745/04/20,HIGH,exact normalized serial
Data Setting Penghantar UPT DKSBI.xlsx,OCR_KOPEL,22,f0ba5b0036e47fb050940334d394bb217cdf81dcbdeea63e562db5b25048167c,2026-08-21,OCR KOPEL,OCR_KOPEL,OCR_GFR,GRADED,KPL.12,ULTG CITRA RAYA,GI 150KV GAJAH TUNGGAL,KOPEL BUS 150kV,,2000/1,,KOPEL,ABB,REF615E,1VHR91344403,Numerik,2021.0,,SERIAL|1VHR91344403,HIGH,exact normalized serial
Data Setting Penghantar UPT DKSBI.xlsx,OCR_KOPEL,23,f0ba5b0036e47fb050940334d394bb217cdf81dcbdeea63e562db5b25048167c,2026-08-21,OCR KOPEL,OCR_KOPEL,OCR_GFR,GRADED,KPL.13,ULTG CITRA RAYA,GI 150KV ITS,KOPEL BUS 150kV,,4000/1,,KOPEL,SIEMENS,7SJ82,BM2102004945,Numerik,2021.0,,SERIAL|BM2102004945,HIGH,exact normalized serial
Data Setting Penghantar UPT DKSBI.xlsx,OCR_KOPEL,24,f0ba5b0036e47fb050940334d394bb217cdf81dcbdeea63e562db5b25048167c,2026-08-21,OCR KOPEL,OCR_KOPEL,OCR_GFR,GRADED,KPL.14,ULTG CITRA RAYA,GI 150KV JATAKE,KOPEL BUS 150kV,,4000/1,,KOPEL,SCHNEIDER,MICOM P142,39732205/03/20,Numerik,2021.0,,SERIAL|39732205/03/20,HIGH,exact normalized serial
Data Setting Penghantar UPT DKSBI.xlsx,OCR_KOPEL,25,f0ba5b0036e47fb050940334d394bb217cdf81dcbdeea63e562db5b25048167c,2026-08-21,OCR KOPEL,OCR_KOPEL,OCR_GFR,GRADED,KPL.15,ULTG CITRA RAYA,GI 150KV MAXIMANGANDO,KOPEL BUS 150kV,,2000/5,,KOPEL,SCHNEIDER,MICOM P142,39732578/04/20,Numerik,2021.0,,SERIAL|39732578/04/20,HIGH,exact normalized serial
Data Setting Penghantar UPT DKSBI.xlsx,OCR_KOPEL,26,f0ba5b0036e47fb050940334d394bb217cdf81dcbdeea63e562db5b25048167c,2026-08-21,OCR KOPEL,OCR_KOPEL,OCR_GFR,GRADED,KPL.16,ULTG CITRA RAYA,GI 150KV SINDANG JAYA,KOPEL BUS 150kV,,4000/1,,KOPEL,NR,PCS-9611,,Numerik,2021.0,,ASSET|GI 150KV SINDANG JAYA|KOPEL BUS 150KV|?|NR|PCS-9611|KOPEL,LOW,incomplete exact attributes; no fuzzy merge
Data Setting Penghantar UPT DKSBI.xlsx,OCR_KOPEL,27,f0ba5b0036e47fb050940334d394bb217cdf81dcbdeea63e562db5b25048167c,2026-08-21,OCR KOPEL,OCR_KOPEL,OCR_GFR,GRADED,KPL.17,ULTG CITRA RAYA,GI 150KV TANGERANG BARU,KOPEL BUS 150kV,,4000/1,,KOPEL,AREVA,MICOM P141,3375741/03/09,Numerik,,,SERIAL|3375741/03/09,HIGH,exact normalized serial
Data Setting Penghantar UPT DKSBI.xlsx,OCR_KOPEL,28,f0ba5b0036e47fb050940334d394bb217cdf81dcbdeea63e562db5b25048167c,2026-08-21,OCR KOPEL,OCR_KOPEL,OCR_GFR,GRADED,KPL.18,ULTG CITRA RAYA,GI 150KV TELUK NAGA,KOPEL BUS 150kV,,4000/1,,KOPEL,AREVA,MICOM P141,3375745/05/09,Numerik,,,SERIAL|3375745/05/09,HIGH,exact normalized serial
Data Setting Penghantar UPT DKSBI.xlsx,OCR_KOPEL,29,f0ba5b0036e47fb050940334d394bb217cdf81dcbdeea63e562db5b25048167c,2026-08-21,OCR KOPEL,OCR_KOPEL,OCR_GFR,GRADED,KPL.19,ULTG CITRA RAYA,GIS 150KV JATAKE BARU,KOPEL BUS 150kV,,4000/1,,KOPEL,NR,PCS-9611,NRJB21322819B0090,Numerik,2021.0,,SERIAL|NRJB21322819B0090,HIGH,exact normalized serial
Data Setting Penghantar UPT DKSBI.xlsx,OCR_KOPEL,30,f0ba5b0036e47fb050940334d394bb217cdf81dcbdeea63e562db5b25048167c,2026-08-21,OCR KOPEL,OCR_KOPEL,OCR_GFR,GRADED,KPL.20,ULTG DURIKOSAMBI,GI 150KV CENGKARENG,KOPEL BUS 150kV,,4000/5,,KOPEL,AREVA,MICOM P141,3375739/05/09,Numerik,2012.0,,SERIAL|3375739/05/09,HIGH,exact normalized serial
Data Setting Penghantar UPT DKSBI.xlsx,OCR_KOPEL,31,f0ba5b0036e47fb050940334d394bb217cdf81dcbdeea63e562db5b25048167c,2026-08-21,OCR KOPEL,OCR_KOPEL,OCR_GFR,GRADED,KPL.21,ULTG DURIKOSAMBI,GI 150KV CENGKARENG BARU,KOPEL BUS 150kV,,4000/1,,KOPEL,ALSTOM,MICOM P14D,33980261/02/14,Numerik,2018.0,,SERIAL|33980261/02/14,HIGH,exact normalized serial
Data Setting Penghantar UPT DKSBI.xlsx,OCR_KOPEL,32,f0ba5b0036e47fb050940334d394bb217cdf81dcbdeea63e562db5b25048167c,2026-08-21,OCR KOPEL,OCR_KOPEL,OCR_GFR,GRADED,KPL.22,ULTG DURIKOSAMBI,GI 150KV CILEDUG,KOPEL BUS 150kV,,4000/1,,KOPEL,SCHNEIDER,MICOM P142,,Numerik,2021.0,,ASSET|GI 150KV CILEDUG|KOPEL BUS 150KV|?|SCHNEIDER|MICOM P142|KOPEL,LOW,incomplete exact attributes; no fuzzy merge
Data Setting Penghantar UPT DKSBI.xlsx,OCR_KOPEL,33,f0ba5b0036e47fb050940334d394bb217cdf81dcbdeea63e562db5b25048167c,2026-08-21,OCR KOPEL,OCR_KOPEL,OCR_GFR,GRADED,KPL.23,ULTG DURIKOSAMBI,GI 150KV DURIKOSAMBI,KOPEL BUS#1 150kV,#1,4000/5,,KOPEL,NR,PCS 9611S,NRJB2145332510108,Numerik,2025.0,,SERIAL|NRJB2145332510108,HIGH,exact normalized serial
Data Setting Penghantar UPT DKSBI.xlsx,OCR_KOPEL,34,f0ba5b0036e47fb050940334d394bb217cdf81dcbdeea63e562db5b25048167c,2026-08-21,OCR KOPEL,OCR_KOPEL,OCR_GFR,GRADED,KPL.24,ULTG DURIKOSAMBI,GI 150KV DURIKOSAMBI,KOPEL BUS#2 150kV,#2,4000/5,,KOPEL,NR,PCS 9611S,NRJB2145332510105,Numerik,2025.0,,SERIAL|NRJB2145332510105,HIGH,exact normalized serial
Data Setting Penghantar UPT DKSBI.xlsx,OCR_KOPEL,35,f0ba5b0036e47fb050940334d394bb217cdf81dcbdeea63e562db5b25048167c,2026-08-21,OCR KOPEL,OCR_KOPEL,OCR_GFR,GRADED,KPL.25,ULTG DURIKOSAMBI,GI 150KV DURIKOSAMBI,BUS SECTION#1 150kV,A,4000/5,,KOPEL,ABB,REF 615,,Numerik,2019.0,,ASSET|GI 150KV DURIKOSAMBI|BUS SECTION#1 150KV|A|ABB|REF 615|KOPEL,MEDIUM,exact normalized asset attributes
Data Setting Penghantar UPT DKSBI.xlsx,OCR_KOPEL,36,f0ba5b0036e47fb050940334d394bb217cdf81dcbdeea63e562db5b25048167c,2026-08-21,OCR KOPEL,OCR_KOPEL,OCR_GFR,GRADED,KPL.26,ULTG DURIKOSAMBI,GI 150KV DURIKOSAMBI,BUS SECTION#2 150kV,B,4000/5,,KOPEL,ABB,REF 615,1VHR91419727,Numerik,2018.0,,SERIAL|1VHR91419727,HIGH,exact normalized serial
Data Setting Penghantar UPT DKSBI.xlsx,OCR_KOPEL,37,f0ba5b0036e47fb050940334d394bb217cdf81dcbdeea63e562db5b25048167c,2026-08-21,OCR KOPEL,OCR_KOPEL,OCR_GFR,GRADED,KPL.27,ULTG DURIKOSAMBI,GI 150KV TANGERANG,KOPEL BUS 150kV,,4000/1,,KOPEL,SCHNEIDER,MICOM P142,39733532/04/20,Numerik,2021.0,,SERIAL|39733532/04/20,HIGH,exact normalized serial
Data Setting Penghantar UPT DKSBI.xlsx,OCR_KOPEL,38,f0ba5b0036e47fb050940334d394bb217cdf81dcbdeea63e562db5b25048167c,2026-08-21,OCR KOPEL,OCR_KOPEL,OCR_GFR,GRADED,KPL.28,ULTG DURIKOSAMBI,GIS 150KV ALAM SUTERA,KOPEL BUS 150kV,,4000/1,,KOPEL,ALSTOM,MICOM P141,32065266/02/12,Numerik,,,SERIAL|32065266/02/12,HIGH,exact normalized serial
Data Setting Penghantar UPT DKSBI.xlsx,OCR_KOPEL,39,f0ba5b0036e47fb050940334d394bb217cdf81dcbdeea63e562db5b25048167c,2026-08-21,OCR KOPEL,OCR_KOPEL,OCR_GFR,GRADED,KPL.29,ULTG DURIKOSAMBI,GIS 150KV KEMBANGAN,KOPEL BUS 150kV,,4000/5,,KOPEL,SCHNEIDER,MICOM P142,39732188/03/20,Numerik,2022.0,,SERIAL|39732188/03/20,HIGH,exact normalized serial
Data Setting Penghantar UPT DKSBI.xlsx,OCR_KOPEL,40,f0ba5b0036e47fb050940334d394bb217cdf81dcbdeea63e562db5b25048167c,2026-08-21,OCR KOPEL,OCR_KOPEL,OCR_GFR,GRADED,KPL.30,ULTG DURIKOSAMBI,GIS 150KV METLAND,KOPEL BUS 150kV,,4000/1,,KOPEL,SIEMENS,7SJ82,BM1801000397,Numerik,2022.0,,SERIAL|BM1801000397,HIGH,exact normalized serial
Data Setting Penghantar UPT DKSBI.xlsx,OCR_KOPEL,41,f0ba5b0036e47fb050940334d394bb217cdf81dcbdeea63e562db5b25048167c,2026-08-21,OCR KOPEL,OCR_KOPEL,OCR_GFR,GRADED,KPL.31,ULTG DURIKOSAMBI,GIS 150KV SUMMARECON GADING SERPONG,KOPEL BUS 150kV,,4000/1,,KOPEL,ABB,REF615E,1VHR91392165,Numerik,2019.0,,SERIAL|1VHR91392165,HIGH,exact normalized serial
Data Setting Penghantar UPT DKSBI.xlsx,OCR_PHT,11,f0ba5b0036e47fb050940334d394bb217cdf81dcbdeea63e562db5b25048167c,2026-08-21,OCR,OCR,OCR_GFR,GRADED,PHT.01,ULTG ANGKE,GI 150kV ANGKE,PHT 150kV ANCOL#1,#1,2000/5,,BPU,ALSTOM,MICOM P142,34421639/04/18,NUMERIK,2019.0,,SERIAL|34421639/04/18,HIGH,exact normalized serial
Data Setting Penghantar UPT DKSBI.xlsx,OCR_PHT,12,f0ba5b0036e47fb050940334d394bb217cdf81dcbdeea63e562db5b25048167c,2026-08-21,OCR,OCR,OCR_GFR,GRADED,PHT.02,ULTG ANGKE,GI 150kV ANGKE,PHT 150kV ANCOL#2,#2,2000/5,,BPU,ALSTOM,MICOM P142,34421640/04/18,NUMERIK,2019.0,,SERIAL|34421640/04/18,HIGH,exact normalized serial
Data Setting Penghantar UPT DKSBI.xlsx,OCR_PHT,13,f0ba5b0036e47fb050940334d394bb217cdf81dcbdeea63e562db5b25048167c,2026-08-21,OCR,OCR,OCR_GFR,GRADED,PHT.03,ULTG ANGKE,GI 150kV ANGKE,PHT 150kV KARET LAMA#1,#1,4000/5,,BPU,GE,MICOM P142,34421644/04/18,NUMERIK,2019.0,,SERIAL|34421644/04/18,HIGH,exact normalized serial
Data Setting Penghantar UPT DKSBI.xlsx,OCR_PHT,14,f0ba5b0036e47fb050940334d394bb217cdf81dcbdeea63e562db5b25048167c,2026-08-21,OCR,OCR,OCR_GFR,GRADED,PHT.04,ULTG ANGKE,GI 150kV ANGKE,PHT 150kV KARET LAMA#2,#2,4000/5,,BPU,GE,MICOM P142,34421643/04/18,NUMERIK,2019.0,,SERIAL|34421643/04/18,HIGH,exact normalized serial
Data Setting Penghantar UPT DKSBI.xlsx,OCR_PHT,15,f0ba5b0036e47fb050940334d394bb217cdf81dcbdeea63e562db5b25048167c,2026-08-21,OCR,OCR,OCR_GFR,GRADED,PHT.05,ULTG ANGKE,GI 150kV ANGKE,PHT 150kV KETAPANG#1,#1,2000/5,,BPU,ALSTOM,MICOM P142,34421637/04/18,NUMERIK,2019.0,,SERIAL|34421637/04/18,HIGH,exact normalized serial
Data Setting Penghantar UPT DKSBI.xlsx,OCR_PHT,16,f0ba5b0036e47fb050940334d394bb217cdf81dcbdeea63e562db5b25048167c,2026-08-21,OCR,OCR,OCR_GFR,GRADED,PHT.06,ULTG ANGKE,GI 150kV ANGKE,PHT 150kV KETAPANG#2,#2,2000/5,,BPU,ALSTOM,MICOM P142,34421638/04/18,NUMERIK,2021.0,,SERIAL|34421638/04/18,HIGH,exact normalized serial
Data Setting Penghantar UPT DKSBI.xlsx,OCR_PHT,17,f0ba5b0036e47fb050940334d394bb217cdf81dcbdeea63e562db5b25048167c,2026-08-21,OCR,OCR,OCR_GFR,GRADED,PHT.07,ULTG ANGKE,GI 150kV ANGKE,PHT 150kV MUARAKARANG LAMA#1,#1,4000/5,,BPU,ALSTOM,MICOM P142,34421641/04/18,NUMERIK,2020.0,,SERIAL|34421641/04/18,HIGH,exact normalized serial
Data Setting Penghantar UPT DKSBI.xlsx,OCR_PHT,18,f0ba5b0036e47fb050940334d394bb217cdf81dcbdeea63e562db5b25048167c,2026-08-21,OCR,OCR,OCR_GFR,GRADED,PHT.08,ULTG ANGKE,GI 150kV ANGKE,PHT 150kV MUARAKARANG LAMA#2,#2,4000/5,,BPU,ALSTOM,MICOM P142,34421642/04/18,NUMERIK,2020.0,,SERIAL|34421642/04/18,HIGH,exact normalized serial
Data Setting Penghantar UPT DKSBI.xlsx,OCR_PHT,19,f0ba5b0036e47fb050940334d394bb217cdf81dcbdeea63e562db5b25048167c,2026-08-21,OCR,OCR,OCR_GFR,GRADED,PHT.09,ULTG ANGKE,GI 150kV ANGKE,PHT 150kV UGC MUARAKARANG LAMA#1,#1,2000/5,,BPU,SIEMENS,7SJ82,BM1712006310,NUMERIK,2018.0,,SERIAL|BM1712006310,HIGH,exact normalized serial
Data Setting Penghantar UPT DKSBI.xlsx,OCR_PHT,20,f0ba5b0036e47fb050940334d394bb217cdf81dcbdeea63e562db5b25048167c,2026-08-21,OCR,OCR,OCR_GFR,GRADED,PHT.10,ULTG ANGKE,GI 150kV ANGKE,PHT 150kV UGC MUARAKARANG LAMA#2,#2,2000/5,,BPU,SIEMENS,7SJ82,BM1712006313,NUMERIK,2018.0,,SERIAL|BM1712006313,HIGH,exact normalized serial
Data Setting Penghantar UPT DKSBI.xlsx,OCR_PHT,21,f0ba5b0036e47fb050940334d394bb217cdf81dcbdeea63e562db5b25048167c,2026-08-21,OCR,OCR,OCR_GFR,GRADED,PHT.11,ULTG ANGKE,GI 150kV DADAP,PHT 150kV LONTAR#1,#1,4000/1,,BPU,GE,MICOM P841,34465147/05/18,NUMERIK,2021.0,,SERIAL|34465147/05/18,HIGH,exact normalized serial
Data Setting Penghantar UPT DKSBI.xlsx,OCR_PHT,22,f0ba5b0036e47fb050940334d394bb217cdf81dcbdeea63e562db5b25048167c,2026-08-21,OCR,OCR,OCR_GFR,GRADED,PHT.12,ULTG ANGKE,GI 150kV DADAP,PHT 150kV LONTAR#2,#2,4000/1,,BPU,GE,MICOM P841,34465146/05/18,NUMERIK,2021.0,,SERIAL|34465146/05/18,HIGH,exact normalized serial
Data Setting Penghantar UPT DKSBI.xlsx,OCR_PHT,23,f0ba5b0036e47fb050940334d394bb217cdf81dcbdeea63e562db5b25048167c,2026-08-21,OCR,OCR,OCR_GFR,GRADED,PHT.13,ULTG ANGKE,GI 150kV DADAP,PHT 150kV TELUK NAGA#1,#1,4000/1,,BPU,GE,MICOM P841,34465150/05/18,NUMERIK,2021.0,,SERIAL|34465150/05/18,HIGH,exact normalized serial
Data Setting Penghantar UPT DKSBI.xlsx,OCR_PHT,24,f0ba5b0036e47fb050940334d394bb217cdf81dcbdeea63e562db5b25048167c,2026-08-21,OCR,OCR,OCR_GFR,GRADED,PHT.14,ULTG ANGKE,GI 150kV DADAP,PHT 150kV TELUK NAGA#2,#2,4000/1,,BPU,GE,MICOM P841,34465148/05/18,NUMERIK,2021.0,,SERIAL|34465148/05/18,HIGH,exact normalized serial
Data Setting Penghantar UPT DKSBI.xlsx,OCR_PHT,25,f0ba5b0036e47fb050940334d394bb217cdf81dcbdeea63e562db5b25048167c,2026-08-21,OCR,OCR,OCR_GFR,GRADED,PHT.15,ULTG ANGKE,GI 150kV MUARAKARANG BARU,PHT 150kV GIS MUARAKARANG BARU#1,#1,2500/5,,BPU,NR,PCS 9611S,NRJB2145332510102,NUMERIK,2025.0,,SERIAL|NRJB2145332510102,HIGH,exact normalized serial
Data Setting Penghantar UPT DKSBI.xlsx,OCR_PHT,26,f0ba5b0036e47fb050940334d394bb217cdf81dcbdeea63e562db5b25048167c,2026-08-21,OCR,OCR,OCR_GFR,GRADED,PHT.16,ULTG ANGKE,GI 150kV MUARAKARANG BARU,PHT 150kV GIS MUARAKARANG BARU#2,#2,2500/5,,BPU,NR,PCS 9611S,NRJB2145332510101,NUMERIK,2025.0,,SERIAL|NRJB2145332510101,HIGH,exact normalized serial
Data Setting Penghantar UPT DKSBI.xlsx,OCR_PHT,27,f0ba5b0036e47fb050940334d394bb217cdf81dcbdeea63e562db5b25048167c,2026-08-21,OCR,OCR,OCR_GFR,GRADED,PHT.17,ULTG ANGKE,GI 150kV MUARAKARANG BARU,PHT 150kV MUARAKARANG LAMA#1,#1,4000/5,,BPU,AREVA,MICOM P521,,NUMERIK,,,ASSET|GI 150KV MUARAKARANG BARU|PHT 150KV MUARAKARANG LAMA#1|#1|AREVA|MICOM P521|BPU,MEDIUM,exact normalized asset attributes
Data Setting Penghantar UPT DKSBI.xlsx,OCR_PHT,28,f0ba5b0036e47fb050940334d394bb217cdf81dcbdeea63e562db5b25048167c,2026-08-21,OCR,OCR,OCR_GFR,GRADED,PHT.18,ULTG ANGKE,GI 150kV MUARAKARANG BARU,PHT 150kV MUARAKARANG LAMA#2,#2,4000/5,,BPU,ALSTOM,MICOM P543,,NUMERIK,,,ASSET|GI 150KV MUARAKARANG BARU|PHT 150KV MUARAKARANG LAMA#2|#2|ALSTOM|MICOM P543|BPU,MEDIUM,exact normalized asset attributes
Data Setting Penghantar UPT DKSBI.xlsx,OCR_PHT,29,f0ba5b0036e47fb050940334d394bb217cdf81dcbdeea63e562db5b25048167c,2026-08-21,OCR,OCR,OCR_GFR,GRADED,PHT.19,ULTG ANGKE,GI 150kV MUARAKARANG LAMA,PHT 150kV ANGKE#1,#1,2000/5,,BPU,SIEMENS,7SJ82,BFO807114017,NUMERIK,,,SERIAL|BFO807114017,HIGH,exact normalized serial
Data Setting Penghantar UPT DKSBI.xlsx,OCR_PHT,30,f0ba5b0036e47fb050940334d394bb217cdf81dcbdeea63e562db5b25048167c,2026-08-21,OCR,OCR,OCR_GFR,GRADED,PHT.20,ULTG ANGKE,GI 150kV MUARAKARANG LAMA,PHT 150kV ANGKE#2,#2,2000/5,,BPU,SIEMENS,7SJ82,BFO807114016,NUMERIK,,,SERIAL|BFO807114016,HIGH,exact normalized serial
Data Setting Penghantar UPT DKSBI.xlsx,OCR_PHT,31,f0ba5b0036e47fb050940334d394bb217cdf81dcbdeea63e562db5b25048167c,2026-08-21,OCR,OCR,OCR_GFR,GRADED,PHT.21,ULTG ANGKE,GI 150kV MUARAKARANG LAMA,PHT 150kV BUDIKEMULYAN#1,#1,1200/5,,BPU,SIEMENS,7SJ62,BFO807111344,NUMERIK,,,SERIAL|BFO807111344,HIGH,exact normalized serial
Data Setting Penghantar UPT DKSBI.xlsx,OCR_PHT,32,f0ba5b0036e47fb050940334d394bb217cdf81dcbdeea63e562db5b25048167c,2026-08-21,OCR,OCR,OCR_GFR,GRADED,PHT.22,ULTG ANGKE,GI 150kV MUARAKARANG LAMA,PHT 150kV BUDIKEMULYAN#2,#2,1200/5,,BPU,SIEMENS,7SJ62,BFO807114015,NUMERIK,,,SERIAL|BFO807114015,HIGH,exact normalized serial
Data Setting Penghantar UPT DKSBI.xlsx,OCR_PHT,33,f0ba5b0036e47fb050940334d394bb217cdf81dcbdeea63e562db5b25048167c,2026-08-21,OCR,OCR,OCR_GFR,GRADED,PHT.23,ULTG ANGKE,GI 150kV MUARAKARANG LAMA,PHT 150kV MUARAKARANG BARU#1,#1,2000/5,,BPU,AREVA,MICOM P521,,NUMERIK,,,ASSET|GI 150KV MUARAKARANG LAMA|PHT 150KV MUARAKARANG BARU#1|#1|AREVA|MICOM P521|BPU,MEDIUM,exact normalized asset attributes
Data Setting Penghantar UPT DKSBI.xlsx,OCR_PHT,34,f0ba5b0036e47fb050940334d394bb217cdf81dcbdeea63e562db5b25048167c,2026-08-21,OCR,OCR,OCR_GFR,GRADED,PHT.24,ULTG ANGKE,GI 150kV MUARAKARANG LAMA,PHT 150kV MUARAKARANG BARU#2,#2,2000/5,,BPU,ALSTOM,MICOM P543,,NUMERIK,,,ASSET|GI 150KV MUARAKARANG LAMA|PHT 150KV MUARAKARANG BARU#2|#2|ALSTOM|MICOM P543|BPU,MEDIUM,exact normalized asset attributes
Data Setting Penghantar UPT DKSBI.xlsx,OCR_PHT,35,f0ba5b0036e47fb050940334d394bb217cdf81dcbdeea63e562db5b25048167c,2026-08-21,OCR,OCR,OCR_GFR,GRADED,PHT.25,ULTG ANGKE,GI 150kV MUARAKARANG LAMA,PHT 150kV UGC ANGKE#1,#1,2000/5,,BPU,SIEMENS,7SJ62,BM1712006311,NUMERIK,2018.0,,SERIAL|BM1712006311,HIGH,exact normalized serial
Data Setting Penghantar UPT DKSBI.xlsx,OCR_PHT,36,f0ba5b0036e47fb050940334d394bb217cdf81dcbdeea63e562db5b25048167c,2026-08-21,OCR,OCR,OCR_GFR,GRADED,PHT.26,ULTG ANGKE,GI 150kV MUARAKARANG LAMA,PHT 150kV UGC ANGKE#2,#2,2000/5,,BPU,SIEMENS,7SJ62,BM1712006312,NUMERIK,2018.0,,SERIAL|BM1712006312,HIGH,exact normalized serial
Data Setting Penghantar UPT DKSBI.xlsx,OCR_PHT,37,f0ba5b0036e47fb050940334d394bb217cdf81dcbdeea63e562db5b25048167c,2026-08-21,OCR,OCR,OCR_GFR,GRADED,PHT.27,ULTG ANGKE,GIS 150kV DAAN MOGOT,PHT 150kV DURIKOSAMBI#1,#1,3000/1,,BPU,ABB,REF615,IVHR91309441,NUMERIK,2019.0,,SERIAL|IVHR91309441,HIGH,exact normalized serial
Data Setting Penghantar UPT DKSBI.xlsx,OCR_PHT,38,f0ba5b0036e47fb050940334d394bb217cdf81dcbdeea63e562db5b25048167c,2026-08-21,OCR,OCR,OCR_GFR,GRADED,PHT.28,ULTG ANGKE,GIS 150kV DAAN MOGOT,PHT 150kV DURIKOSAMBI#2,#2,3000/1,,BPU,ABB,REF615,IVHR91309444,NUMERIK,2019.0,,SERIAL|IVHR91309444,HIGH,exact normalized serial
Data Setting Penghantar UPT DKSBI.xlsx,OCR_PHT,39,f0ba5b0036e47fb050940334d394bb217cdf81dcbdeea63e562db5b25048167c,2026-08-21,OCR,OCR,OCR_GFR,GRADED,PHT.29,ULTG ANGKE,GIS 150kV DAAN MOGOT,PHT 150kV PANTAI INDAH KAPUK#1,#1,3000/1,,BPU,ABB,REF615,IVHR91309442,NUMERIK,2019.0,,SERIAL|IVHR91309442,HIGH,exact normalized serial
Data Setting Penghantar UPT DKSBI.xlsx,OCR_PHT,40,f0ba5b0036e47fb050940334d394bb217cdf81dcbdeea63e562db5b25048167c,2026-08-21,OCR,OCR,OCR_GFR,GRADED,PHT.30,ULTG ANGKE,GIS 150kV DAAN MOGOT,PHT 150kV PANTAI INDAH KAPUK#2,#2,3000/1,,BPU,ABB,REF615,IVHR91309439,NUMERIK,2019.0,,SERIAL|IVHR91309439,HIGH,exact normalized serial
Data Setting Penghantar UPT DKSBI.xlsx,OCR_PHT,41,f0ba5b0036e47fb050940334d394bb217cdf81dcbdeea63e562db5b25048167c,2026-08-21,OCR,OCR,OCR_GFR,GRADED,PHT.31,ULTG ANGKE,GIS 150kV GROGOL,PHT 150kV GROGOL BARU#1,#1,1600/1,,BPU,SCHNEIDER,MICOM P142,39732206/03/20,NUMERIK,2022.0,,SERIAL|39732206/03/20,HIGH,exact normalized serial
Data Setting Penghantar UPT DKSBI.xlsx,OCR_PHT,42,f0ba5b0036e47fb050940334d394bb217cdf81dcbdeea63e562db5b25048167c,2026-08-21,OCR,OCR,OCR_GFR,GRADED,PHT.32,ULTG ANGKE,GIS 150kV GROGOL,PHT 150kV GROGOL BARU#2,#2,1600/1,,BPU,SCHNEIDER,MICOM P142,39732187/03/20,NUMERIK,2022.0,,SERIAL|39732187/03/20,HIGH,exact normalized serial
Data Setting Penghantar UPT DKSBI.xlsx,OCR_PHT,43,f0ba5b0036e47fb050940334d394bb217cdf81dcbdeea63e562db5b25048167c,2026-08-21,OCR,OCR,OCR_GFR,GRADED,PHT.33,ULTG ANGKE,GIS 150kV GROGOL,PHT 150kV TOMANG#1,#1,2000/1,,BPU,SIEMENS,7SJ82,BM1907004048,NUMERIK,2021.0,,SERIAL|BM1907004048,HIGH,exact normalized serial
Data Setting Penghantar UPT DKSBI.xlsx,OCR_PHT,44,f0ba5b0036e47fb050940334d394bb217cdf81dcbdeea63e562db5b25048167c,2026-08-21,OCR,OCR,OCR_GFR,GRADED,PHT.34,ULTG ANGKE,GIS 150kV GROGOL,PHT 150kV TOMANG#2,#2,2000/1,,BPU,SIEMENS,7SJ82,BM1907004722,NUMERIK,2021.0,,SERIAL|BM1907004722,HIGH,exact normalized serial
Data Setting Penghantar UPT DKSBI.xlsx,OCR_PHT,45,f0ba5b0036e47fb050940334d394bb217cdf81dcbdeea63e562db5b25048167c,2026-08-21,OCR,OCR,OCR_GFR,GRADED,PHT.35,ULTG ANGKE,GIS 150kV GROGOL BARU,PHT 150kV DURIKOSAMBI#1,#1,2000/1,,BPU,SIEMENS,7SJ82,BM1804004008,NUMERIK,2019.0,,SERIAL|BM1804004008,HIGH,exact normalized serial
Data Setting Penghantar UPT DKSBI.xlsx,OCR_PHT,46,f0ba5b0036e47fb050940334d394bb217cdf81dcbdeea63e562db5b25048167c,2026-08-21,OCR,OCR,OCR_GFR,GRADED,PHT.36,ULTG ANGKE,GIS 150kV GROGOL BARU,PHT 150kV DURIKOSAMBI#2,#2,2000/1,,BPU,SIEMENS,7SJ82,BM1809003787,NUMERIK,2020.0,,SERIAL|BM1809003787,HIGH,exact normalized serial
Data Setting Penghantar UPT DKSBI.xlsx,OCR_PHT,47,f0ba5b0036e47fb050940334d394bb217cdf81dcbdeea63e562db5b25048167c,2026-08-21,OCR,OCR,OCR_GFR,GRADED,PHT.37,ULTG ANGKE,GIS 150kV GROGOL BARU,PHT 150kV GROGOL#1,#1,2000/1,,BPU,SIEMENS,7SJ82,BM1809003788,NUMERIK,2019.0,,SERIAL|BM1809003788,HIGH,exact normalized serial
Data Setting Penghantar UPT DKSBI.xlsx,OCR_PHT,48,f0ba5b0036e47fb050940334d394bb217cdf81dcbdeea63e562db5b25048167c,2026-08-21,OCR,OCR,OCR_GFR,GRADED,PHT.38,ULTG ANGKE,GIS 150kV GROGOL BARU,PHT 150kV GROGOL#2,#2,2000/1,,BPU,SIEMENS,7SJ82,BM1804004009,NUMERIK,2020.0,,SERIAL|BM1804004009,HIGH,exact normalized serial
Data Setting Penghantar UPT DKSBI.xlsx,OCR_PHT,49,f0ba5b0036e47fb050940334d394bb217cdf81dcbdeea63e562db5b25048167c,2026-08-21,OCR,OCR,OCR_GFR,GRADED,PHT.39,ULTG ANGKE,GIS 150kV KEBON JERUK,PHT 150kV DURIKOSAMBI#1,#1,1000/5,,BPU,ABB,REF615,1VHR91331926,NUMERIK,2021.0,,SERIAL|1VHR91331926,HIGH,exact normalized serial
Data Setting Penghantar UPT DKSBI.xlsx,OCR_PHT,50,f0ba5b0036e47fb050940334d394bb217cdf81dcbdeea63e562db5b25048167c,2026-08-21,OCR,OCR,OCR_GFR,GRADED,PHT.40,ULTG ANGKE,GIS 150kV KEBON JERUK,PHT 150kV DURIKOSAMBI#2,#2,1000/5,,BPU,ABB,REF615,1VHR91327607,NUMERIK,,,SERIAL|1VHR91327607,HIGH,exact normalized serial
Data Setting Penghantar UPT DKSBI.xlsx,OCR_PHT,51,f0ba5b0036e47fb050940334d394bb217cdf81dcbdeea63e562db5b25048167c,2026-08-21,OCR,OCR,OCR_GFR,GRADED,PHT.41,ULTG ANGKE,GIS 150kV KEBON JERUK,PHT 150kV KARET BARU#1,#1,500/5,,BPU,ABB,REF615,1VHR91419341,NUMERIK,2021.0,,SERIAL|1VHR91419341,HIGH,exact normalized serial
Data Setting Penghantar UPT DKSBI.xlsx,OCR_PHT,52,f0ba5b0036e47fb050940334d394bb217cdf81dcbdeea63e562db5b25048167c,2026-08-21,OCR,OCR,OCR_GFR,GRADED,PHT.42,ULTG ANGKE,GIS 150kV KEBON JERUK,PHT 150kV KARET BARU#2,#2,500/5,,BPU,ABB,REF615,1VHR91419337,NUMERIK,2021.0,,SERIAL|1VHR91419337,HIGH,exact normalized serial
Data Setting Penghantar UPT DKSBI.xlsx,OCR_PHT,53,f0ba5b0036e47fb050940334d394bb217cdf81dcbdeea63e562db5b25048167c,2026-08-21,OCR,OCR,OCR_GFR,GRADED,PHT.43,ULTG ANGKE,GIS 150kV MUARAKARANG BARU,PHT 150kV MUARAKARANG BARU#1,#1,2000/1,,BPU,ALSTOM,MICOM P142,34724739/02/19,NUMERIK,2022.0,,SERIAL|34724739/02/19,HIGH,exact normalized serial
Data Setting Penghantar UPT DKSBI.xlsx,OCR_PHT,54,f0ba5b0036e47fb050940334d394bb217cdf81dcbdeea63e562db5b25048167c,2026-08-21,OCR,OCR,OCR_GFR,GRADED,PHT.44,ULTG ANGKE,GIS 150kV MUARAKARANG BARU,PHT 150kV MUARAKARANG BARU#2,#2,2000/1,,BPU,ALSTOM,MICOM P142,34724738/02/19,NUMERIK,2022.0,,SERIAL|34724738/02/19,HIGH,exact normalized serial
Data Setting Penghantar UPT DKSBI.xlsx,OCR_PHT,55,f0ba5b0036e47fb050940334d394bb217cdf81dcbdeea63e562db5b25048167c,2026-08-21,OCR,OCR,OCR_GFR,GRADED,PHT.45,ULTG ANGKE,GIS 150kV MUARAKARANG BARU,PHT 150kV PANTAI INDAH KAPUK#1,#1,4000/1,,BPU,ALSTOM,MICOM P142,34724737/02/19,NUMERIK,2022.0,,SERIAL|34724737/02/19,HIGH,exact normalized serial
Data Setting Penghantar UPT DKSBI.xlsx,OCR_PHT,56,f0ba5b0036e47fb050940334d394bb217cdf81dcbdeea63e562db5b25048167c,2026-08-21,OCR,OCR,OCR_GFR,GRADED,PHT.46,ULTG ANGKE,GIS 150kV MUARAKARANG BARU,PHT 150kV PANTAI INDAH KAPUK#2,#2,4000/1,,BPU,ALSTOM,MICOM P142,34724836/02/19,NUMERIK,2022.0,,SERIAL|34724836/02/19,HIGH,exact normalized serial
Data Setting Penghantar UPT DKSBI.xlsx,OCR_PHT,57,f0ba5b0036e47fb050940334d394bb217cdf81dcbdeea63e562db5b25048167c,2026-08-21,OCR,OCR,OCR_GFR,GRADED,PHT.47,ULTG ANGKE,GIS 150kV NEW SENAYAN,PHT 150kV KEMBANGAN#1,#1,1000/5,,BPU,SCHNEIDER,MICOM P123,36265213/12/13,NUMERIK,2021.0,,SERIAL|36265213/12/13,HIGH,exact normalized serial
Data Setting Penghantar UPT DKSBI.xlsx,OCR_PHT,58,f0ba5b0036e47fb050940334d394bb217cdf81dcbdeea63e562db5b25048167c,2026-08-21,OCR,OCR,OCR_GFR,GRADED,PHT.48,ULTG ANGKE,GIS 150kV NEW SENAYAN,PHT 150kV KEMBANGAN#2,#2,1000/5,,BPU,SCHNEIDER,MICOM P123,36265220/12/13,NUMERIK,2021.0,,SERIAL|36265220/12/13,HIGH,exact normalized serial
Data Setting Penghantar UPT DKSBI.xlsx,OCR_PHT,59,f0ba5b0036e47fb050940334d394bb217cdf81dcbdeea63e562db5b25048167c,2026-08-21,OCR,OCR,OCR_GFR,GRADED,PHT.49,ULTG ANGKE,GIS 150kV NEW SENAYAN,PHT 150kV SENAYAN#1,#1,2000/1,,BPU,ALSTOM,MICOM 14DL,33493500/11/15,NUMERIK,2019.0,,SERIAL|33493500/11/15,HIGH,exact normalized serial
Data Setting Penghantar UPT DKSBI.xlsx,OCR_PHT,60,f0ba5b0036e47fb050940334d394bb217cdf81dcbdeea63e562db5b25048167c,2026-08-21,OCR,OCR,OCR_GFR,GRADED,PHT.50,ULTG ANGKE,GIS 150kV NEW SENAYAN,PHT 150kV SENAYAN#2,#2,2000/1,,BPU,ALSTOM,MICOM 14DL,33493501/11/15,NUMERIK,2019.0,,SERIAL|33493501/11/15,HIGH,exact normalized serial
Data Setting Penghantar UPT DKSBI.xlsx,OCR_PHT,61,f0ba5b0036e47fb050940334d394bb217cdf81dcbdeea63e562db5b25048167c,2026-08-21,OCR,OCR,OCR_GFR,GRADED,PHT.51,ULTG ANGKE,GIS 150kV NEW SENAYAN,PHT 150kV ULUJAMI#1,#1,2000/1,,BPU,NR,PCS-9611,NRJB2088871832020,NUMERIK,2021.0,,SERIAL|NRJB2088871832020,HIGH,exact normalized serial
Data Setting Penghantar UPT DKSBI.xlsx,OCR_PHT,62,f0ba5b0036e47fb050940334d394bb217cdf81dcbdeea63e562db5b25048167c,2026-08-21,OCR,OCR,OCR_GFR,GRADED,PHT.52,ULTG ANGKE,GIS 150kV NEW SENAYAN,PHT 150kV ULUJAMI#2,#2,2000/1,,BPU,NR,PCS-9611,NRJB2088871831460,NUMERIK,2021.0,,SERIAL|NRJB2088871831460,HIGH,exact normalized serial
Data Setting Penghantar UPT DKSBI.xlsx,OCR_PHT,63,f0ba5b0036e47fb050940334d394bb217cdf81dcbdeea63e562db5b25048167c,2026-08-21,OCR,OCR,OCR_GFR,GRADED,PHT.53,ULTG ANGKE,GIS 150kV PANTAI INDAH KAPUK,PHT 150kV DAAN MOGOT#1,#1,4000/1,,BPU,SIEMENS,7SJ63,BF1205071875,NUMERIK,2016.0,,SERIAL|BF1205071875,HIGH,exact normalized serial
Data Setting Penghantar UPT DKSBI.xlsx,OCR_PHT,64,f0ba5b0036e47fb050940334d394bb217cdf81dcbdeea63e562db5b25048167c,2026-08-21,OCR,OCR,OCR_GFR,GRADED,PHT.54,ULTG ANGKE,GIS 150kV PANTAI INDAH KAPUK,PHT 150kV DAAN MOGOT#2,#2,4000/1,,BPU,SIEMENS,7SJ63,BF1205071874,NUMERIK,2016.0,,SERIAL|BF1205071874,HIGH,exact normalized serial
Data Setting Penghantar UPT DKSBI.xlsx,OCR_PHT,65,f0ba5b0036e47fb050940334d394bb217cdf81dcbdeea63e562db5b25048167c,2026-08-21,OCR,OCR,OCR_GFR,GRADED,PHT.55,ULTG ANGKE,GIS 150kV PANTAI INDAH KAPUK,PHT 150kV GIS MUARAKARANG BARU#1,#1,4000/1,,BPU,SIEMENS,7SJ63,BF1205071873,NUMERIK,2016.0,,SERIAL|BF1205071873,HIGH,exact normalized serial
Data Setting Penghantar UPT DKSBI.xlsx,OCR_PHT,66,f0ba5b0036e47fb050940334d394bb217cdf81dcbdeea63e562db5b25048167c,2026-08-21,OCR,OCR,OCR_GFR,GRADED,PHT.56,ULTG ANGKE,GIS 150kV PANTAI INDAH KAPUK,PHT 150kV GIS MUARAKARANG BARU#2,#2,4000/1,,BPU,SIEMENS,7SJ63,BF1205071872,NUMERIK,2016.0,,SERIAL|BF1205071872,HIGH,exact normalized serial
Data Setting Penghantar UPT DKSBI.xlsx,OCR_PHT,67,f0ba5b0036e47fb050940334d394bb217cdf81dcbdeea63e562db5b25048167c,2026-08-21,OCR,OCR,OCR_GFR,GRADED,PHT.57,ULTG ANGKE,GIS 150kV TOMANG,PHT 150kV GROGOL#1,#1,2000/1,,BPU,ALSTOM,MICOM P142,37070223/05/19,NUMERIK,2021.0,,SERIAL|37070223/05/19,HIGH,exact normalized serial
Data Setting Penghantar UPT DKSBI.xlsx,OCR_PHT,68,f0ba5b0036e47fb050940334d394bb217cdf81dcbdeea63e562db5b25048167c,2026-08-21,OCR,OCR,OCR_GFR,GRADED,PHT.58,ULTG ANGKE,GIS 150kV TOMANG,PHT 150kV GROGOL#2,#2,2000/1,,BPU,ALSTOM,MICOM P142,39634244/11/17,NUMERIK,2021.0,,SERIAL|39634244/11/17,HIGH,exact normalized serial
Data Setting Penghantar UPT DKSBI.xlsx,OCR_PHT,69,f0ba5b0036e47fb050940334d394bb217cdf81dcbdeea63e562db5b25048167c,2026-08-21,OCR,OCR,OCR_GFR,GRADED,PHT.59,ULTG ANGKE,GIS 150kV ULUJAMI,PHT 150kV NEW SENAYAN#1,#1,2000/1,,BPU,GE,MICOM P14D,34731620/03/19,NUMERIK,2021.0,,SERIAL|34731620/03/19,HIGH,exact normalized serial
Data Setting Penghantar UPT DKSBI.xlsx,OCR_PHT,70,f0ba5b0036e47fb050940334d394bb217cdf81dcbdeea63e562db5b25048167c,2026-08-21,OCR,OCR,OCR_GFR,GRADED,PHT.60,ULTG ANGKE,GIS 150kV ULUJAMI,PHT 150kV NEW SENAYAN#2,#2,2000/1,,BPU,GE,MICOM P14D,34731617/03/19,NUMERIK,2021.0,,SERIAL|34731617/03/19,HIGH,exact normalized serial
Data Setting Penghantar UPT DKSBI.xlsx,OCR_PHT,71,f0ba5b0036e47fb050940334d394bb217cdf81dcbdeea63e562db5b25048167c,2026-08-21,OCR,OCR,OCR_GFR,GRADED,PHT.61,ULTG ANGKE,GISTET 500kV MUARAKARANG BARU,PHT 500kV DURIKOSAMBI#1,#1,4000/1,,BPU,,,,,,,ASSET|GISTET 500KV MUARAKARANG BARU|PHT 500KV DURIKOSAMBI#1|#1|?|?|BPU,LOW,incomplete exact attributes; no fuzzy merge
Data Setting Penghantar UPT DKSBI.xlsx,OCR_PHT,72,f0ba5b0036e47fb050940334d394bb217cdf81dcbdeea63e562db5b25048167c,2026-08-21,OCR,OCR,OCR_GFR,GRADED,PHT.62,ULTG ANGKE,GISTET 500kV MUARAKARANG BARU,PHT 500kV DURIKOSAMBI#2,#2,4000/1,,BPU,,,,,,,ASSET|GISTET 500KV MUARAKARANG BARU|PHT 500KV DURIKOSAMBI#2|#2|?|?|BPU,LOW,incomplete exact attributes; no fuzzy merge
Data Setting Penghantar UPT DKSBI.xlsx,OCR_PHT,73,f0ba5b0036e47fb050940334d394bb217cdf81dcbdeea63e562db5b25048167c,2026-08-21,OCR,OCR,OCR_GFR,GRADED,PHT.63,ULTG ANGKE,GISTET 500kV MUARAKARANG BARU,PHT 500kV DURIKOSAMBI#1,#1,4000/1,,BPU,,,,,,,ASSET|GISTET 500KV MUARAKARANG BARU|PHT 500KV DURIKOSAMBI#1|#1|?|?|BPU,LOW,incomplete exact attributes; no fuzzy merge
Data Setting Penghantar UPT DKSBI.xlsx,OCR_PHT,74,f0ba5b0036e47fb050940334d394bb217cdf81dcbdeea63e562db5b25048167c,2026-08-21,OCR,OCR,OCR_GFR,GRADED,PHT.64,ULTG ANGKE,GISTET 500kV MUARAKARANG BARU,PHT 500kV DURIKOSAMBI#2,#2,4000/1,,BPU,,,,,,,ASSET|GISTET 500KV MUARAKARANG BARU|PHT 500KV DURIKOSAMBI#2|#2|?|?|BPU,LOW,incomplete exact attributes; no fuzzy merge
Data Setting Penghantar UPT DKSBI.xlsx,OCR_PHT,75,f0ba5b0036e47fb050940334d394bb217cdf81dcbdeea63e562db5b25048167c,2026-08-21,OCR,OCR,OCR_GFR,GRADED,PHT.65,ULTG ANGKE,GISTET 500kV MUARAKARANG BARU,PHT 500kV TANJUNG PRIOK#1,#1,,,BPU,,,,,,,ASSET|GISTET 500KV MUARAKARANG BARU|PHT 500KV TANJUNG PRIOK#1|#1|?|?|BPU,LOW,incomplete exact attributes; no fuzzy merge
Data Setting Penghantar UPT DKSBI.xlsx,OCR_PHT,76,f0ba5b0036e47fb050940334d394bb217cdf81dcbdeea63e562db5b25048167c,2026-08-21,OCR,OCR,OCR_GFR,GRADED,PHT.66,ULTG ANGKE,GISTET 500kV MUARAKARANG BARU,PHT 500kV TANJUNG PRIOK#2,#2,,,BPU,,,,,,,ASSET|GISTET 500KV MUARAKARANG BARU|PHT 500KV TANJUNG PRIOK#2|#2|?|?|BPU,LOW,incomplete exact attributes; no fuzzy merge
Data Setting Penghantar UPT DKSBI.xlsx,OCR_PHT,77,f0ba5b0036e47fb050940334d394bb217cdf81dcbdeea63e562db5b25048167c,2026-08-21,OCR,OCR,OCR_GFR,GRADED,PHT.67,ULTG ANGKE,GISTET 500kV MUARAKARANG BARU,PHT 500kV TANJUNG PRIOK#1,#1,,,BPU,,,,,,,ASSET|GISTET 500KV MUARAKARANG BARU|PHT 500KV TANJUNG PRIOK#1|#1|?|?|BPU,LOW,incomplete exact attributes; no fuzzy merge
Data Setting Penghantar UPT DKSBI.xlsx,OCR_PHT,78,f0ba5b0036e47fb050940334d394bb217cdf81dcbdeea63e562db5b25048167c,2026-08-21,OCR,OCR,OCR_GFR,GRADED,PHT.68,ULTG ANGKE,GISTET 500kV MUARAKARANG BARU,PHT 500kV TANJUNG PRIOK#2,#2,,,BPU,,,,,,,ASSET|GISTET 500KV MUARAKARANG BARU|PHT 500KV TANJUNG PRIOK#2|#2|?|?|BPU,LOW,incomplete exact attributes; no fuzzy merge
Data Setting Penghantar UPT DKSBI.xlsx,OCR_PHT,79,f0ba5b0036e47fb050940334d394bb217cdf81dcbdeea63e562db5b25048167c,2026-08-21,OCR,OCR,OCR_GFR,GRADED,PHT.69,ULTG CITRA RAYA,GI 150kV CURUG,PHT 150kV CIKUPA#1,#1,2000/1,,BPU,ALSTOM,MICOM P14D,34721250/02/19,NUMERIK,2019.0,,SERIAL|34721250/02/19,HIGH,exact normalized serial
Data Setting Penghantar UPT DKSBI.xlsx,OCR_PHT,80,f0ba5b0036e47fb050940334d394bb217cdf81dcbdeea63e562db5b25048167c,2026-08-21,OCR,OCR,OCR_GFR,GRADED,PHT.70,ULTG CITRA RAYA,GI 150kV CURUG,PHT 150kV CIKUPA#2,#2,3200/1,,BPU,GE,MICOM P14D,36535238/10/23,NUMERIK,2010.0,,SERIAL|36535238/10/23,HIGH,exact normalized serial
Data Setting Penghantar UPT DKSBI.xlsx,OCR_PHT,81,f0ba5b0036e47fb050940334d394bb217cdf81dcbdeea63e562db5b25048167c,2026-08-21,OCR,OCR,OCR_GFR,GRADED,PHT.71,ULTG CITRA RAYA,GI 150kV CURUG,PHT 150kV SUMMARECON GADING SERPONG#1,#1,3200/1,,BPU,GE,MICOM P14D,36537697/10/23,NUMERIK,2010.0,,SERIAL|36537697/10/23,HIGH,exact normalized serial
Data Setting Penghantar UPT DKSBI.xlsx,OCR_PHT,82,f0ba5b0036e47fb050940334d394bb217cdf81dcbdeea63e562db5b25048167c,2026-08-21,OCR,OCR,OCR_GFR,GRADED,PHT.72,ULTG CITRA RAYA,GI 150kV CURUG,PHT 150kV SUMMARECON GADING SERPONG#2,#2,2000/1,,BPU,ALSTOM,MICOM P14D,34721249/02/19,NUMERIK,2019.0,,SERIAL|34721249/02/19,HIGH,exact normalized serial
Data Setting Penghantar UPT DKSBI.xlsx,OCR_PHT,83,f0ba5b0036e47fb050940334d394bb217cdf81dcbdeea63e562db5b25048167c,2026-08-21,OCR,OCR,OCR_GFR,GRADED,PHT.73,ULTG CITRA RAYA,GI 150kV GAJAH TUNGGAL,PHT 150kV PASAR KEMIS,#1,2000/1,,BPU,ABB,REF 615,1VHR91312363,NUMERIK,2021.0,,SERIAL|1VHR91312363,HIGH,exact normalized serial
Data Setting Penghantar UPT DKSBI.xlsx,OCR_PHT,84,f0ba5b0036e47fb050940334d394bb217cdf81dcbdeea63e562db5b25048167c,2026-08-21,OCR,OCR,OCR_GFR,GRADED,PHT.74,ULTG CITRA RAYA,GI 150kV GAJAH TUNGGAL,PHT 150kV PASAR KEMIS BARU,#1,2000/1,,BPU,ABB,REF 615,1VHR91312359,NUMERIK,2021.0,,SERIAL|1VHR91312359,HIGH,exact normalized serial
Data Setting Penghantar UPT DKSBI.xlsx,OCR_PHT,85,f0ba5b0036e47fb050940334d394bb217cdf81dcbdeea63e562db5b25048167c,2026-08-21,OCR,OCR,OCR_GFR,GRADED,PHT.75,ULTG CITRA RAYA,GI 150kV ITS,PHT 150kV TANGERANG BARU,#1,4000/1,,BPU,SIEMENS,7SJ82,BM2102004948,NUMERIK,2021.0,,SERIAL|BM2102004948,HIGH,exact normalized serial
Data Setting Penghantar UPT DKSBI.xlsx,OCR_PHT,86,f0ba5b0036e47fb050940334d394bb217cdf81dcbdeea63e562db5b25048167c,2026-08-21,OCR,OCR,OCR_GFR,GRADED,PHT.76,ULTG CITRA RAYA,GI 150kV ITS,PHT 150kV CENGKARENG BARU,#1,4000/1,,BPU,SIEMENS,7SS85,BM2102007389,NUMERIK,2021.0,,SERIAL|BM2102007389,HIGH,exact normalized serial
Data Setting Penghantar UPT DKSBI.xlsx,OCR_PHT,87,f0ba5b0036e47fb050940334d394bb217cdf81dcbdeea63e562db5b25048167c,2026-08-21,OCR,OCR,OCR_GFR,GRADED,PHT.77,ULTG CITRA RAYA,GI 150kV ITS,PHT 150kV KONSUMEN,#1,300/1,,BPU,SIEMENS,7SJ82,BM2102004944,NUMERIK,2021.0,,SERIAL|BM2102004944,HIGH,exact normalized serial
Data Setting Penghantar UPT DKSBI.xlsx,OCR_PHT,88,f0ba5b0036e47fb050940334d394bb217cdf81dcbdeea63e562db5b25048167c,2026-08-21,OCR,OCR,OCR_GFR,GRADED,PHT.78,ULTG CITRA RAYA,GI 150kV JATAKE,PHT 150kV CIKUPA#1,#1,1600/5,,BPU,ABB,REF615,1VHR91419670,NUMERIK,2019.0,,SERIAL|1VHR91419670,HIGH,exact normalized serial
Data Setting Penghantar UPT DKSBI.xlsx,OCR_PHT,89,f0ba5b0036e47fb050940334d394bb217cdf81dcbdeea63e562db5b25048167c,2026-08-21,OCR,OCR,OCR_GFR,GRADED,PHT.79,ULTG CITRA RAYA,GI 150kV JATAKE,PHT 150kV CIKUPA#2,#2,1600/5,,BPU,SCHNEIDER,MICOM P142,39731744/04/20,NUMERIK,2021.0,,SERIAL|39731744/04/20,HIGH,exact normalized serial
Data Setting Penghantar UPT DKSBI.xlsx,OCR_PHT,90,f0ba5b0036e47fb050940334d394bb217cdf81dcbdeea63e562db5b25048167c,2026-08-21,OCR,OCR,OCR_GFR,GRADED,PHT.80,ULTG CITRA RAYA,GI 150kV JATAKE,PHT 150kV JATAKE BARU#1,#1,1600/5,,BPU,SCHNEIDER,MICOM P122,36188977/01/13,NUMERIK,,,SERIAL|36188977/01/13,HIGH,exact normalized serial
Data Setting Penghantar UPT DKSBI.xlsx,OCR_PHT,91,f0ba5b0036e47fb050940334d394bb217cdf81dcbdeea63e562db5b25048167c,2026-08-21,OCR,OCR,OCR_GFR,GRADED,PHT.81,ULTG CITRA RAYA,GI 150kV JATAKE,PHT 150kV JATAKE BARU#2,#2,1600/5,,BPU,SCHNEIDER,MICOM P123,36189409/02/13,NUMERIK,,,SERIAL|36189409/02/13,HIGH,exact normalized serial
Data Setting Penghantar UPT DKSBI.xlsx,OCR_PHT,92,f0ba5b0036e47fb050940334d394bb217cdf81dcbdeea63e562db5b25048167c,2026-08-21,OCR,OCR,OCR_GFR,GRADED,PHT.82,ULTG CITRA RAYA,GI 150kV JATAKE,PHT 150kV MAXIMANGANDO#1,#1,1000/1,,BPU,NR,PCS-9611,NRJB2088871830060,NUMERIK,2019.0,,SERIAL|NRJB2088871830060,HIGH,exact normalized serial
Data Setting Penghantar UPT DKSBI.xlsx,OCR_PHT,93,f0ba5b0036e47fb050940334d394bb217cdf81dcbdeea63e562db5b25048167c,2026-08-21,OCR,OCR,OCR_GFR,GRADED,PHT.83,ULTG CITRA RAYA,GI 150kV JATAKE,PHT 150kV MAXIMANGANDO#2,#2,1000/1,,BPU,NR,PCS-9611,NRJB2088871830070,NUMERIK,2019.0,,SERIAL|NRJB2088871830070,HIGH,exact normalized serial
Data Setting Penghantar UPT DKSBI.xlsx,OCR_PHT,94,f0ba5b0036e47fb050940334d394bb217cdf81dcbdeea63e562db5b25048167c,2026-08-21,OCR,OCR,OCR_GFR,GRADED,PHT.84,ULTG CITRA RAYA,GI 150kV JATAKE,PHT 150kV MAXIMANGANDO#1,#1,1000/1,,BPU,,,,,,,ASSET|GI 150KV JATAKE|PHT 150KV MAXIMANGANDO#1|#1|?|?|BPU,LOW,incomplete exact attributes; no fuzzy merge
Data Setting Penghantar UPT DKSBI.xlsx,OCR_PHT,95,f0ba5b0036e47fb050940334d394bb217cdf81dcbdeea63e562db5b25048167c,2026-08-21,OCR,OCR,OCR_GFR,GRADED,PHT.85,ULTG CITRA RAYA,GI 150kV JATAKE,PHT 150kV MAXIMANGANDO#2,#2,1000/1,,BPU,,,,,,,ASSET|GI 150KV JATAKE|PHT 150KV MAXIMANGANDO#2|#2|?|?|BPU,LOW,incomplete exact attributes; no fuzzy merge
Data Setting Penghantar UPT DKSBI.xlsx,OCR_PHT,96,f0ba5b0036e47fb050940334d394bb217cdf81dcbdeea63e562db5b25048167c,2026-08-21,OCR,OCR,OCR_GFR,GRADED,PHT.86,ULTG CITRA RAYA,GI 150kV MAXIMANGANDO,PHT 150kV JATAKE#1,#1,1000/1,,BPU,NR,PCS-9611,NRJB2088871830960,NUMERIK,2019.0,,SERIAL|NRJB2088871830960,HIGH,exact normalized serial
Data Setting Penghantar UPT DKSBI.xlsx,OCR_PHT,97,f0ba5b0036e47fb050940334d394bb217cdf81dcbdeea63e562db5b25048167c,2026-08-21,OCR,OCR,OCR_GFR,GRADED,PHT.87,ULTG CITRA RAYA,GI 150kV MAXIMANGANDO,PHT 150kV JATAKE#2,#2,1000/1,,BPU,NR,PCS-9611,NRJB2088871830970,NUMERIK,2020.0,,SERIAL|NRJB2088871830970,HIGH,exact normalized serial
Data Setting Penghantar UPT DKSBI.xlsx,OCR_PHT,98,f0ba5b0036e47fb050940334d394bb217cdf81dcbdeea63e562db5b25048167c,2026-08-21,OCR,OCR,OCR_GFR,GRADED,PHT.88,ULTG CITRA RAYA,GI 150kV MAXIMANGANDO,PHT 150kV JATAKE#1,#1,1000/1,,BPU,,,,,,,ASSET|GI 150KV MAXIMANGANDO|PHT 150KV JATAKE#1|#1|?|?|BPU,LOW,incomplete exact attributes; no fuzzy merge
Data Setting Penghantar UPT DKSBI.xlsx,OCR_PHT,99,f0ba5b0036e47fb050940334d394bb217cdf81dcbdeea63e562db5b25048167c,2026-08-21,OCR,OCR,OCR_GFR,GRADED,PHT.89,ULTG CITRA RAYA,GI 150kV MAXIMANGANDO,PHT 150kV JATAKE#2,#2,1000/1,,BPU,,,,,,,ASSET|GI 150KV MAXIMANGANDO|PHT 150KV JATAKE#2|#2|?|?|BPU,LOW,incomplete exact attributes; no fuzzy merge
Data Setting Penghantar UPT DKSBI.xlsx,OCR_PHT,100,f0ba5b0036e47fb050940334d394bb217cdf81dcbdeea63e562db5b25048167c,2026-08-21,OCR,OCR,OCR_GFR,GRADED,PHT.90,ULTG CITRA RAYA,GI 150kV SINDANG JAYA,PHT 150kV BALARAJA#1,#1,4000/1,,BPU,NR,PCS-9611,,NUMERIK,2021.0,,ASSET|GI 150KV SINDANG JAYA|PHT 150KV BALARAJA#1|#1|NR|PCS-9611|BPU,MEDIUM,exact normalized asset attributes
Data Setting Penghantar UPT DKSBI.xlsx,OCR_PHT,101,f0ba5b0036e47fb050940334d394bb217cdf81dcbdeea63e562db5b25048167c,2026-08-21,OCR,OCR,OCR_GFR,GRADED,PHT.91,ULTG CITRA RAYA,GI 150kV SINDANG JAYA,PHT 150kV BALARAJA#2,#2,4000/1,,BPU,NR,PCS-9611,,NUMERIK,2021.0,,ASSET|GI 150KV SINDANG JAYA|PHT 150KV BALARAJA#2|#2|NR|PCS-9611|BPU,MEDIUM,exact normalized asset attributes
Data Setting Penghantar UPT DKSBI.xlsx,OCR_PHT,102,f0ba5b0036e47fb050940334d394bb217cdf81dcbdeea63e562db5b25048167c,2026-08-21,OCR,OCR,OCR_GFR,GRADED,PHT.92,ULTG CITRA RAYA,GI 150kV SINDANG JAYA,PHT 150kV LONTAR#1,#1,4000/1,,BPU,NR,PCS-9611,,NUMERIK,2021.0,,ASSET|GI 150KV SINDANG JAYA|PHT 150KV LONTAR#1|#1|NR|PCS-9611|BPU,MEDIUM,exact normalized asset attributes
Data Setting Penghantar UPT DKSBI.xlsx,OCR_PHT,103,f0ba5b0036e47fb050940334d394bb217cdf81dcbdeea63e562db5b25048167c,2026-08-21,OCR,OCR,OCR_GFR,GRADED,PHT.93,ULTG CITRA RAYA,GI 150kV SINDANG JAYA,PHT 150kV LONTAR#2,#2,4000/1,,BPU,NR,PCS-9611,,NUMERIK,2021.0,,ASSET|GI 150KV SINDANG JAYA|PHT 150KV LONTAR#2|#2|NR|PCS-9611|BPU,MEDIUM,exact normalized asset attributes
Data Setting Penghantar UPT DKSBI.xlsx,OCR_PHT,104,f0ba5b0036e47fb050940334d394bb217cdf81dcbdeea63e562db5b25048167c,2026-08-21,OCR,OCR,OCR_GFR,GRADED,PHT.94,ULTG CITRA RAYA,GI 150kV SINDANG JAYA,PHT 150kV SUVARNA SUTERA#1,#1,4000/1,,BPU,NR,PCS-9611,,NUMERIK,2021.0,,ASSET|GI 150KV SINDANG JAYA|PHT 150KV SUVARNA SUTERA#1|#1|NR|PCS-9611|BPU,MEDIUM,exact normalized asset attributes
Data Setting Penghantar UPT DKSBI.xlsx,OCR_PHT,105,f0ba5b0036e47fb050940334d394bb217cdf81dcbdeea63e562db5b25048167c,2026-08-21,OCR,OCR,OCR_GFR,GRADED,PHT.95,ULTG CITRA RAYA,GI 150kV SINDANG JAYA,PHT 150kV SUVARNA SUTERA#2,#2,4000/1,,BPU,NR,PCS-9611,,NUMERIK,2021.0,,ASSET|GI 150KV SINDANG JAYA|PHT 150KV SUVARNA SUTERA#2|#2|NR|PCS-9611|BPU,MEDIUM,exact normalized asset attributes
Data Setting Penghantar UPT DKSBI.xlsx,OCR_PHT,106,f0ba5b0036e47fb050940334d394bb217cdf81dcbdeea63e562db5b25048167c,2026-08-21,OCR,OCR,OCR_GFR,GRADED,PHT.96,ULTG CITRA RAYA,GI 150kV TANGERANG BARU,PHT 150kV LONTAR#1,#1,3000/1,,BPU,AREVA,MICOM P141,3375740/05/10,NUMERIK,,,SERIAL|3375740/05/10,HIGH,exact normalized serial
Data Setting Penghantar UPT DKSBI.xlsx,OCR_PHT,107,f0ba5b0036e47fb050940334d394bb217cdf81dcbdeea63e562db5b25048167c,2026-08-21,OCR,OCR,OCR_GFR,GRADED,PHT.97,ULTG CITRA RAYA,GI 150kV TANGERANG BARU,PHT 150kV LONTAR#2,#2,3000/1,,BPU,AREVA,MICOM P141,3171263/05/08,NUMERIK,,,SERIAL|3171263/05/08,HIGH,exact normalized serial
Data Setting Penghantar UPT DKSBI.xlsx,OCR_PHT,108,f0ba5b0036e47fb050940334d394bb217cdf81dcbdeea63e562db5b25048167c,2026-08-21,OCR,OCR,OCR_GFR,GRADED,PHT.98,ULTG CITRA RAYA,GI 150kV TANGERANG BARU,PHT 150kV ITS,#1,3000/1,,BPU,AREVA,MICOM P141,3377540/05/09,NUMERIK,,,SERIAL|3377540/05/09,HIGH,exact normalized serial
Data Setting Penghantar UPT DKSBI.xlsx,OCR_PHT,109,f0ba5b0036e47fb050940334d394bb217cdf81dcbdeea63e562db5b25048167c,2026-08-21,OCR,OCR,OCR_GFR,GRADED,PHT.99,ULTG CITRA RAYA,GI 150kV TANGERANG BARU,PHT 150kV CENGKARENG BARU,#1,3000/1,,BPU,AREVA,MICOM P141,3375742/03/09,NUMERIK,,,SERIAL|3375742/03/09,HIGH,exact normalized serial
Data Setting Penghantar UPT DKSBI.xlsx,OCR_PHT,110,f0ba5b0036e47fb050940334d394bb217cdf81dcbdeea63e562db5b25048167c,2026-08-21,OCR,OCR,OCR_GFR,GRADED,PHT.100,ULTG CITRA RAYA,GI 150kV TELUK NAGA,PHT 150kV DADAP#1,#1,3000/1,,BPU,AREVA,MICOM P141,3375737/03/09,NUMERIK,2023.0,,SERIAL|3375737/03/09,HIGH,exact normalized serial
Data Setting Penghantar UPT DKSBI.xlsx,OCR_PHT,111,f0ba5b0036e47fb050940334d394bb217cdf81dcbdeea63e562db5b25048167c,2026-08-21,OCR,OCR,OCR_GFR,GRADED,PHT.101,ULTG CITRA RAYA,GI 150kV TELUK NAGA,PHT 150kV DADAP#2,#2,3000/1,,BPU,AREVA,MICOM P141,3377538/05/09,NUMERIK,2022.0,,SERIAL|3377538/05/09,HIGH,exact normalized serial
Data Setting Penghantar UPT DKSBI.xlsx,OCR_PHT,112,f0ba5b0036e47fb050940334d394bb217cdf81dcbdeea63e562db5b25048167c,2026-08-21,OCR,OCR,OCR_GFR,GRADED,PHT.102,ULTG CITRA RAYA,GI 150kV TELUK NAGA,PHT 150kV SEPATAN#1,#1,1600/1,,BPU,GE,MICOM P14D,36173634/09/22,NUMERIK,,,SERIAL|36173634/09/22,HIGH,exact normalized serial
Data Setting Penghantar UPT DKSBI.xlsx,OCR_PHT,113,f0ba5b0036e47fb050940334d394bb217cdf81dcbdeea63e562db5b25048167c,2026-08-21,OCR,OCR,OCR_GFR,GRADED,PHT.103,ULTG CITRA RAYA,GI 150kV TELUK NAGA,PHT 150kV SEPATAN#2,#2,1600/1,,BPU,SCHNEIDER,MICOM P142,39732209/03/20,NUMERIK,,,SERIAL|39732209/03/20,HIGH,exact normalized serial
Data Setting Penghantar UPT DKSBI.xlsx,OCR_PHT,114,f0ba5b0036e47fb050940334d394bb217cdf81dcbdeea63e562db5b25048167c,2026-08-21,OCR,OCR,OCR_GFR,GRADED,PHT.104,ULTG CITRA RAYA,GIS 150kV JATAKE BARU,PHT 150kV JATAKE#1,#1,2000/1,,BPU,NR,PCS-9611,NRJB21322819B0070,NUMERIK,2021.0,,SERIAL|NRJB21322819B0070,HIGH,exact normalized serial
Data Setting Penghantar UPT DKSBI.xlsx,OCR_PHT,115,f0ba5b0036e47fb050940334d394bb217cdf81dcbdeea63e562db5b25048167c,2026-08-21,OCR,OCR,OCR_GFR,GRADED,PHT.105,ULTG CITRA RAYA,GIS 150kV JATAKE BARU,PHT 150kV JATAKE#2,#2,2000/1,,BPU,NR,PCS-9611,NRJB21322819B0080,NUMERIK,2021.0,,SERIAL|NRJB21322819B0080,HIGH,exact normalized serial
Data Setting Penghantar UPT DKSBI.xlsx,OCR_PHT,116,f0ba5b0036e47fb050940334d394bb217cdf81dcbdeea63e562db5b25048167c,2026-08-21,OCR,OCR,OCR_GFR,GRADED,PHT.106,ULTG CITRA RAYA,GIS 150kV JATAKE BARU,PHT 150kV TANGERANG#1,#1,2000/1,,BPU,NR,PCS-9611,NRJB21322819B0110,NUMERIK,2021.0,,SERIAL|NRJB21322819B0110,HIGH,exact normalized serial
Data Setting Penghantar UPT DKSBI.xlsx,OCR_PHT,117,f0ba5b0036e47fb050940334d394bb217cdf81dcbdeea63e562db5b25048167c,2026-08-21,OCR,OCR,OCR_GFR,GRADED,PHT.107,ULTG CITRA RAYA,GIS 150kV JATAKE BARU,PHT 150kV TANGERANG#2,#2,2000/1,,BPU,NR,PCS-9611,NRJB21322819B0100,NUMERIK,2021.0,,SERIAL|NRJB21322819B0100,HIGH,exact normalized serial
Data Setting Penghantar UPT DKSBI.xlsx,OCR_PHT,118,f0ba5b0036e47fb050940334d394bb217cdf81dcbdeea63e562db5b25048167c,2026-08-21,OCR,OCR,OCR_GFR,GRADED,PHT.108,ULTG CITRA RAYA,GIS 150kV LONTAR,PHT 150kV SINDANG JAYA#1,#1,4000/1,,BPU,NR,RCS-9611,7728100900201.0,NUMERIK,,,SERIAL|7728100900201,HIGH,exact normalized serial
Data Setting Penghantar UPT DKSBI.xlsx,OCR_PHT,119,f0ba5b0036e47fb050940334d394bb217cdf81dcbdeea63e562db5b25048167c,2026-08-21,OCR,OCR,OCR_GFR,GRADED,PHT.109,ULTG CITRA RAYA,GIS 150kV LONTAR,PHT 150kV SINDANG JAYA#2,#2,4000/1,,BPU,NR,RCS-9611,7728100900101.0,NUMERIK,,,SERIAL|7728100900101,HIGH,exact normalized serial
Data Setting Penghantar UPT DKSBI.xlsx,OCR_PHT,120,f0ba5b0036e47fb050940334d394bb217cdf81dcbdeea63e562db5b25048167c,2026-08-21,OCR,OCR,OCR_GFR,GRADED,PHT.110,ULTG CITRA RAYA,GIS 150kV LONTAR,PHT 150kV DADAP#1,#1,3000/1,,BPU,SCHNEIDER,MICOM P142,39619258/07/17,NUMERIK,2021.0,,SERIAL|39619258/07/17,HIGH,exact normalized serial
Data Setting Penghantar UPT DKSBI.xlsx,OCR_PHT,121,f0ba5b0036e47fb050940334d394bb217cdf81dcbdeea63e562db5b25048167c,2026-08-21,OCR,OCR,OCR_GFR,GRADED,PHT.111,ULTG CITRA RAYA,GIS 150kV LONTAR,PHT 150kV DADAP#2,#2,3000/1,,BPU,SCHNEIDER,MICOM P142,39619259/07/17,NUMERIK,2021.0,,SERIAL|39619259/07/17,HIGH,exact normalized serial
Data Setting Penghantar UPT DKSBI.xlsx,OCR_PHT,122,f0ba5b0036e47fb050940334d394bb217cdf81dcbdeea63e562db5b25048167c,2026-08-21,OCR,OCR,OCR_GFR,GRADED,PHT.112,ULTG CITRA RAYA,GIS 150kV LONTAR,PHT 150kV TANGERANG BARU#1,#1,3000/1,,BPU,NR,PCS-9611S,NRJB2145332510118,NUMERIK,2026.0,,SERIAL|NRJB2145332510118,HIGH,exact normalized serial
Data Setting Penghantar UPT DKSBI.xlsx,OCR_PHT,123,f0ba5b0036e47fb050940334d394bb217cdf81dcbdeea63e562db5b25048167c,2026-08-21,OCR,OCR,OCR_GFR,GRADED,PHT.113,ULTG CITRA RAYA,GIS 150kV LONTAR,PHT 150kV TANGERANG BARU#2,#2,3000/1,,BPU,NR,RCS-9611,7728095200101.0,NUMERIK,,,SERIAL|7728095200101,HIGH,exact normalized serial
Data Setting Penghantar UPT DKSBI.xlsx,OCR_PHT,124,f0ba5b0036e47fb050940334d394bb217cdf81dcbdeea63e562db5b25048167c,2026-08-21,OCR,OCR,OCR_GFR,GRADED,PHT.114,ULTG DURIKOSAMBI,GI 150kV CENGKARENG,PHT 150kV DURIKOSAMBI#1,#1,2000/5,,BPU,AREVA,MICOM P141,3375744/05/09,NUMERIK,2012.0,,SERIAL|3375744/05/09,HIGH,exact normalized serial
Data Setting Penghantar UPT DKSBI.xlsx,OCR_PHT,125,f0ba5b0036e47fb050940334d394bb217cdf81dcbdeea63e562db5b25048167c,2026-08-21,OCR,OCR,OCR_GFR,GRADED,PHT.115,ULTG DURIKOSAMBI,GI 150kV CENGKARENG,PHT 150kV DURIKOSAMBI#2,#2,2000/5,,BPU,AREVA,MICOM P141,3375738/05/09,NUMERIK,2011.0,,SERIAL|3375738/05/09,HIGH,exact normalized serial
Data Setting Penghantar UPT DKSBI.xlsx,OCR_PHT,126,f0ba5b0036e47fb050940334d394bb217cdf81dcbdeea63e562db5b25048167c,2026-08-21,OCR,OCR,OCR_GFR,GRADED,PHT.116,ULTG DURIKOSAMBI,GI 150kV CENGKARENG,PHT 150kV CENGKARENG BARU#1,#1,4000/5,,BPU,SCHNEIDER,MICOM P122,36119231.0,NUMERIK,2014.0,,SERIAL|36119231,HIGH,exact normalized serial
Data Setting Penghantar UPT DKSBI.xlsx,OCR_PHT,127,f0ba5b0036e47fb050940334d394bb217cdf81dcbdeea63e562db5b25048167c,2026-08-21,OCR,OCR,OCR_GFR,GRADED,PHT.117,ULTG DURIKOSAMBI,GI 150kV CENGKARENG,PHT 150kV CENGKARENG BARU#2,#2,3000/5,,BPU,SCHNEIDER,MICOM P122,31379982.0,NUMERIK,2010.0,,SERIAL|31379982,HIGH,exact normalized serial
Data Setting Penghantar UPT DKSBI.xlsx,OCR_PHT,128,f0ba5b0036e47fb050940334d394bb217cdf81dcbdeea63e562db5b25048167c,2026-08-21,OCR,OCR,OCR_GFR,GRADED,PHT.118,ULTG DURIKOSAMBI,GI 150kV CENGKARENG,PHT 150kV TANGERANG#1,#1,2000/5,,BPU,SIEMENS,7SJ82,BM1911002879,NUMERIK,2021.0,,SERIAL|BM1911002879,HIGH,exact normalized serial
Data Setting Penghantar UPT DKSBI.xlsx,OCR_PHT,129,f0ba5b0036e47fb050940334d394bb217cdf81dcbdeea63e562db5b25048167c,2026-08-21,OCR,OCR,OCR_GFR,GRADED,PHT.119,ULTG DURIKOSAMBI,GI 150kV CENGKARENG,PHT 150kV TANGERANG#2,#2,2000/5,,BPU,SIEMENS,7SJ82,BM1911002878,NUMERIK,2021.0,,SERIAL|BM1911002878,HIGH,exact normalized serial
Data Setting Penghantar UPT DKSBI.xlsx,OCR_PHT,130,f0ba5b0036e47fb050940334d394bb217cdf81dcbdeea63e562db5b25048167c,2026-08-21,OCR,OCR,OCR_GFR,GRADED,PHT.120,ULTG DURIKOSAMBI,GI 150kV CENGKARENG BARU,PHT 150kV BANDARA SOEKARNO HATTA#1,#1,1000/1,,BPU,ALSTOM,MICOM P141,33980359/02/17,NUMERIK,2018.0,,SERIAL|33980359/02/17,HIGH,exact normalized serial
Data Setting Penghantar UPT DKSBI.xlsx,OCR_PHT,131,f0ba5b0036e47fb050940334d394bb217cdf81dcbdeea63e562db5b25048167c,2026-08-21,OCR,OCR,OCR_GFR,GRADED,PHT.121,ULTG DURIKOSAMBI,GI 150kV CENGKARENG BARU,PHT 150kV BANDARA SOEKARNO HATTA#2,#2,1000/1,,BPU,ALSTOM,MICOM P141,33980358/02/17,NUMERIK,2018.0,,SERIAL|33980358/02/17,HIGH,exact normalized serial
Data Setting Penghantar UPT DKSBI.xlsx,OCR_PHT,132,f0ba5b0036e47fb050940334d394bb217cdf81dcbdeea63e562db5b25048167c,2026-08-21,OCR,OCR,OCR_GFR,GRADED,PHT.122,ULTG DURIKOSAMBI,GI 150kV CENGKARENG BARU,PHT 150kV CENGKARENG#1,#1,4000/1,,BPU,ALSTOM,MICOM P141,33980363/02/17,NUMERIK,2018.0,,SERIAL|33980363/02/17,HIGH,exact normalized serial
Data Setting Penghantar UPT DKSBI.xlsx,OCR_PHT,133,f0ba5b0036e47fb050940334d394bb217cdf81dcbdeea63e562db5b25048167c,2026-08-21,OCR,OCR,OCR_GFR,GRADED,PHT.123,ULTG DURIKOSAMBI,GI 150kV CENGKARENG BARU,PHT 150kV CENGKARENG#2,#2,4000/1,,BPU,ALSTOM,MICOM P14D,33980360/02/17,NUMERIK,2019.0,,SERIAL|33980360/02/17,HIGH,exact normalized serial
Data Setting Penghantar UPT DKSBI.xlsx,OCR_PHT,134,f0ba5b0036e47fb050940334d394bb217cdf81dcbdeea63e562db5b25048167c,2026-08-21,OCR,OCR,OCR_GFR,GRADED,PHT.124,ULTG DURIKOSAMBI,GI 150kV CENGKARENG BARU,PHT 150kV ITS,#1,4000/1,,BPU,ALSTOM,MICOM P14D,33980362/02/17,NUMERIK,2019.0,,SERIAL|33980362/02/17,HIGH,exact normalized serial
Data Setting Penghantar UPT DKSBI.xlsx,OCR_PHT,135,f0ba5b0036e47fb050940334d394bb217cdf81dcbdeea63e562db5b25048167c,2026-08-21,OCR,OCR,OCR_GFR,GRADED,PHT.125,ULTG DURIKOSAMBI,GI 150kV CENGKARENG BARU,PHT 150kV TANGERANG BARU,#1,4000/1,,BPU,ALSTOM,MICOM P141,33980364/02/17,NUMERIK,2018.0,,SERIAL|33980364/02/17,HIGH,exact normalized serial
Data Setting Penghantar UPT DKSBI.xlsx,OCR_PHT,136,f0ba5b0036e47fb050940334d394bb217cdf81dcbdeea63e562db5b25048167c,2026-08-21,OCR,OCR,OCR_GFR,GRADED,PHT.126,ULTG DURIKOSAMBI,GI 150kV CILEDUG,PHT 150kV ALAM SUTERA#1,#1,3000/1,,BPU,SCHNEIDER,MICOM P142,39732573/04/20,NUMERIK,2021.0,,SERIAL|39732573/04/20,HIGH,exact normalized serial
Data Setting Penghantar UPT DKSBI.xlsx,OCR_PHT,137,f0ba5b0036e47fb050940334d394bb217cdf81dcbdeea63e562db5b25048167c,2026-08-21,OCR,OCR,OCR_GFR,GRADED,PHT.127,ULTG DURIKOSAMBI,GI 150kV CILEDUG,PHT 150kV ALAM SUTERA#2,#2,2000/1,,BPU,ALSTOM,MICOM P141,34104380/08/17,NUMERIK,2020.0,,SERIAL|34104380/08/17,HIGH,exact normalized serial
Data Setting Penghantar UPT DKSBI.xlsx,OCR_PHT,138,f0ba5b0036e47fb050940334d394bb217cdf81dcbdeea63e562db5b25048167c,2026-08-21,OCR,OCR,OCR_GFR,GRADED,PHT.128,ULTG DURIKOSAMBI,GI 150kV CILEDUG,PHT 150kV METLAND#1,#1,3200/1,,BPU,ALSTOM,MCGG 52,781860H,NUMERIK,2001.0,,SERIAL|781860H,HIGH,exact normalized serial
Data Setting Penghantar UPT DKSBI.xlsx,OCR_PHT,139,f0ba5b0036e47fb050940334d394bb217cdf81dcbdeea63e562db5b25048167c,2026-08-21,OCR,OCR,OCR_GFR,GRADED,PHT.129,ULTG DURIKOSAMBI,GI 150kV CILEDUG,PHT 150kV METLAND#2,#2,2000/1,,BPU,ALSTOM,MICOM P142,34721251/02/19,NUMERIK,2019.0,,SERIAL|34721251/02/19,HIGH,exact normalized serial
Data Setting Penghantar UPT DKSBI.xlsx,OCR_PHT,140,f0ba5b0036e47fb050940334d394bb217cdf81dcbdeea63e562db5b25048167c,2026-08-21,OCR,OCR,OCR_GFR,GRADED,PHT.130,ULTG DURIKOSAMBI,GI 150kV DURIKOSAMBI,PHT 150kV CENGKARENG#1,#1,2000/5,,BPU,SCHNEIDER,MICOM P142,39732215/03/20,NUMERIK,2022.0,,SERIAL|39732215/03/20,HIGH,exact normalized serial
Data Setting Penghantar UPT DKSBI.xlsx,OCR_PHT,141,f0ba5b0036e47fb050940334d394bb217cdf81dcbdeea63e562db5b25048167c,2026-08-21,OCR,OCR,OCR_GFR,GRADED,PHT.131,ULTG DURIKOSAMBI,GI 150kV DURIKOSAMBI,PHT 150kV CENGKARENG#2,#2,2000/5,,BPU,SCHNEIDER,MICOM P142,39732216/03/20,NUMERIK,2022.0,,SERIAL|39732216/03/20,HIGH,exact normalized serial
Data Setting Penghantar UPT DKSBI.xlsx,OCR_PHT,142,f0ba5b0036e47fb050940334d394bb217cdf81dcbdeea63e562db5b25048167c,2026-08-21,OCR,OCR,OCR_GFR,GRADED,PHT.132,ULTG DURIKOSAMBI,GI 150kV DURIKOSAMBI,PHT 150kV LMK,#1,1000/5,,BPU,SCHNEIDER,MICOM P142,39733329/04/20,NUMERIK,2022.0,,SERIAL|39733329/04/20,HIGH,exact normalized serial
Data Setting Penghantar UPT DKSBI.xlsx,OCR_PHT,143,f0ba5b0036e47fb050940334d394bb217cdf81dcbdeea63e562db5b25048167c,2026-08-21,OCR,OCR,OCR_GFR,GRADED,PHT.133,ULTG DURIKOSAMBI,GI 150kV DURIKOSAMBI,PHT 150kV GROGOL BARU#1,#1,1600/5,,BPU,SCHNEIDER,MICOM P142,39732577/04/20,NUMERIK,2022.0,,SERIAL|39732577/04/20,HIGH,exact normalized serial
Data Setting Penghantar UPT DKSBI.xlsx,OCR_PHT,144,f0ba5b0036e47fb050940334d394bb217cdf81dcbdeea63e562db5b25048167c,2026-08-21,OCR,OCR,OCR_GFR,GRADED,PHT.134,ULTG DURIKOSAMBI,GI 150kV DURIKOSAMBI,PHT 150kV GROGOL BARU#2,#2,1600/5,,BPU,SCHNEIDER,MICOM P142,39733319/04/20,NUMERIK,2022.0,,SERIAL|39733319/04/20,HIGH,exact normalized serial
Data Setting Penghantar UPT DKSBI.xlsx,OCR_PHT,145,f0ba5b0036e47fb050940334d394bb217cdf81dcbdeea63e562db5b25048167c,2026-08-21,OCR,OCR,OCR_GFR,GRADED,PHT.135,ULTG DURIKOSAMBI,GI 150kV DURIKOSAMBI,PHT 150kV KEBON JERUK#1,#1,4000/5,,BPU,SCHNEIDER,MICOM P142,39733323/04/20,NUMERIK,2022.0,,SERIAL|39733323/04/20,HIGH,exact normalized serial
Data Setting Penghantar UPT DKSBI.xlsx,OCR_PHT,146,f0ba5b0036e47fb050940334d394bb217cdf81dcbdeea63e562db5b25048167c,2026-08-21,OCR,OCR,OCR_GFR,GRADED,PHT.136,ULTG DURIKOSAMBI,GI 150kV DURIKOSAMBI,PHT 150kV KEBON JERUK#2,#2,2000/5,,BPU,SCHNEIDER,MICOM P122,36013228.0,NUMERIK,,,SERIAL|36013228,HIGH,exact normalized serial
Data Setting Penghantar UPT DKSBI.xlsx,OCR_PHT,147,f0ba5b0036e47fb050940334d394bb217cdf81dcbdeea63e562db5b25048167c,2026-08-21,OCR,OCR,OCR_GFR,GRADED,PHT.137,ULTG DURIKOSAMBI,GI 150kV DURIKOSAMBI,PHT 150kV KEMBANGAN#1,#1,1000/5,,BPU,SCHNEIDER,MICOM P122,36013234.0,NUMERIK,,,SERIAL|36013234,HIGH,exact normalized serial
Data Setting Penghantar UPT DKSBI.xlsx,OCR_PHT,148,f0ba5b0036e47fb050940334d394bb217cdf81dcbdeea63e562db5b25048167c,2026-08-21,OCR,OCR,OCR_GFR,GRADED,PHT.138,ULTG DURIKOSAMBI,GI 150kV DURIKOSAMBI,PHT 150kV KEMBANGAN#2,#2,1000/5,,BPU,SCHNEIDER,MICOM P142,39732202/03/20,NUMERIK,2022.0,,SERIAL|39732202/03/20,HIGH,exact normalized serial
Data Setting Penghantar UPT DKSBI.xlsx,OCR_PHT,149,f0ba5b0036e47fb050940334d394bb217cdf81dcbdeea63e562db5b25048167c,2026-08-21,OCR,OCR,OCR_GFR,GRADED,PHT.139,ULTG DURIKOSAMBI,GI 150kV DURIKOSAMBI,PHT 150kV DAAN MOGOT#1,#1,3000/5,,BPU,SCHNEIDER,MICOM P142,39732214/03/20,NUMERIK,2022.0,,SERIAL|39732214/03/20,HIGH,exact normalized serial
Data Setting Penghantar UPT DKSBI.xlsx,OCR_PHT,150,f0ba5b0036e47fb050940334d394bb217cdf81dcbdeea63e562db5b25048167c,2026-08-21,OCR,OCR,OCR_GFR,GRADED,PHT.140,ULTG DURIKOSAMBI,GI 150kV DURIKOSAMBI,PHT 150kV DAAN MOGOT#2,#2,4000/5,,BPU,SCHNEIDER,MICOM P142,39732579/04/20,NUMERIK,2022.0,,SERIAL|39732579/04/20,HIGH,exact normalized serial
Data Setting Penghantar UPT DKSBI.xlsx,OCR_PHT,151,f0ba5b0036e47fb050940334d394bb217cdf81dcbdeea63e562db5b25048167c,2026-08-21,OCR,OCR,OCR_GFR,GRADED,PHT.141,ULTG DURIKOSAMBI,GI 150kV TANGERANG,PHT 150kV CENGKARENG#1,#1,2000/5,,BPU,SIEMENS,7SJ82,BM1911002877,NUMERIK,2021.0,,SERIAL|BM1911002877,HIGH,exact normalized serial
Data Setting Penghantar UPT DKSBI.xlsx,OCR_PHT,152,f0ba5b0036e47fb050940334d394bb217cdf81dcbdeea63e562db5b25048167c,2026-08-21,OCR,OCR,OCR_GFR,GRADED,PHT.142,ULTG DURIKOSAMBI,GI 150kV TANGERANG,PHT 150kV CENGKARENG#2,#2,2000/5,,BPU,SIEMENS,7SJ82,BM1911002876,NUMERIK,2021.0,,SERIAL|BM1911002876,HIGH,exact normalized serial
Data Setting Penghantar UPT DKSBI.xlsx,OCR_PHT,153,f0ba5b0036e47fb050940334d394bb217cdf81dcbdeea63e562db5b25048167c,2026-08-21,OCR,OCR,OCR_GFR,GRADED,PHT.143,ULTG DURIKOSAMBI,GI 150kV TANGERANG,PHT 150kV JATAKE BARU#1,#1,2000/5,,BPU,SCHNEIDER,MICOM P122,36119230.0,NUMERIK,,,SERIAL|36119230,HIGH,exact normalized serial
Data Setting Penghantar UPT DKSBI.xlsx,OCR_PHT,154,f0ba5b0036e47fb050940334d394bb217cdf81dcbdeea63e562db5b25048167c,2026-08-21,OCR,OCR,OCR_GFR,GRADED,PHT.144,ULTG DURIKOSAMBI,GI 150kV TANGERANG,PHT 150kV JATAKE BARU#2,#2,2000/5,,BPU,SCHNEIDER,MICOM P122,36119266.0,NUMERIK,,,SERIAL|36119266,HIGH,exact normalized serial
Data Setting Penghantar UPT DKSBI.xlsx,OCR_PHT,155,f0ba5b0036e47fb050940334d394bb217cdf81dcbdeea63e562db5b25048167c,2026-08-21,OCR,OCR,OCR_GFR,GRADED,PHT.145,ULTG DURIKOSAMBI,GIS 150kV ALAM SUTERA,PHT 150kV CILEDUG#1,#1,4000/1,,BPU,ALSTOM,MICOM P141,32065265/02/12,NUMERIK,2014.0,,SERIAL|32065265/02/12,HIGH,exact normalized serial
Data Setting Penghantar UPT DKSBI.xlsx,OCR_PHT,156,f0ba5b0036e47fb050940334d394bb217cdf81dcbdeea63e562db5b25048167c,2026-08-21,OCR,OCR,OCR_GFR,GRADED,PHT.146,ULTG DURIKOSAMBI,GIS 150kV ALAM SUTERA,PHT 150kV CILEDUG#2,#2,2000/1,,BPU,ALSTOM,MICOM P141,32065264/02/12,NUMERIK,2020.0,,SERIAL|32065264/02/12,HIGH,exact normalized serial
Data Setting Penghantar UPT DKSBI.xlsx,OCR_PHT,157,f0ba5b0036e47fb050940334d394bb217cdf81dcbdeea63e562db5b25048167c,2026-08-21,OCR,OCR,OCR_GFR,GRADED,PHT.147,ULTG DURIKOSAMBI,GIS 150kV ALAM SUTERA,PHT 150kV SUMMARECON GADING SERPONG#1,#1,2000/1,,BPU,ALSTOM,MICOM P141,32065267/02/12,NUMERIK,2019.0,,SERIAL|32065267/02/12,HIGH,exact normalized serial
Data Setting Penghantar UPT DKSBI.xlsx,OCR_PHT,158,f0ba5b0036e47fb050940334d394bb217cdf81dcbdeea63e562db5b25048167c,2026-08-21,OCR,OCR,OCR_GFR,GRADED,PHT.148,ULTG DURIKOSAMBI,GIS 150kV ALAM SUTERA,PHT 150kV SUMMARECON GADING SERPONG#2,#2,2000/1,,BPU,ALSTOM,MICOM P141,32065268/02/12,NUMERIK,2019.0,,SERIAL|32065268/02/12,HIGH,exact normalized serial
Data Setting Penghantar UPT DKSBI.xlsx,OCR_PHT,159,f0ba5b0036e47fb050940334d394bb217cdf81dcbdeea63e562db5b25048167c,2026-08-21,OCR,OCR,OCR_GFR,GRADED,PHT.149,ULTG DURIKOSAMBI,GIS 150kV KEMBANGAN,PHT 150kV METLAND#1,#1,3200/5,,BPU,SCHNEIDER,MICOM P142,39732572/04/20,NUMERIK,2022.0,,SERIAL|39732572/04/20,HIGH,exact normalized serial
Data Setting Penghantar UPT DKSBI.xlsx,OCR_PHT,160,f0ba5b0036e47fb050940334d394bb217cdf81dcbdeea63e562db5b25048167c,2026-08-21,OCR,OCR,OCR_GFR,GRADED,PHT.150,ULTG DURIKOSAMBI,GIS 150kV KEMBANGAN,PHT 150kV METLAND#2,#2,3200/5,,BPU,SCHNEIDER,MICOM P142,39732191/03/20,NUMERIK,2022.0,,SERIAL|39732191/03/20,HIGH,exact normalized serial
Data Setting Penghantar UPT DKSBI.xlsx,OCR_PHT,161,f0ba5b0036e47fb050940334d394bb217cdf81dcbdeea63e562db5b25048167c,2026-08-21,OCR,OCR,OCR_GFR,GRADED,PHT.151,ULTG DURIKOSAMBI,GIS 150kV KEMBANGAN,PHT 150kV DURIKOSAMBI#1,#1,1000/5,,BPU,SCHNEIDER,MICOM P142,39732574/04/20,NUMERIK,2022.0,,SERIAL|39732574/04/20,HIGH,exact normalized serial
Data Setting Penghantar UPT DKSBI.xlsx,OCR_PHT,162,f0ba5b0036e47fb050940334d394bb217cdf81dcbdeea63e562db5b25048167c,2026-08-21,OCR,OCR,OCR_GFR,GRADED,PHT.152,ULTG DURIKOSAMBI,GIS 150kV KEMBANGAN,PHT 150kV DURIKOSAMBI#2,#2,1000/5,,BPU,SCHNEIDER,MICOM P142,39732204/03/20,NUMERIK,2022.0,,SERIAL|39732204/03/20,HIGH,exact normalized serial
Data Setting Penghantar UPT DKSBI.xlsx,OCR_PHT,163,f0ba5b0036e47fb050940334d394bb217cdf81dcbdeea63e562db5b25048167c,2026-08-21,OCR,OCR,OCR_GFR,GRADED,PHT.153,ULTG DURIKOSAMBI,GIS 150kV KEMBANGAN,PHT 150kV NEW SENAYAN#1,#1,1000/5,,BPU,AREVA,MICOM P123,30032469.0,NUMERIK,,,SERIAL|30032469,HIGH,exact normalized serial
Data Setting Penghantar UPT DKSBI.xlsx,OCR_PHT,164,f0ba5b0036e47fb050940334d394bb217cdf81dcbdeea63e562db5b25048167c,2026-08-21,OCR,OCR,OCR_GFR,GRADED,PHT.154,ULTG DURIKOSAMBI,GIS 150kV KEMBANGAN,PHT 150kV NEW SENAYAN#2,#2,1000/5,,BPU,AREVA,MICOM P142,30032470.0,NUMERIK,,,SERIAL|30032470,HIGH,exact normalized serial
Data Setting Penghantar UPT DKSBI.xlsx,OCR_PHT,165,f0ba5b0036e47fb050940334d394bb217cdf81dcbdeea63e562db5b25048167c,2026-08-21,OCR,OCR,OCR_GFR,GRADED,PHT.155,ULTG DURIKOSAMBI,GIS 150kV KEMBANGAN,PHT 150kV PETUKANGAN#1,#1,2000/5,,BPU,ALSTOM,MICOM P141,33239251/03/15,NUMERIK,2019.0,,SERIAL|33239251/03/15,HIGH,exact normalized serial
Data Setting Penghantar UPT DKSBI.xlsx,OCR_PHT,166,f0ba5b0036e47fb050940334d394bb217cdf81dcbdeea63e562db5b25048167c,2026-08-21,OCR,OCR,OCR_GFR,GRADED,PHT.156,ULTG DURIKOSAMBI,GIS 150kV KEMBANGAN,PHT 150kV PETUKANGAN#2,#2,2000/5,,BPU,ALSTOM,MICOM P141,33239250/03/15,NUMERIK,2019.0,,SERIAL|33239250/03/15,HIGH,exact normalized serial
Data Setting Penghantar UPT DKSBI.xlsx,OCR_PHT,167,f0ba5b0036e47fb050940334d394bb217cdf81dcbdeea63e562db5b25048167c,2026-08-21,OCR,OCR,OCR_GFR,GRADED,PHT.157,ULTG DURIKOSAMBI,GIS 150kV METLAND,PHT 150kV KEMBANGAN#1,#1,2000/1,,BPU,SIEMENS,7SJ82,BM1711001314,NUMERIK,,,SERIAL|BM1711001314,HIGH,exact normalized serial
Data Setting Penghantar UPT DKSBI.xlsx,OCR_PHT,168,f0ba5b0036e47fb050940334d394bb217cdf81dcbdeea63e562db5b25048167c,2026-08-21,OCR,OCR,OCR_GFR,GRADED,PHT.158,ULTG DURIKOSAMBI,GIS 150kV METLAND,PHT 150kV KEMBANGAN#2,#2,2000/1,,BPU,SIEMENS,7SJ82,BM1802000759,NUMERIK,,,SERIAL|BM1802000759,HIGH,exact normalized serial
Data Setting Penghantar UPT DKSBI.xlsx,OCR_PHT,169,f0ba5b0036e47fb050940334d394bb217cdf81dcbdeea63e562db5b25048167c,2026-08-21,OCR,OCR,OCR_GFR,GRADED,PHT.159,ULTG DURIKOSAMBI,GIS 150kV METLAND,PHT 150kV CILEDUG#1,#1,2000/1,,BPU,SIEMENS,7SJ82,BM1802000762,NUMERIK,,,SERIAL|BM1802000762,HIGH,exact normalized serial
Data Setting Penghantar UPT DKSBI.xlsx,OCR_PHT,170,f0ba5b0036e47fb050940334d394bb217cdf81dcbdeea63e562db5b25048167c,2026-08-21,OCR,OCR,OCR_GFR,GRADED,PHT.160,ULTG DURIKOSAMBI,GIS 150kV METLAND,PHT 150kV CILEDUG#2,#2,2000/1,,BPU,SIEMENS,7SJ82,BM1802000758,NUMERIK,,,SERIAL|BM1802000758,HIGH,exact normalized serial
Data Setting Penghantar UPT DKSBI.xlsx,OCR_PHT,171,f0ba5b0036e47fb050940334d394bb217cdf81dcbdeea63e562db5b25048167c,2026-08-21,OCR,OCR,OCR_GFR,GRADED,PHT.161,ULTG DURIKOSAMBI,GIS 150kV SUMMARECON GADING SERPONG,PHT 150kV ALAM SUTERA#1,#1,2000/1,,BPU,ABB,REF 615,1VHR91392166,NUMERIK,2019.0,,SERIAL|1VHR91392166,HIGH,exact normalized serial
Data Setting Penghantar UPT DKSBI.xlsx,OCR_PHT,172,f0ba5b0036e47fb050940334d394bb217cdf81dcbdeea63e562db5b25048167c,2026-08-21,OCR,OCR,OCR_GFR,GRADED,PHT.162,ULTG DURIKOSAMBI,GIS 150kV SUMMARECON GADING SERPONG,PHT 150kV ALAM SUTERA#2,#2,2000/1,,BPU,ABB,REF 615,1VHR91392162,NUMERIK,2019.0,,SERIAL|1VHR91392162,HIGH,exact normalized serial
Data Setting Penghantar UPT DKSBI.xlsx,OCR_PHT,173,f0ba5b0036e47fb050940334d394bb217cdf81dcbdeea63e562db5b25048167c,2026-08-21,OCR,OCR,OCR_GFR,GRADED,PHT.163,ULTG DURIKOSAMBI,GIS 150kV SUMMARECON GADING SERPONG,PHT 150kV CURUG#1,#1,2000/1,,BPU,ABB,REF 615,1VHR91392164,NUMERIK,2019.0,,SERIAL|1VHR91392164,HIGH,exact normalized serial
Data Setting Penghantar UPT DKSBI.xlsx,OCR_PHT,174,f0ba5b0036e47fb050940334d394bb217cdf81dcbdeea63e562db5b25048167c,2026-08-21,OCR,OCR,OCR_GFR,GRADED,PHT.164,ULTG DURIKOSAMBI,GIS 150kV SUMMARECON GADING SERPONG,PHT 150kV CURUG#2,#2,2000/1,,BPU,ABB,REF 615,1VHR91392163,NUMERIK,2019.0,,SERIAL|1VHR91392163,HIGH,exact normalized serial
Data Setting Penghantar UPT DKSBI.xlsx,OCR_PHT,175,f0ba5b0036e47fb050940334d394bb217cdf81dcbdeea63e562db5b25048167c,2026-08-21,OCR,OCR,OCR_GFR,GRADED,PHT.165,ULTG DURIKOSAMBI,GISTET 500kV DURIKOSAMBI,PHT 500kV GANDUL#1,#1,4000/1,,BPU,,,,,,,ASSET|GISTET 500KV DURIKOSAMBI|PHT 500KV GANDUL#1|#1|?|?|BPU,LOW,incomplete exact attributes; no fuzzy merge
Data Setting Penghantar UPT DKSBI.xlsx,OCR_PHT,176,f0ba5b0036e47fb050940334d394bb217cdf81dcbdeea63e562db5b25048167c,2026-08-21,OCR,OCR,OCR_GFR,GRADED,PHT.166,ULTG DURIKOSAMBI,GISTET 500kV DURIKOSAMBI,PHT 500kV KEMBANGAN#2,#2,4000/1,,BPU,,,,,,,ASSET|GISTET 500KV DURIKOSAMBI|PHT 500KV KEMBANGAN#2|#2|?|?|BPU,LOW,incomplete exact attributes; no fuzzy merge
Data Setting Penghantar UPT DKSBI.xlsx,OCR_PHT,177,f0ba5b0036e47fb050940334d394bb217cdf81dcbdeea63e562db5b25048167c,2026-08-21,OCR,OCR,OCR_GFR,GRADED,PHT.167,ULTG DURIKOSAMBI,GISTET 500kV DURIKOSAMBI,PHT 500kV MUARAKARANG#1,#1,4000/1,,BPU,,,,,,,ASSET|GISTET 500KV DURIKOSAMBI|PHT 500KV MUARAKARANG#1|#1|?|?|BPU,LOW,incomplete exact attributes; no fuzzy merge
Data Setting Penghantar UPT DKSBI.xlsx,OCR_PHT,178,f0ba5b0036e47fb050940334d394bb217cdf81dcbdeea63e562db5b25048167c,2026-08-21,OCR,OCR,OCR_GFR,GRADED,PHT.168,ULTG DURIKOSAMBI,GISTET 500kV DURIKOSAMBI,PHT 500kV MUARAKARANG#2,#2,4000/1,,BPU,,,,,,,ASSET|GISTET 500KV DURIKOSAMBI|PHT 500KV MUARAKARANG#2|#2|?|?|BPU,LOW,incomplete exact attributes; no fuzzy merge
Data Setting Penghantar UPT DKSBI.xlsx,OCR_PHT,179,f0ba5b0036e47fb050940334d394bb217cdf81dcbdeea63e562db5b25048167c,2026-08-21,OCR,OCR,OCR_GFR,GRADED,PHT.169,ULTG DURIKOSAMBI,GISTET 500kV DURIKOSAMBI,PHT 500kV GANDUL#1,#1,4000/1,,BPU,,,,,,,ASSET|GISTET 500KV DURIKOSAMBI|PHT 500KV GANDUL#1|#1|?|?|BPU,LOW,incomplete exact attributes; no fuzzy merge
Data Setting Penghantar UPT DKSBI.xlsx,OCR_PHT,180,f0ba5b0036e47fb050940334d394bb217cdf81dcbdeea63e562db5b25048167c,2026-08-21,OCR,OCR,OCR_GFR,GRADED,PHT.170,ULTG DURIKOSAMBI,GISTET 500kV DURIKOSAMBI,PHT 500kV KEMBANGAN#2,#2,4000/1,,BPU,,,,,,,ASSET|GISTET 500KV DURIKOSAMBI|PHT 500KV KEMBANGAN#2|#2|?|?|BPU,LOW,incomplete exact attributes; no fuzzy merge
Data Setting Penghantar UPT DKSBI.xlsx,OCR_PHT,181,f0ba5b0036e47fb050940334d394bb217cdf81dcbdeea63e562db5b25048167c,2026-08-21,OCR,OCR,OCR_GFR,GRADED,PHT.171,ULTG DURIKOSAMBI,GISTET 500kV DURIKOSAMBI,PHT 500kV MUARAKARANG#1,#1,4000/1,,BPU,,,,,,,ASSET|GISTET 500KV DURIKOSAMBI|PHT 500KV MUARAKARANG#1|#1|?|?|BPU,LOW,incomplete exact attributes; no fuzzy merge
Data Setting Penghantar UPT DKSBI.xlsx,OCR_PHT,182,f0ba5b0036e47fb050940334d394bb217cdf81dcbdeea63e562db5b25048167c,2026-08-21,OCR,OCR,OCR_GFR,GRADED,PHT.172,ULTG DURIKOSAMBI,GISTET 500kV DURIKOSAMBI,PHT 500kV MUARAKARANG#2,#2,4000/1,,BPU,,,,,,,ASSET|GISTET 500KV DURIKOSAMBI|PHT 500KV MUARAKARANG#2|#2|?|?|BPU,LOW,incomplete exact attributes; no fuzzy merge
Data Setting Penghantar UPT DKSBI.xlsx,OCR_PHT,183,f0ba5b0036e47fb050940334d394bb217cdf81dcbdeea63e562db5b25048167c,2026-08-21,OCR,OCR,OCR_GFR,GRADED,PHT.173,ULTG DURIKOSAMBI,GISTET 500kV KEMBANGAN,PHT 500kV DURIKOSAMBI#1,#1,4000/1,,BPU,,,,,,,ASSET|GISTET 500KV KEMBANGAN|PHT 500KV DURIKOSAMBI#1|#1|?|?|BPU,LOW,incomplete exact attributes; no fuzzy merge
Data Setting Penghantar UPT DKSBI.xlsx,OCR_PHT,184,f0ba5b0036e47fb050940334d394bb217cdf81dcbdeea63e562db5b25048167c,2026-08-21,OCR,OCR,OCR_GFR,GRADED,PHT.174,ULTG DURIKOSAMBI,GISTET 500kV KEMBANGAN,PHT 500kV DURIKOSAMBI#2,#2,4000/1,,BPU,,,,,,,ASSET|GISTET 500KV KEMBANGAN|PHT 500KV DURIKOSAMBI#2|#2|?|?|BPU,LOW,incomplete exact attributes; no fuzzy merge
Data Setting Penghantar UPT DKSBI.xlsx,OCR_PHT,185,f0ba5b0036e47fb050940334d394bb217cdf81dcbdeea63e562db5b25048167c,2026-08-21,OCR,OCR,OCR_GFR,GRADED,PHT.175,ULTG DURIKOSAMBI,GISTET 500kV KEMBANGAN,PHT 500kV BALARAJA#1,#1,4000/1,,BPU,,,,,,,ASSET|GISTET 500KV KEMBANGAN|PHT 500KV BALARAJA#1|#1|?|?|BPU,LOW,incomplete exact attributes; no fuzzy merge
Data Setting Penghantar UPT DKSBI.xlsx,OCR_PHT,186,f0ba5b0036e47fb050940334d394bb217cdf81dcbdeea63e562db5b25048167c,2026-08-21,OCR,OCR,OCR_GFR,GRADED,PHT.176,ULTG DURIKOSAMBI,GISTET 500kV KEMBANGAN,PHT 500kV BALARAJA#2,#2,4000/1,,BPU,,,,,,,ASSET|GISTET 500KV KEMBANGAN|PHT 500KV BALARAJA#2|#2|?|?|BPU,LOW,incomplete exact attributes; no fuzzy merge
Data Setting Penghantar UPT DKSBI.xlsx,OCR_PHT,187,f0ba5b0036e47fb050940334d394bb217cdf81dcbdeea63e562db5b25048167c,2026-08-21,OCR,OCR,OCR_GFR,GRADED,PHT.177,ULTG DURIKOSAMBI,GISTET 500kV KEMBANGAN,PHT 500kV GANDUL#1,#1,2000/1,,BPU,,,,,,,ASSET|GISTET 500KV KEMBANGAN|PHT 500KV GANDUL#1|#1|?|?|BPU,LOW,incomplete exact attributes; no fuzzy merge
Data Setting Penghantar UPT DKSBI.xlsx,OCR_PHT,188,f0ba5b0036e47fb050940334d394bb217cdf81dcbdeea63e562db5b25048167c,2026-08-21,OCR,OCR,OCR_GFR,GRADED,PHT.178,ULTG DURIKOSAMBI,GISTET 500kV KEMBANGAN,PHT 500kV GANDUL#2,#2,2000/1,,BPU,,,,,,,ASSET|GISTET 500KV KEMBANGAN|PHT 500KV GANDUL#2|#2|?|?|BPU,LOW,incomplete exact attributes; no fuzzy merge
Data Setting Penghantar UPT DKSBI.xlsx,OCR_PHT,189,f0ba5b0036e47fb050940334d394bb217cdf81dcbdeea63e562db5b25048167c,2026-08-21,OCR,OCR,OCR_GFR,GRADED,PHT.179,ULTG DURIKOSAMBI,GISTET 500kV KEMBANGAN,PHT 500kV DURIKOSAMBI#1,#1,4000/1,,BPU,,,,,,,ASSET|GISTET 500KV KEMBANGAN|PHT 500KV DURIKOSAMBI#1|#1|?|?|BPU,LOW,incomplete exact attributes; no fuzzy merge
Data Setting Penghantar UPT DKSBI.xlsx,OCR_PHT,190,f0ba5b0036e47fb050940334d394bb217cdf81dcbdeea63e562db5b25048167c,2026-08-21,OCR,OCR,OCR_GFR,GRADED,PHT.180,ULTG DURIKOSAMBI,GISTET 500kV KEMBANGAN,PHT 500kV DURIKOSAMBI#2,#2,4000/1,,BPU,,,,,,,ASSET|GISTET 500KV KEMBANGAN|PHT 500KV DURIKOSAMBI#2|#2|?|?|BPU,LOW,incomplete exact attributes; no fuzzy merge
Data Setting Penghantar UPT DKSBI.xlsx,OCR_PHT,191,f0ba5b0036e47fb050940334d394bb217cdf81dcbdeea63e562db5b25048167c,2026-08-21,OCR,OCR,OCR_GFR,GRADED,PHT.181,ULTG DURIKOSAMBI,GISTET 500kV KEMBANGAN,PHT 500kV BALARAJA#1,#1,4000/1,,BPU,,,,,,,ASSET|GISTET 500KV KEMBANGAN|PHT 500KV BALARAJA#1|#1|?|?|BPU,LOW,incomplete exact attributes; no fuzzy merge
Data Setting Penghantar UPT DKSBI.xlsx,OCR_PHT,192,f0ba5b0036e47fb050940334d394bb217cdf81dcbdeea63e562db5b25048167c,2026-08-21,OCR,OCR,OCR_GFR,GRADED,PHT.182,ULTG DURIKOSAMBI,GISTET 500kV KEMBANGAN,PHT 500kV BALARAJA#2,#2,4000/1,,BPU,,,,,,,ASSET|GISTET 500KV KEMBANGAN|PHT 500KV BALARAJA#2|#2|?|?|BPU,LOW,incomplete exact attributes; no fuzzy merge
Data Setting Penghantar UPT DKSBI.xlsx,OCR_PHT,193,f0ba5b0036e47fb050940334d394bb217cdf81dcbdeea63e562db5b25048167c,2026-08-21,OCR,OCR,OCR_GFR,GRADED,PHT.183,ULTG DURIKOSAMBI,GISTET 500kV KEMBANGAN,PHT 500kV GANDUL#1,#1,2000/1,,BPU,,,,,,,ASSET|GISTET 500KV KEMBANGAN|PHT 500KV GANDUL#1|#1|?|?|BPU,LOW,incomplete exact attributes; no fuzzy merge
Data Setting Penghantar UPT DKSBI.xlsx,OCR_PHT,194,f0ba5b0036e47fb050940334d394bb217cdf81dcbdeea63e562db5b25048167c,2026-08-21,OCR,OCR,OCR_GFR,GRADED,PHT.184,ULTG DURIKOSAMBI,GISTET 500kV KEMBANGAN,PHT 500kV GANDUL#2,#2,2000/1,,BPU,,,,,,,ASSET|GISTET 500KV KEMBANGAN|PHT 500KV GANDUL#2|#2|?|?|BPU,LOW,incomplete exact attributes; no fuzzy merge
Data Setting Penghantar UPT DKSBI.xlsx,SYNCHRO,11,f0ba5b0036e47fb050940334d394bb217cdf81dcbdeea63e562db5b25048167c,2026-08-21,Synchro,SYNCHRO,SYNCHRO,AUXILIARY,PHT.01,ULTG ANGKE,GI 150kV ANGKE,PHT 150kV ANCOL#1,#1,,150 kV/100 V,SYNCHRO,,,,,,,ASSET|GI 150KV ANGKE|PHT 150KV ANCOL#1|#1|?|?|SYNCHRO,LOW,incomplete exact attributes; no fuzzy merge
Data Setting Penghantar UPT DKSBI.xlsx,SYNCHRO,12,f0ba5b0036e47fb050940334d394bb217cdf81dcbdeea63e562db5b25048167c,2026-08-21,Synchro,SYNCHRO,SYNCHRO,AUXILIARY,PHT.02,ULTG ANGKE,GI 150kV ANGKE,PHT 150kV ANCOL#2,#2,,150 kV/100 V,SYNCHRO,,,,,,,ASSET|GI 150KV ANGKE|PHT 150KV ANCOL#2|#2|?|?|SYNCHRO,LOW,incomplete exact attributes; no fuzzy merge
Data Setting Penghantar UPT DKSBI.xlsx,SYNCHRO,13,f0ba5b0036e47fb050940334d394bb217cdf81dcbdeea63e562db5b25048167c,2026-08-21,Synchro,SYNCHRO,SYNCHRO,AUXILIARY,PHT.03,ULTG ANGKE,GI 150kV ANGKE,PHT 150kV KARET LAMA#1,#1,,150 kV/100 V,SYNCHRO,,,,,,,ASSET|GI 150KV ANGKE|PHT 150KV KARET LAMA#1|#1|?|?|SYNCHRO,LOW,incomplete exact attributes; no fuzzy merge
Data Setting Penghantar UPT DKSBI.xlsx,SYNCHRO,14,f0ba5b0036e47fb050940334d394bb217cdf81dcbdeea63e562db5b25048167c,2026-08-21,Synchro,SYNCHRO,SYNCHRO,AUXILIARY,PHT.04,ULTG ANGKE,GI 150kV ANGKE,PHT 150kV KARET LAMA#2,#2,,150 kV/100 V,SYNCHRO,,,,,,,ASSET|GI 150KV ANGKE|PHT 150KV KARET LAMA#2|#2|?|?|SYNCHRO,LOW,incomplete exact attributes; no fuzzy merge
Data Setting Penghantar UPT DKSBI.xlsx,SYNCHRO,15,f0ba5b0036e47fb050940334d394bb217cdf81dcbdeea63e562db5b25048167c,2026-08-21,Synchro,SYNCHRO,SYNCHRO,AUXILIARY,PHT.05,ULTG ANGKE,GI 150kV ANGKE,PHT 150kV KETAPANG#1,#1,,150 kV/100 V,SYNCHRO,,,,,,,ASSET|GI 150KV ANGKE|PHT 150KV KETAPANG#1|#1|?|?|SYNCHRO,LOW,incomplete exact attributes; no fuzzy merge
Data Setting Penghantar UPT DKSBI.xlsx,SYNCHRO,16,f0ba5b0036e47fb050940334d394bb217cdf81dcbdeea63e562db5b25048167c,2026-08-21,Synchro,SYNCHRO,SYNCHRO,AUXILIARY,PHT.06,ULTG ANGKE,GI 150kV ANGKE,PHT 150kV KETAPANG#2,#2,,150 kV/100 V,SYNCHRO,,,,,,,ASSET|GI 150KV ANGKE|PHT 150KV KETAPANG#2|#2|?|?|SYNCHRO,LOW,incomplete exact attributes; no fuzzy merge
Data Setting Penghantar UPT DKSBI.xlsx,SYNCHRO,17,f0ba5b0036e47fb050940334d394bb217cdf81dcbdeea63e562db5b25048167c,2026-08-21,Synchro,SYNCHRO,SYNCHRO,AUXILIARY,PHT.07,ULTG ANGKE,GI 150kV ANGKE,PHT 150kV MUARAKARANG LAMA#1,#1,,150 kV/100 V,SYNCHRO,,,,,,,ASSET|GI 150KV ANGKE|PHT 150KV MUARAKARANG LAMA#1|#1|?|?|SYNCHRO,LOW,incomplete exact attributes; no fuzzy merge
Data Setting Penghantar UPT DKSBI.xlsx,SYNCHRO,18,f0ba5b0036e47fb050940334d394bb217cdf81dcbdeea63e562db5b25048167c,2026-08-21,Synchro,SYNCHRO,SYNCHRO,AUXILIARY,PHT.08,ULTG ANGKE,GI 150kV ANGKE,PHT 150kV MUARAKARANG LAMA#2,#2,,150 kV/100 V,SYNCHRO,,,,,,,ASSET|GI 150KV ANGKE|PHT 150KV MUARAKARANG LAMA#2|#2|?|?|SYNCHRO,LOW,incomplete exact attributes; no fuzzy merge
Data Setting Penghantar UPT DKSBI.xlsx,SYNCHRO,19,f0ba5b0036e47fb050940334d394bb217cdf81dcbdeea63e562db5b25048167c,2026-08-21,Synchro,SYNCHRO,SYNCHRO,AUXILIARY,PHT.09,ULTG ANGKE,GI 150kV ANGKE,PHT 150kV UGC MUARAKARANG LAMA#1,#1,,150 kV/100 V,SYNCHRO,,,,,,,ASSET|GI 150KV ANGKE|PHT 150KV UGC MUARAKARANG LAMA#1|#1|?|?|SYNCHRO,LOW,incomplete exact attributes; no fuzzy merge
Data Setting Penghantar UPT DKSBI.xlsx,SYNCHRO,20,f0ba5b0036e47fb050940334d394bb217cdf81dcbdeea63e562db5b25048167c,2026-08-21,Synchro,SYNCHRO,SYNCHRO,AUXILIARY,PHT.10,ULTG ANGKE,GI 150kV ANGKE,PHT 150kV UGC MUARAKARANG LAMA#2,#2,,150 kV/100 V,SYNCHRO,,,,,,,ASSET|GI 150KV ANGKE|PHT 150KV UGC MUARAKARANG LAMA#2|#2|?|?|SYNCHRO,LOW,incomplete exact attributes; no fuzzy merge
Data Setting Penghantar UPT DKSBI.xlsx,SYNCHRO,21,f0ba5b0036e47fb050940334d394bb217cdf81dcbdeea63e562db5b25048167c,2026-08-21,Synchro,SYNCHRO,SYNCHRO,AUXILIARY,PHT.11,ULTG ANGKE,GI 150kV DADAP,PHT 150kV LONTAR#1,#1,,150 kV/100 V,SYNCHRO,,,,,,,ASSET|GI 150KV DADAP|PHT 150KV LONTAR#1|#1|?|?|SYNCHRO,LOW,incomplete exact attributes; no fuzzy merge
Data Setting Penghantar UPT DKSBI.xlsx,SYNCHRO,22,f0ba5b0036e47fb050940334d394bb217cdf81dcbdeea63e562db5b25048167c,2026-08-21,Synchro,SYNCHRO,SYNCHRO,AUXILIARY,PHT.12,ULTG ANGKE,GI 150kV DADAP,PHT 150kV LONTAR#2,#2,,150 kV/100 V,SYNCHRO,,,,,,,ASSET|GI 150KV DADAP|PHT 150KV LONTAR#2|#2|?|?|SYNCHRO,LOW,incomplete exact attributes; no fuzzy merge
Data Setting Penghantar UPT DKSBI.xlsx,SYNCHRO,23,f0ba5b0036e47fb050940334d394bb217cdf81dcbdeea63e562db5b25048167c,2026-08-21,Synchro,SYNCHRO,SYNCHRO,AUXILIARY,PHT.13,ULTG ANGKE,GI 150kV DADAP,PHT 150kV TELUK NAGA#1,#1,,150 kV/100 V,SYNCHRO,,,,,,,ASSET|GI 150KV DADAP|PHT 150KV TELUK NAGA#1|#1|?|?|SYNCHRO,LOW,incomplete exact attributes; no fuzzy merge
Data Setting Penghantar UPT DKSBI.xlsx,SYNCHRO,24,f0ba5b0036e47fb050940334d394bb217cdf81dcbdeea63e562db5b25048167c,2026-08-21,Synchro,SYNCHRO,SYNCHRO,AUXILIARY,PHT.14,ULTG ANGKE,GI 150kV DADAP,PHT 150kV TELUK NAGA#2,#2,,150 kV/100 V,SYNCHRO,,,,,,,ASSET|GI 150KV DADAP|PHT 150KV TELUK NAGA#2|#2|?|?|SYNCHRO,LOW,incomplete exact attributes; no fuzzy merge
Data Setting Penghantar UPT DKSBI.xlsx,SYNCHRO,25,f0ba5b0036e47fb050940334d394bb217cdf81dcbdeea63e562db5b25048167c,2026-08-21,Synchro,SYNCHRO,SYNCHRO,AUXILIARY,PHT.15,ULTG ANGKE,GI 150kV MUARAKARANG BARU,PHT 150kV GIS MUARAKARANG BARU#1,#1,,150 kV/100 V,SYNCHRO,,,,,,,ASSET|GI 150KV MUARAKARANG BARU|PHT 150KV GIS MUARAKARANG BARU#1|#1|?|?|SYNCHRO,LOW,incomplete exact attributes; no fuzzy merge
Data Setting Penghantar UPT DKSBI.xlsx,SYNCHRO,26,f0ba5b0036e47fb050940334d394bb217cdf81dcbdeea63e562db5b25048167c,2026-08-21,Synchro,SYNCHRO,SYNCHRO,AUXILIARY,PHT.16,ULTG ANGKE,GI 150kV MUARAKARANG BARU,PHT 150kV GIS MUARAKARANG BARU#2,#2,,150 kV/100 V,SYNCHRO,,,,,,,ASSET|GI 150KV MUARAKARANG BARU|PHT 150KV GIS MUARAKARANG BARU#2|#2|?|?|SYNCHRO,LOW,incomplete exact attributes; no fuzzy merge
Data Setting Penghantar UPT DKSBI.xlsx,SYNCHRO,27,f0ba5b0036e47fb050940334d394bb217cdf81dcbdeea63e562db5b25048167c,2026-08-21,Synchro,SYNCHRO,SYNCHRO,AUXILIARY,PHT.17,ULTG ANGKE,GI 150kV MUARAKARANG BARU,PHT 150kV MUARAKARANG LAMA#1,#1,,150 kV/100 V,SYNCHRO,,,,,,,ASSET|GI 150KV MUARAKARANG BARU|PHT 150KV MUARAKARANG LAMA#1|#1|?|?|SYNCHRO,LOW,incomplete exact attributes; no fuzzy merge
Data Setting Penghantar UPT DKSBI.xlsx,SYNCHRO,28,f0ba5b0036e47fb050940334d394bb217cdf81dcbdeea63e562db5b25048167c,2026-08-21,Synchro,SYNCHRO,SYNCHRO,AUXILIARY,PHT.18,ULTG ANGKE,GI 150kV MUARAKARANG BARU,PHT 150kV MUARAKARANG LAMA#2,#2,,150 kV/100 V,SYNCHRO,,,,,,,ASSET|GI 150KV MUARAKARANG BARU|PHT 150KV MUARAKARANG LAMA#2|#2|?|?|SYNCHRO,LOW,incomplete exact attributes; no fuzzy merge
Data Setting Penghantar UPT DKSBI.xlsx,SYNCHRO,29,f0ba5b0036e47fb050940334d394bb217cdf81dcbdeea63e562db5b25048167c,2026-08-21,Synchro,SYNCHRO,SYNCHRO,AUXILIARY,PHT.19,ULTG ANGKE,GI 150kV MUARAKARANG LAMA,PHT 150kV ANGKE#1,#1,,150 kV/100 V,SYNCHRO,,,,,,,ASSET|GI 150KV MUARAKARANG LAMA|PHT 150KV ANGKE#1|#1|?|?|SYNCHRO,LOW,incomplete exact attributes; no fuzzy merge
Data Setting Penghantar UPT DKSBI.xlsx,SYNCHRO,30,f0ba5b0036e47fb050940334d394bb217cdf81dcbdeea63e562db5b25048167c,2026-08-21,Synchro,SYNCHRO,SYNCHRO,AUXILIARY,PHT.20,ULTG ANGKE,GI 150kV MUARAKARANG LAMA,PHT 150kV ANGKE#2,#2,,150 kV/100 V,SYNCHRO,,,,,,,ASSET|GI 150KV MUARAKARANG LAMA|PHT 150KV ANGKE#2|#2|?|?|SYNCHRO,LOW,incomplete exact attributes; no fuzzy merge
Data Setting Penghantar UPT DKSBI.xlsx,SYNCHRO,31,f0ba5b0036e47fb050940334d394bb217cdf81dcbdeea63e562db5b25048167c,2026-08-21,Synchro,SYNCHRO,SYNCHRO,AUXILIARY,PHT.21,ULTG ANGKE,GI 150kV MUARAKARANG LAMA,PHT 150kV BUDIKEMULYAN#1,#1,,150 kV/100 V,SYNCHRO,,,,,,,ASSET|GI 150KV MUARAKARANG LAMA|PHT 150KV BUDIKEMULYAN#1|#1|?|?|SYNCHRO,LOW,incomplete exact attributes; no fuzzy merge
Data Setting Penghantar UPT DKSBI.xlsx,SYNCHRO,32,f0ba5b0036e47fb050940334d394bb217cdf81dcbdeea63e562db5b25048167c,2026-08-21,Synchro,SYNCHRO,SYNCHRO,AUXILIARY,PHT.22,ULTG ANGKE,GI 150kV MUARAKARANG LAMA,PHT 150kV BUDIKEMULYAN#2,#2,,150 kV/100 V,SYNCHRO,,,,,,,ASSET|GI 150KV MUARAKARANG LAMA|PHT 150KV BUDIKEMULYAN#2|#2|?|?|SYNCHRO,LOW,incomplete exact attributes; no fuzzy merge
Data Setting Penghantar UPT DKSBI.xlsx,SYNCHRO,33,f0ba5b0036e47fb050940334d394bb217cdf81dcbdeea63e562db5b25048167c,2026-08-21,Synchro,SYNCHRO,SYNCHRO,AUXILIARY,PHT.23,ULTG ANGKE,GI 150kV MUARAKARANG LAMA,PHT 150kV MUARAKARANG BARU#1,#1,,150 kV/100 V,SYNCHRO,,,,,,,ASSET|GI 150KV MUARAKARANG LAMA|PHT 150KV MUARAKARANG BARU#1|#1|?|?|SYNCHRO,LOW,incomplete exact attributes; no fuzzy merge
Data Setting Penghantar UPT DKSBI.xlsx,SYNCHRO,34,f0ba5b0036e47fb050940334d394bb217cdf81dcbdeea63e562db5b25048167c,2026-08-21,Synchro,SYNCHRO,SYNCHRO,AUXILIARY,PHT.24,ULTG ANGKE,GI 150kV MUARAKARANG LAMA,PHT 150kV MUARAKARANG BARU#2,#2,,150 kV/100 V,SYNCHRO,,,,,,,ASSET|GI 150KV MUARAKARANG LAMA|PHT 150KV MUARAKARANG BARU#2|#2|?|?|SYNCHRO,LOW,incomplete exact attributes; no fuzzy merge
Data Setting Penghantar UPT DKSBI.xlsx,SYNCHRO,35,f0ba5b0036e47fb050940334d394bb217cdf81dcbdeea63e562db5b25048167c,2026-08-21,Synchro,SYNCHRO,SYNCHRO,AUXILIARY,PHT.25,ULTG ANGKE,GI 150kV MUARAKARANG LAMA,PHT 150kV UGC ANGKE#1,#1,,150 kV/100 V,SYNCHRO,,,,,,,ASSET|GI 150KV MUARAKARANG LAMA|PHT 150KV UGC ANGKE#1|#1|?|?|SYNCHRO,LOW,incomplete exact attributes; no fuzzy merge
Data Setting Penghantar UPT DKSBI.xlsx,SYNCHRO,36,f0ba5b0036e47fb050940334d394bb217cdf81dcbdeea63e562db5b25048167c,2026-08-21,Synchro,SYNCHRO,SYNCHRO,AUXILIARY,PHT.26,ULTG ANGKE,GI 150kV MUARAKARANG LAMA,PHT 150kV UGC ANGKE#2,#2,,150 kV/100 V,SYNCHRO,,,,,,,ASSET|GI 150KV MUARAKARANG LAMA|PHT 150KV UGC ANGKE#2|#2|?|?|SYNCHRO,LOW,incomplete exact attributes; no fuzzy merge
Data Setting Penghantar UPT DKSBI.xlsx,SYNCHRO,37,f0ba5b0036e47fb050940334d394bb217cdf81dcbdeea63e562db5b25048167c,2026-08-21,Synchro,SYNCHRO,SYNCHRO,AUXILIARY,PHT.27,ULTG ANGKE,GIS 150kV DAAN MOGOT,PHT 150kV DURIKOSAMBI#1,#1,,150 kV/100 V,SYNCHRO,,,,,,,ASSET|GIS 150KV DAAN MOGOT|PHT 150KV DURIKOSAMBI#1|#1|?|?|SYNCHRO,LOW,incomplete exact attributes; no fuzzy merge
Data Setting Penghantar UPT DKSBI.xlsx,SYNCHRO,38,f0ba5b0036e47fb050940334d394bb217cdf81dcbdeea63e562db5b25048167c,2026-08-21,Synchro,SYNCHRO,SYNCHRO,AUXILIARY,PHT.28,ULTG ANGKE,GIS 150kV DAAN MOGOT,PHT 150kV DURIKOSAMBI#2,#2,,150 kV/100 V,SYNCHRO,,,,,,,ASSET|GIS 150KV DAAN MOGOT|PHT 150KV DURIKOSAMBI#2|#2|?|?|SYNCHRO,LOW,incomplete exact attributes; no fuzzy merge
Data Setting Penghantar UPT DKSBI.xlsx,SYNCHRO,39,f0ba5b0036e47fb050940334d394bb217cdf81dcbdeea63e562db5b25048167c,2026-08-21,Synchro,SYNCHRO,SYNCHRO,AUXILIARY,PHT.29,ULTG ANGKE,GIS 150kV DAAN MOGOT,PHT 150kV PANTAI INDAH KAPUK#1,#1,,150 kV/100 V,SYNCHRO,,,,,,,ASSET|GIS 150KV DAAN MOGOT|PHT 150KV PANTAI INDAH KAPUK#1|#1|?|?|SYNCHRO,LOW,incomplete exact attributes; no fuzzy merge
Data Setting Penghantar UPT DKSBI.xlsx,SYNCHRO,40,f0ba5b0036e47fb050940334d394bb217cdf81dcbdeea63e562db5b25048167c,2026-08-21,Synchro,SYNCHRO,SYNCHRO,AUXILIARY,PHT.30,ULTG ANGKE,GIS 150kV DAAN MOGOT,PHT 150kV PANTAI INDAH KAPUK#2,#2,,150 kV/100 V,SYNCHRO,,,,,,,ASSET|GIS 150KV DAAN MOGOT|PHT 150KV PANTAI INDAH KAPUK#2|#2|?|?|SYNCHRO,LOW,incomplete exact attributes; no fuzzy merge
Data Setting Penghantar UPT DKSBI.xlsx,SYNCHRO,41,f0ba5b0036e47fb050940334d394bb217cdf81dcbdeea63e562db5b25048167c,2026-08-21,Synchro,SYNCHRO,SYNCHRO,AUXILIARY,PHT.31,ULTG ANGKE,GIS 150kV GROGOL,PHT 150kV GROGOL BARU#1,#1,,150 kV/100 V,SYNCHRO,,,,,,,ASSET|GIS 150KV GROGOL|PHT 150KV GROGOL BARU#1|#1|?|?|SYNCHRO,LOW,incomplete exact attributes; no fuzzy merge
Data Setting Penghantar UPT DKSBI.xlsx,SYNCHRO,42,f0ba5b0036e47fb050940334d394bb217cdf81dcbdeea63e562db5b25048167c,2026-08-21,Synchro,SYNCHRO,SYNCHRO,AUXILIARY,PHT.32,ULTG ANGKE,GIS 150kV GROGOL,PHT 150kV GROGOL BARU#2,#2,,150 kV/100 V,SYNCHRO,,,,,,,ASSET|GIS 150KV GROGOL|PHT 150KV GROGOL BARU#2|#2|?|?|SYNCHRO,LOW,incomplete exact attributes; no fuzzy merge
Data Setting Penghantar UPT DKSBI.xlsx,SYNCHRO,43,f0ba5b0036e47fb050940334d394bb217cdf81dcbdeea63e562db5b25048167c,2026-08-21,Synchro,SYNCHRO,SYNCHRO,AUXILIARY,PHT.33,ULTG ANGKE,GIS 150kV GROGOL,PHT 150kV TOMANG#1,#1,,150 kV/100 V,SYNCHRO,,,,,,,ASSET|GIS 150KV GROGOL|PHT 150KV TOMANG#1|#1|?|?|SYNCHRO,LOW,incomplete exact attributes; no fuzzy merge
Data Setting Penghantar UPT DKSBI.xlsx,SYNCHRO,44,f0ba5b0036e47fb050940334d394bb217cdf81dcbdeea63e562db5b25048167c,2026-08-21,Synchro,SYNCHRO,SYNCHRO,AUXILIARY,PHT.34,ULTG ANGKE,GIS 150kV GROGOL,PHT 150kV TOMANG#2,#2,,150 kV/100 V,SYNCHRO,,,,,,,ASSET|GIS 150KV GROGOL|PHT 150KV TOMANG#2|#2|?|?|SYNCHRO,LOW,incomplete exact attributes; no fuzzy merge
Data Setting Penghantar UPT DKSBI.xlsx,SYNCHRO,45,f0ba5b0036e47fb050940334d394bb217cdf81dcbdeea63e562db5b25048167c,2026-08-21,Synchro,SYNCHRO,SYNCHRO,AUXILIARY,PHT.35,ULTG ANGKE,GIS 150kV GROGOL BARU,PHT 150kV DURIKOSAMBI#1,#1,,150 kV/100 V,SYNCHRO,,,,,,,ASSET|GIS 150KV GROGOL BARU|PHT 150KV DURIKOSAMBI#1|#1|?|?|SYNCHRO,LOW,incomplete exact attributes; no fuzzy merge
Data Setting Penghantar UPT DKSBI.xlsx,SYNCHRO,46,f0ba5b0036e47fb050940334d394bb217cdf81dcbdeea63e562db5b25048167c,2026-08-21,Synchro,SYNCHRO,SYNCHRO,AUXILIARY,PHT.36,ULTG ANGKE,GIS 150kV GROGOL BARU,PHT 150kV DURIKOSAMBI#2,#2,,150 kV/100 V,SYNCHRO,,,,,,,ASSET|GIS 150KV GROGOL BARU|PHT 150KV DURIKOSAMBI#2|#2|?|?|SYNCHRO,LOW,incomplete exact attributes; no fuzzy merge
Data Setting Penghantar UPT DKSBI.xlsx,SYNCHRO,47,f0ba5b0036e47fb050940334d394bb217cdf81dcbdeea63e562db5b25048167c,2026-08-21,Synchro,SYNCHRO,SYNCHRO,AUXILIARY,PHT.37,ULTG ANGKE,GIS 150kV GROGOL BARU,PHT 150kV GROGOL#1,#1,,150 kV/100 V,SYNCHRO,,,,,,,ASSET|GIS 150KV GROGOL BARU|PHT 150KV GROGOL#1|#1|?|?|SYNCHRO,LOW,incomplete exact attributes; no fuzzy merge
Data Setting Penghantar UPT DKSBI.xlsx,SYNCHRO,48,f0ba5b0036e47fb050940334d394bb217cdf81dcbdeea63e562db5b25048167c,2026-08-21,Synchro,SYNCHRO,SYNCHRO,AUXILIARY,PHT.38,ULTG ANGKE,GIS 150kV GROGOL BARU,PHT 150kV GROGOL#2,#2,,150 kV/100 V,SYNCHRO,,,,,,,ASSET|GIS 150KV GROGOL BARU|PHT 150KV GROGOL#2|#2|?|?|SYNCHRO,LOW,incomplete exact attributes; no fuzzy merge
Data Setting Penghantar UPT DKSBI.xlsx,SYNCHRO,49,f0ba5b0036e47fb050940334d394bb217cdf81dcbdeea63e562db5b25048167c,2026-08-21,Synchro,SYNCHRO,SYNCHRO,AUXILIARY,PHT.39,ULTG ANGKE,GIS 150kV KEBON JERUK,PHT 150kV DURIKOSAMBI#1,#1,,150 kV/100 V,SYNCHRO,,,,,,,ASSET|GIS 150KV KEBON JERUK|PHT 150KV DURIKOSAMBI#1|#1|?|?|SYNCHRO,LOW,incomplete exact attributes; no fuzzy merge
Data Setting Penghantar UPT DKSBI.xlsx,SYNCHRO,50,f0ba5b0036e47fb050940334d394bb217cdf81dcbdeea63e562db5b25048167c,2026-08-21,Synchro,SYNCHRO,SYNCHRO,AUXILIARY,PHT.40,ULTG ANGKE,GIS 150kV KEBON JERUK,PHT 150kV DURIKOSAMBI#2,#2,,150 kV/100 V,SYNCHRO,,,,,,,ASSET|GIS 150KV KEBON JERUK|PHT 150KV DURIKOSAMBI#2|#2|?|?|SYNCHRO,LOW,incomplete exact attributes; no fuzzy merge
Data Setting Penghantar UPT DKSBI.xlsx,SYNCHRO,51,f0ba5b0036e47fb050940334d394bb217cdf81dcbdeea63e562db5b25048167c,2026-08-21,Synchro,SYNCHRO,SYNCHRO,AUXILIARY,PHT.41,ULTG ANGKE,GIS 150kV KEBON JERUK,PHT 150kV KARET BARU#1,#1,,150 kV/100 V,SYNCHRO,,,,,,,ASSET|GIS 150KV KEBON JERUK|PHT 150KV KARET BARU#1|#1|?|?|SYNCHRO,LOW,incomplete exact attributes; no fuzzy merge
Data Setting Penghantar UPT DKSBI.xlsx,SYNCHRO,52,f0ba5b0036e47fb050940334d394bb217cdf81dcbdeea63e562db5b25048167c,2026-08-21,Synchro,SYNCHRO,SYNCHRO,AUXILIARY,PHT.42,ULTG ANGKE,GIS 150kV KEBON JERUK,PHT 150kV KARET BARU#2,#2,,150 kV/100 V,SYNCHRO,,,,,,,ASSET|GIS 150KV KEBON JERUK|PHT 150KV KARET BARU#2|#2|?|?|SYNCHRO,LOW,incomplete exact attributes; no fuzzy merge
Data Setting Penghantar UPT DKSBI.xlsx,SYNCHRO,53,f0ba5b0036e47fb050940334d394bb217cdf81dcbdeea63e562db5b25048167c,2026-08-21,Synchro,SYNCHRO,SYNCHRO,AUXILIARY,PHT.43,ULTG ANGKE,GIS 150kV MUARAKARANG BARU,PHT 150kV MUARAKARANG BARU#1,#1,,150 kV/100 V,SYNCHRO,,,,,,,ASSET|GIS 150KV MUARAKARANG BARU|PHT 150KV MUARAKARANG BARU#1|#1|?|?|SYNCHRO,LOW,incomplete exact attributes; no fuzzy merge
Data Setting Penghantar UPT DKSBI.xlsx,SYNCHRO,54,f0ba5b0036e47fb050940334d394bb217cdf81dcbdeea63e562db5b25048167c,2026-08-21,Synchro,SYNCHRO,SYNCHRO,AUXILIARY,PHT.44,ULTG ANGKE,GIS 150kV MUARAKARANG BARU,PHT 150kV MUARAKARANG BARU#2,#2,,150 kV/100 V,SYNCHRO,,,,,,,ASSET|GIS 150KV MUARAKARANG BARU|PHT 150KV MUARAKARANG BARU#2|#2|?|?|SYNCHRO,LOW,incomplete exact attributes; no fuzzy merge
Data Setting Penghantar UPT DKSBI.xlsx,SYNCHRO,55,f0ba5b0036e47fb050940334d394bb217cdf81dcbdeea63e562db5b25048167c,2026-08-21,Synchro,SYNCHRO,SYNCHRO,AUXILIARY,PHT.45,ULTG ANGKE,GIS 150kV MUARAKARANG BARU,PHT 150kV PANTAI INDAH KAPUK#1,#1,,150 kV/100 V,SYNCHRO,,,,,,,ASSET|GIS 150KV MUARAKARANG BARU|PHT 150KV PANTAI INDAH KAPUK#1|#1|?|?|SYNCHRO,LOW,incomplete exact attributes; no fuzzy merge
Data Setting Penghantar UPT DKSBI.xlsx,SYNCHRO,56,f0ba5b0036e47fb050940334d394bb217cdf81dcbdeea63e562db5b25048167c,2026-08-21,Synchro,SYNCHRO,SYNCHRO,AUXILIARY,PHT.46,ULTG ANGKE,GIS 150kV MUARAKARANG BARU,PHT 150kV PANTAI INDAH KAPUK#2,#2,,150 kV/100 V,SYNCHRO,,,,,,,ASSET|GIS 150KV MUARAKARANG BARU|PHT 150KV PANTAI INDAH KAPUK#2|#2|?|?|SYNCHRO,LOW,incomplete exact attributes; no fuzzy merge
Data Setting Penghantar UPT DKSBI.xlsx,SYNCHRO,57,f0ba5b0036e47fb050940334d394bb217cdf81dcbdeea63e562db5b25048167c,2026-08-21,Synchro,SYNCHRO,SYNCHRO,AUXILIARY,PHT.47,ULTG ANGKE,GIS 150kV NEW SENAYAN,PHT 150kV KEMBANGAN#1,#1,,150 kV/100 V,SYNCHRO,,,,,,,ASSET|GIS 150KV NEW SENAYAN|PHT 150KV KEMBANGAN#1|#1|?|?|SYNCHRO,LOW,incomplete exact attributes; no fuzzy merge
Data Setting Penghantar UPT DKSBI.xlsx,SYNCHRO,58,f0ba5b0036e47fb050940334d394bb217cdf81dcbdeea63e562db5b25048167c,2026-08-21,Synchro,SYNCHRO,SYNCHRO,AUXILIARY,PHT.48,ULTG ANGKE,GIS 150kV NEW SENAYAN,PHT 150kV KEMBANGAN#2,#2,,150 kV/100 V,SYNCHRO,,,,,,,ASSET|GIS 150KV NEW SENAYAN|PHT 150KV KEMBANGAN#2|#2|?|?|SYNCHRO,LOW,incomplete exact attributes; no fuzzy merge
Data Setting Penghantar UPT DKSBI.xlsx,SYNCHRO,59,f0ba5b0036e47fb050940334d394bb217cdf81dcbdeea63e562db5b25048167c,2026-08-21,Synchro,SYNCHRO,SYNCHRO,AUXILIARY,PHT.49,ULTG ANGKE,GIS 150kV NEW SENAYAN,PHT 150kV SENAYAN#1,#1,,150 kV/100 V,SYNCHRO,,,,,,,ASSET|GIS 150KV NEW SENAYAN|PHT 150KV SENAYAN#1|#1|?|?|SYNCHRO,LOW,incomplete exact attributes; no fuzzy merge
Data Setting Penghantar UPT DKSBI.xlsx,SYNCHRO,60,f0ba5b0036e47fb050940334d394bb217cdf81dcbdeea63e562db5b25048167c,2026-08-21,Synchro,SYNCHRO,SYNCHRO,AUXILIARY,PHT.50,ULTG ANGKE,GIS 150kV NEW SENAYAN,PHT 150kV SENAYAN#2,#2,,150 kV/100 V,SYNCHRO,,,,,,,ASSET|GIS 150KV NEW SENAYAN|PHT 150KV SENAYAN#2|#2|?|?|SYNCHRO,LOW,incomplete exact attributes; no fuzzy merge
Data Setting Penghantar UPT DKSBI.xlsx,SYNCHRO,61,f0ba5b0036e47fb050940334d394bb217cdf81dcbdeea63e562db5b25048167c,2026-08-21,Synchro,SYNCHRO,SYNCHRO,AUXILIARY,PHT.51,ULTG ANGKE,GIS 150kV NEW SENAYAN,PHT 150kV ULUJAMI#1,#1,,150 kV/100 V,SYNCHRO,,,,,,,ASSET|GIS 150KV NEW SENAYAN|PHT 150KV ULUJAMI#1|#1|?|?|SYNCHRO,LOW,incomplete exact attributes; no fuzzy merge
Data Setting Penghantar UPT DKSBI.xlsx,SYNCHRO,62,f0ba5b0036e47fb050940334d394bb217cdf81dcbdeea63e562db5b25048167c,2026-08-21,Synchro,SYNCHRO,SYNCHRO,AUXILIARY,PHT.52,ULTG ANGKE,GIS 150kV NEW SENAYAN,PHT 150kV ULUJAMI#2,#2,,150 kV/100 V,SYNCHRO,,,,,,,ASSET|GIS 150KV NEW SENAYAN|PHT 150KV ULUJAMI#2|#2|?|?|SYNCHRO,LOW,incomplete exact attributes; no fuzzy merge
Data Setting Penghantar UPT DKSBI.xlsx,SYNCHRO,63,f0ba5b0036e47fb050940334d394bb217cdf81dcbdeea63e562db5b25048167c,2026-08-21,Synchro,SYNCHRO,SYNCHRO,AUXILIARY,PHT.53,ULTG ANGKE,GIS 150kV PANTAI INDAH KAPUK,PHT 150kV DAAN MOGOT#1,#1,,150 kV/100 V,SYNCHRO,,,,,,,ASSET|GIS 150KV PANTAI INDAH KAPUK|PHT 150KV DAAN MOGOT#1|#1|?|?|SYNCHRO,LOW,incomplete exact attributes; no fuzzy merge
Data Setting Penghantar UPT DKSBI.xlsx,SYNCHRO,64,f0ba5b0036e47fb050940334d394bb217cdf81dcbdeea63e562db5b25048167c,2026-08-21,Synchro,SYNCHRO,SYNCHRO,AUXILIARY,PHT.54,ULTG ANGKE,GIS 150kV PANTAI INDAH KAPUK,PHT 150kV DAAN MOGOT#2,#2,,150 kV/100 V,SYNCHRO,,,,,,,ASSET|GIS 150KV PANTAI INDAH KAPUK|PHT 150KV DAAN MOGOT#2|#2|?|?|SYNCHRO,LOW,incomplete exact attributes; no fuzzy merge
Data Setting Penghantar UPT DKSBI.xlsx,SYNCHRO,65,f0ba5b0036e47fb050940334d394bb217cdf81dcbdeea63e562db5b25048167c,2026-08-21,Synchro,SYNCHRO,SYNCHRO,AUXILIARY,PHT.55,ULTG ANGKE,GIS 150kV PANTAI INDAH KAPUK,PHT 150kV GIS MUARAKARANG BARU#1,#1,,150 kV/100 V,SYNCHRO,,,,,,,ASSET|GIS 150KV PANTAI INDAH KAPUK|PHT 150KV GIS MUARAKARANG BARU#1|#1|?|?|SYNCHRO,LOW,incomplete exact attributes; no fuzzy merge
Data Setting Penghantar UPT DKSBI.xlsx,SYNCHRO,66,f0ba5b0036e47fb050940334d394bb217cdf81dcbdeea63e562db5b25048167c,2026-08-21,Synchro,SYNCHRO,SYNCHRO,AUXILIARY,PHT.56,ULTG ANGKE,GIS 150kV PANTAI INDAH KAPUK,PHT 150kV GIS MUARAKARANG BARU#2,#2,,150 kV/100 V,SYNCHRO,,,,,,,ASSET|GIS 150KV PANTAI INDAH KAPUK|PHT 150KV GIS MUARAKARANG BARU#2|#2|?|?|SYNCHRO,LOW,incomplete exact attributes; no fuzzy merge
Data Setting Penghantar UPT DKSBI.xlsx,SYNCHRO,67,f0ba5b0036e47fb050940334d394bb217cdf81dcbdeea63e562db5b25048167c,2026-08-21,Synchro,SYNCHRO,SYNCHRO,AUXILIARY,PHT.57,ULTG ANGKE,GIS 150kV TOMANG,PHT 150kV GROGOL#1,#1,,150 kV/100 V,SYNCHRO,,,,,,,ASSET|GIS 150KV TOMANG|PHT 150KV GROGOL#1|#1|?|?|SYNCHRO,LOW,incomplete exact attributes; no fuzzy merge
Data Setting Penghantar UPT DKSBI.xlsx,SYNCHRO,68,f0ba5b0036e47fb050940334d394bb217cdf81dcbdeea63e562db5b25048167c,2026-08-21,Synchro,SYNCHRO,SYNCHRO,AUXILIARY,PHT.58,ULTG ANGKE,GIS 150kV TOMANG,PHT 150kV GROGOL#2,#2,,150 kV/100 V,SYNCHRO,,,,,,,ASSET|GIS 150KV TOMANG|PHT 150KV GROGOL#2|#2|?|?|SYNCHRO,LOW,incomplete exact attributes; no fuzzy merge
Data Setting Penghantar UPT DKSBI.xlsx,SYNCHRO,69,f0ba5b0036e47fb050940334d394bb217cdf81dcbdeea63e562db5b25048167c,2026-08-21,Synchro,SYNCHRO,SYNCHRO,AUXILIARY,PHT.59,ULTG ANGKE,GIS 150kV ULUJAMI,PHT 150kV NEW SENAYAN#1,#1,,150 kV/100 V,SYNCHRO,,,,,,,ASSET|GIS 150KV ULUJAMI|PHT 150KV NEW SENAYAN#1|#1|?|?|SYNCHRO,LOW,incomplete exact attributes; no fuzzy merge
Data Setting Penghantar UPT DKSBI.xlsx,SYNCHRO,70,f0ba5b0036e47fb050940334d394bb217cdf81dcbdeea63e562db5b25048167c,2026-08-21,Synchro,SYNCHRO,SYNCHRO,AUXILIARY,PHT.60,ULTG ANGKE,GIS 150kV ULUJAMI,PHT 150kV NEW SENAYAN#2,#2,,150 kV/100 V,SYNCHRO,,,,,,,ASSET|GIS 150KV ULUJAMI|PHT 150KV NEW SENAYAN#2|#2|?|?|SYNCHRO,LOW,incomplete exact attributes; no fuzzy merge
Data Setting Penghantar UPT DKSBI.xlsx,SYNCHRO,71,f0ba5b0036e47fb050940334d394bb217cdf81dcbdeea63e562db5b25048167c,2026-08-21,Synchro,SYNCHRO,SYNCHRO,AUXILIARY,PHT.61,ULTG ANGKE,GISTET 500kV MUARAKARANG BARU,PHT 500kV DURIKOSAMBI#1,#1,,500 kV/100 V,SYNCHRO,,,,,,,ASSET|GISTET 500KV MUARAKARANG BARU|PHT 500KV DURIKOSAMBI#1|#1|?|?|SYNCHRO,LOW,incomplete exact attributes; no fuzzy merge
Data Setting Penghantar UPT DKSBI.xlsx,SYNCHRO,72,f0ba5b0036e47fb050940334d394bb217cdf81dcbdeea63e562db5b25048167c,2026-08-21,Synchro,SYNCHRO,SYNCHRO,AUXILIARY,PHT.62,ULTG ANGKE,GISTET 500kV MUARAKARANG BARU,PHT 500kV DURIKOSAMBI#2,#2,,500 kV/100 V,SYNCHRO,,,,,,,ASSET|GISTET 500KV MUARAKARANG BARU|PHT 500KV DURIKOSAMBI#2|#2|?|?|SYNCHRO,LOW,incomplete exact attributes; no fuzzy merge
Data Setting Penghantar UPT DKSBI.xlsx,SYNCHRO,73,f0ba5b0036e47fb050940334d394bb217cdf81dcbdeea63e562db5b25048167c,2026-08-21,Synchro,SYNCHRO,SYNCHRO,AUXILIARY,PHT.63,ULTG ANGKE,GISTET 500kV MUARAKARANG BARU,PHT 500kV DURIKOSAMBI#1,#1,,500 kV/100 V,SYNCHRO,,,,,,,ASSET|GISTET 500KV MUARAKARANG BARU|PHT 500KV DURIKOSAMBI#1|#1|?|?|SYNCHRO,LOW,incomplete exact attributes; no fuzzy merge
Data Setting Penghantar UPT DKSBI.xlsx,SYNCHRO,74,f0ba5b0036e47fb050940334d394bb217cdf81dcbdeea63e562db5b25048167c,2026-08-21,Synchro,SYNCHRO,SYNCHRO,AUXILIARY,PHT.64,ULTG ANGKE,GISTET 500kV MUARAKARANG BARU,PHT 500kV DURIKOSAMBI#2,#2,,500 kV/100 V,SYNCHRO,,,,,,,ASSET|GISTET 500KV MUARAKARANG BARU|PHT 500KV DURIKOSAMBI#2|#2|?|?|SYNCHRO,LOW,incomplete exact attributes; no fuzzy merge
Data Setting Penghantar UPT DKSBI.xlsx,SYNCHRO,75,f0ba5b0036e47fb050940334d394bb217cdf81dcbdeea63e562db5b25048167c,2026-08-21,Synchro,SYNCHRO,SYNCHRO,AUXILIARY,PHT.65,ULTG ANGKE,GISTET 500kV MUARAKARANG BARU,PHT 500kV TANJUNG PRIOK#1,#1,,500 kV/100 V,SYNCHRO,,,,,,,ASSET|GISTET 500KV MUARAKARANG BARU|PHT 500KV TANJUNG PRIOK#1|#1|?|?|SYNCHRO,LOW,incomplete exact attributes; no fuzzy merge
Data Setting Penghantar UPT DKSBI.xlsx,SYNCHRO,76,f0ba5b0036e47fb050940334d394bb217cdf81dcbdeea63e562db5b25048167c,2026-08-21,Synchro,SYNCHRO,SYNCHRO,AUXILIARY,PHT.66,ULTG ANGKE,GISTET 500kV MUARAKARANG BARU,PHT 500kV TANJUNG PRIOK#2,#2,,500 kV/100 V,SYNCHRO,,,,,,,ASSET|GISTET 500KV MUARAKARANG BARU|PHT 500KV TANJUNG PRIOK#2|#2|?|?|SYNCHRO,LOW,incomplete exact attributes; no fuzzy merge
Data Setting Penghantar UPT DKSBI.xlsx,SYNCHRO,77,f0ba5b0036e47fb050940334d394bb217cdf81dcbdeea63e562db5b25048167c,2026-08-21,Synchro,SYNCHRO,SYNCHRO,AUXILIARY,PHT.67,ULTG ANGKE,GISTET 500kV MUARAKARANG BARU,PHT 500kV TANJUNG PRIOK#1,#1,,500 kV/100 V,SYNCHRO,,,,,,,ASSET|GISTET 500KV MUARAKARANG BARU|PHT 500KV TANJUNG PRIOK#1|#1|?|?|SYNCHRO,LOW,incomplete exact attributes; no fuzzy merge
Data Setting Penghantar UPT DKSBI.xlsx,SYNCHRO,78,f0ba5b0036e47fb050940334d394bb217cdf81dcbdeea63e562db5b25048167c,2026-08-21,Synchro,SYNCHRO,SYNCHRO,AUXILIARY,PHT.68,ULTG ANGKE,GISTET 500kV MUARAKARANG BARU,PHT 500kV TANJUNG PRIOK#2,#2,,500 kV/100 V,SYNCHRO,,,,,,,ASSET|GISTET 500KV MUARAKARANG BARU|PHT 500KV TANJUNG PRIOK#2|#2|?|?|SYNCHRO,LOW,incomplete exact attributes; no fuzzy merge
Data Setting Penghantar UPT DKSBI.xlsx,SYNCHRO,79,f0ba5b0036e47fb050940334d394bb217cdf81dcbdeea63e562db5b25048167c,2026-08-21,Synchro,SYNCHRO,SYNCHRO,AUXILIARY,PHT.69,ULTG CITRA RAYA,GI 150kV CURUG,PHT 150kV CIKUPA#1,#1,,150 kV/100 V,SYNCHRO,,,,,,,ASSET|GI 150KV CURUG|PHT 150KV CIKUPA#1|#1|?|?|SYNCHRO,LOW,incomplete exact attributes; no fuzzy merge
Data Setting Penghantar UPT DKSBI.xlsx,SYNCHRO,80,f0ba5b0036e47fb050940334d394bb217cdf81dcbdeea63e562db5b25048167c,2026-08-21,Synchro,SYNCHRO,SYNCHRO,AUXILIARY,PHT.70,ULTG CITRA RAYA,GI 150kV CURUG,PHT 150kV CIKUPA#2,#2,,150 kV/100 V,SYNCHRO,,,,,,,ASSET|GI 150KV CURUG|PHT 150KV CIKUPA#2|#2|?|?|SYNCHRO,LOW,incomplete exact attributes; no fuzzy merge
Data Setting Penghantar UPT DKSBI.xlsx,SYNCHRO,81,f0ba5b0036e47fb050940334d394bb217cdf81dcbdeea63e562db5b25048167c,2026-08-21,Synchro,SYNCHRO,SYNCHRO,AUXILIARY,PHT.71,ULTG CITRA RAYA,GI 150kV CURUG,PHT 150kV SUMMARECON GADING SERPONG#1,#1,,150 kV/100 V,SYNCHRO,,,,,,,ASSET|GI 150KV CURUG|PHT 150KV SUMMARECON GADING SERPONG#1|#1|?|?|SYNCHRO,LOW,incomplete exact attributes; no fuzzy merge
Data Setting Penghantar UPT DKSBI.xlsx,SYNCHRO,82,f0ba5b0036e47fb050940334d394bb217cdf81dcbdeea63e562db5b25048167c,2026-08-21,Synchro,SYNCHRO,SYNCHRO,AUXILIARY,PHT.72,ULTG CITRA RAYA,GI 150kV CURUG,PHT 150kV SUMMARECON GADING SERPONG#2,#2,,150 kV/100 V,SYNCHRO,,,,,,,ASSET|GI 150KV CURUG|PHT 150KV SUMMARECON GADING SERPONG#2|#2|?|?|SYNCHRO,LOW,incomplete exact attributes; no fuzzy merge
Data Setting Penghantar UPT DKSBI.xlsx,SYNCHRO,83,f0ba5b0036e47fb050940334d394bb217cdf81dcbdeea63e562db5b25048167c,2026-08-21,Synchro,SYNCHRO,SYNCHRO,AUXILIARY,PHT.73,ULTG CITRA RAYA,GI 150kV GAJAH TUNGGAL,PHT 150kV PASAR KEMIS,#1,,150 kV/100 V,SYNCHRO,,,,,,,ASSET|GI 150KV GAJAH TUNGGAL|PHT 150KV PASAR KEMIS|#1|?|?|SYNCHRO,LOW,incomplete exact attributes; no fuzzy merge
Data Setting Penghantar UPT DKSBI.xlsx,SYNCHRO,84,f0ba5b0036e47fb050940334d394bb217cdf81dcbdeea63e562db5b25048167c,2026-08-21,Synchro,SYNCHRO,SYNCHRO,AUXILIARY,PHT.74,ULTG CITRA RAYA,GI 150kV GAJAH TUNGGAL,PHT 150kV PASAR KEMIS BARU,#1,,150 kV/100 V,SYNCHRO,,,,,,,ASSET|GI 150KV GAJAH TUNGGAL|PHT 150KV PASAR KEMIS BARU|#1|?|?|SYNCHRO,LOW,incomplete exact attributes; no fuzzy merge
Data Setting Penghantar UPT DKSBI.xlsx,SYNCHRO,85,f0ba5b0036e47fb050940334d394bb217cdf81dcbdeea63e562db5b25048167c,2026-08-21,Synchro,SYNCHRO,SYNCHRO,AUXILIARY,PHT.75,ULTG CITRA RAYA,GI 150kV ITS,PHT 150kV TANGERANG BARU,#1,,150 kV/100 V,SYNCHRO,,,,,,,ASSET|GI 150KV ITS|PHT 150KV TANGERANG BARU|#1|?|?|SYNCHRO,LOW,incomplete exact attributes; no fuzzy merge
Data Setting Penghantar UPT DKSBI.xlsx,SYNCHRO,86,f0ba5b0036e47fb050940334d394bb217cdf81dcbdeea63e562db5b25048167c,2026-08-21,Synchro,SYNCHRO,SYNCHRO,AUXILIARY,PHT.76,ULTG CITRA RAYA,GI 150kV ITS,PHT 150kV CENGKARENG BARU,#1,,150 kV/100 V,SYNCHRO,,,,,,,ASSET|GI 150KV ITS|PHT 150KV CENGKARENG BARU|#1|?|?|SYNCHRO,LOW,incomplete exact attributes; no fuzzy merge
Data Setting Penghantar UPT DKSBI.xlsx,SYNCHRO,87,f0ba5b0036e47fb050940334d394bb217cdf81dcbdeea63e562db5b25048167c,2026-08-21,Synchro,SYNCHRO,SYNCHRO,AUXILIARY,PHT.77,ULTG CITRA RAYA,GI 150kV ITS,PHT 150kV KONSUMEN,#1,,150 kV/100 V,SYNCHRO,,,,,,,ASSET|GI 150KV ITS|PHT 150KV KONSUMEN|#1|?|?|SYNCHRO,LOW,incomplete exact attributes; no fuzzy merge
Data Setting Penghantar UPT DKSBI.xlsx,SYNCHRO,88,f0ba5b0036e47fb050940334d394bb217cdf81dcbdeea63e562db5b25048167c,2026-08-21,Synchro,SYNCHRO,SYNCHRO,AUXILIARY,PHT.78,ULTG CITRA RAYA,GI 150kV JATAKE,PHT 150kV CIKUPA#1,#1,,150 kV/100 V,SYNCHRO,,,,,,,ASSET|GI 150KV JATAKE|PHT 150KV CIKUPA#1|#1|?|?|SYNCHRO,LOW,incomplete exact attributes; no fuzzy merge
Data Setting Penghantar UPT DKSBI.xlsx,SYNCHRO,89,f0ba5b0036e47fb050940334d394bb217cdf81dcbdeea63e562db5b25048167c,2026-08-21,Synchro,SYNCHRO,SYNCHRO,AUXILIARY,PHT.79,ULTG CITRA RAYA,GI 150kV JATAKE,PHT 150kV CIKUPA#2,#2,,150 kV/100 V,SYNCHRO,,,,,,,ASSET|GI 150KV JATAKE|PHT 150KV CIKUPA#2|#2|?|?|SYNCHRO,LOW,incomplete exact attributes; no fuzzy merge
Data Setting Penghantar UPT DKSBI.xlsx,SYNCHRO,90,f0ba5b0036e47fb050940334d394bb217cdf81dcbdeea63e562db5b25048167c,2026-08-21,Synchro,SYNCHRO,SYNCHRO,AUXILIARY,PHT.80,ULTG CITRA RAYA,GI 150kV JATAKE,PHT 150kV JATAKE BARU#1,#1,,150 kV/100 V,SYNCHRO,,,,,,,ASSET|GI 150KV JATAKE|PHT 150KV JATAKE BARU#1|#1|?|?|SYNCHRO,LOW,incomplete exact attributes; no fuzzy merge
Data Setting Penghantar UPT DKSBI.xlsx,SYNCHRO,91,f0ba5b0036e47fb050940334d394bb217cdf81dcbdeea63e562db5b25048167c,2026-08-21,Synchro,SYNCHRO,SYNCHRO,AUXILIARY,PHT.81,ULTG CITRA RAYA,GI 150kV JATAKE,PHT 150kV JATAKE BARU#2,#2,,150 kV/100 V,SYNCHRO,,,,,,,ASSET|GI 150KV JATAKE|PHT 150KV JATAKE BARU#2|#2|?|?|SYNCHRO,LOW,incomplete exact attributes; no fuzzy merge
Data Setting Penghantar UPT DKSBI.xlsx,SYNCHRO,92,f0ba5b0036e47fb050940334d394bb217cdf81dcbdeea63e562db5b25048167c,2026-08-21,Synchro,SYNCHRO,SYNCHRO,AUXILIARY,PHT.82,ULTG CITRA RAYA,GI 150kV JATAKE,PHT 150kV MAXIMANGANDO#1,#1,,150 kV/100 V,SYNCHRO,,,,,,,ASSET|GI 150KV JATAKE|PHT 150KV MAXIMANGANDO#1|#1|?|?|SYNCHRO,LOW,incomplete exact attributes; no fuzzy merge
Data Setting Penghantar UPT DKSBI.xlsx,SYNCHRO,93,f0ba5b0036e47fb050940334d394bb217cdf81dcbdeea63e562db5b25048167c,2026-08-21,Synchro,SYNCHRO,SYNCHRO,AUXILIARY,PHT.83,ULTG CITRA RAYA,GI 150kV JATAKE,PHT 150kV MAXIMANGANDO#2,#2,,150 kV/100 V,SYNCHRO,,,,,,,ASSET|GI 150KV JATAKE|PHT 150KV MAXIMANGANDO#2|#2|?|?|SYNCHRO,LOW,incomplete exact attributes; no fuzzy merge
Data Setting Penghantar UPT DKSBI.xlsx,SYNCHRO,94,f0ba5b0036e47fb050940334d394bb217cdf81dcbdeea63e562db5b25048167c,2026-08-21,Synchro,SYNCHRO,SYNCHRO,AUXILIARY,PHT.84,ULTG CITRA RAYA,GI 150kV JATAKE,PHT 150kV MAXIMANGANDO#1,#1,,150 kV/100 V,SYNCHRO,,,,,,,ASSET|GI 150KV JATAKE|PHT 150KV MAXIMANGANDO#1|#1|?|?|SYNCHRO,LOW,incomplete exact attributes; no fuzzy merge
Data Setting Penghantar UPT DKSBI.xlsx,SYNCHRO,95,f0ba5b0036e47fb050940334d394bb217cdf81dcbdeea63e562db5b25048167c,2026-08-21,Synchro,SYNCHRO,SYNCHRO,AUXILIARY,PHT.85,ULTG CITRA RAYA,GI 150kV JATAKE,PHT 150kV MAXIMANGANDO#2,#2,,150 kV/100 V,SYNCHRO,,,,,,,ASSET|GI 150KV JATAKE|PHT 150KV MAXIMANGANDO#2|#2|?|?|SYNCHRO,LOW,incomplete exact attributes; no fuzzy merge
Data Setting Penghantar UPT DKSBI.xlsx,SYNCHRO,96,f0ba5b0036e47fb050940334d394bb217cdf81dcbdeea63e562db5b25048167c,2026-08-21,Synchro,SYNCHRO,SYNCHRO,AUXILIARY,PHT.86,ULTG CITRA RAYA,GI 150kV MAXIMANGANDO,PHT 150kV JATAKE#1,#1,,150 kV/100 V,SYNCHRO,,,,,,,ASSET|GI 150KV MAXIMANGANDO|PHT 150KV JATAKE#1|#1|?|?|SYNCHRO,LOW,incomplete exact attributes; no fuzzy merge
Data Setting Penghantar UPT DKSBI.xlsx,SYNCHRO,97,f0ba5b0036e47fb050940334d394bb217cdf81dcbdeea63e562db5b25048167c,2026-08-21,Synchro,SYNCHRO,SYNCHRO,AUXILIARY,PHT.87,ULTG CITRA RAYA,GI 150kV MAXIMANGANDO,PHT 150kV JATAKE#2,#2,,150 kV/100 V,SYNCHRO,,,,,,,ASSET|GI 150KV MAXIMANGANDO|PHT 150KV JATAKE#2|#2|?|?|SYNCHRO,LOW,incomplete exact attributes; no fuzzy merge
Data Setting Penghantar UPT DKSBI.xlsx,SYNCHRO,98,f0ba5b0036e47fb050940334d394bb217cdf81dcbdeea63e562db5b25048167c,2026-08-21,Synchro,SYNCHRO,SYNCHRO,AUXILIARY,PHT.88,ULTG CITRA RAYA,GI 150kV MAXIMANGANDO,PHT 150kV JATAKE#1,#1,,150 kV/100 V,SYNCHRO,,,,,,,ASSET|GI 150KV MAXIMANGANDO|PHT 150KV JATAKE#1|#1|?|?|SYNCHRO,LOW,incomplete exact attributes; no fuzzy merge
Data Setting Penghantar UPT DKSBI.xlsx,SYNCHRO,99,f0ba5b0036e47fb050940334d394bb217cdf81dcbdeea63e562db5b25048167c,2026-08-21,Synchro,SYNCHRO,SYNCHRO,AUXILIARY,PHT.89,ULTG CITRA RAYA,GI 150kV MAXIMANGANDO,PHT 150kV JATAKE#2,#2,,150 kV/100 V,SYNCHRO,,,,,,,ASSET|GI 150KV MAXIMANGANDO|PHT 150KV JATAKE#2|#2|?|?|SYNCHRO,LOW,incomplete exact attributes; no fuzzy merge
Data Setting Penghantar UPT DKSBI.xlsx,SYNCHRO,100,f0ba5b0036e47fb050940334d394bb217cdf81dcbdeea63e562db5b25048167c,2026-08-21,Synchro,SYNCHRO,SYNCHRO,AUXILIARY,PHT.90,ULTG CITRA RAYA,GI 150kV SINDANG JAYA,PHT 150kV BALARAJA#1,#1,,150 kV/100 V,SYNCHRO,,,,,,,ASSET|GI 150KV SINDANG JAYA|PHT 150KV BALARAJA#1|#1|?|?|SYNCHRO,LOW,incomplete exact attributes; no fuzzy merge
Data Setting Penghantar UPT DKSBI.xlsx,SYNCHRO,101,f0ba5b0036e47fb050940334d394bb217cdf81dcbdeea63e562db5b25048167c,2026-08-21,Synchro,SYNCHRO,SYNCHRO,AUXILIARY,PHT.91,ULTG CITRA RAYA,GI 150kV SINDANG JAYA,PHT 150kV BALARAJA#2,#2,,150 kV/100 V,SYNCHRO,,,,,,,ASSET|GI 150KV SINDANG JAYA|PHT 150KV BALARAJA#2|#2|?|?|SYNCHRO,LOW,incomplete exact attributes; no fuzzy merge
Data Setting Penghantar UPT DKSBI.xlsx,SYNCHRO,102,f0ba5b0036e47fb050940334d394bb217cdf81dcbdeea63e562db5b25048167c,2026-08-21,Synchro,SYNCHRO,SYNCHRO,AUXILIARY,PHT.92,ULTG CITRA RAYA,GI 150kV SINDANG JAYA,PHT 150kV LONTAR#1,#1,,150 kV/100 V,SYNCHRO,,,,,,,ASSET|GI 150KV SINDANG JAYA|PHT 150KV LONTAR#1|#1|?|?|SYNCHRO,LOW,incomplete exact attributes; no fuzzy merge
Data Setting Penghantar UPT DKSBI.xlsx,SYNCHRO,103,f0ba5b0036e47fb050940334d394bb217cdf81dcbdeea63e562db5b25048167c,2026-08-21,Synchro,SYNCHRO,SYNCHRO,AUXILIARY,PHT.93,ULTG CITRA RAYA,GI 150kV SINDANG JAYA,PHT 150kV LONTAR#2,#2,,150 kV/100 V,SYNCHRO,,,,,,,ASSET|GI 150KV SINDANG JAYA|PHT 150KV LONTAR#2|#2|?|?|SYNCHRO,LOW,incomplete exact attributes; no fuzzy merge
Data Setting Penghantar UPT DKSBI.xlsx,SYNCHRO,104,f0ba5b0036e47fb050940334d394bb217cdf81dcbdeea63e562db5b25048167c,2026-08-21,Synchro,SYNCHRO,SYNCHRO,AUXILIARY,PHT.94,ULTG CITRA RAYA,GI 150kV SINDANG JAYA,PHT 150kV SUVARNA SUTERA#1,#1,,150 kV/100 V,SYNCHRO,,,,,,,ASSET|GI 150KV SINDANG JAYA|PHT 150KV SUVARNA SUTERA#1|#1|?|?|SYNCHRO,LOW,incomplete exact attributes; no fuzzy merge
Data Setting Penghantar UPT DKSBI.xlsx,SYNCHRO,105,f0ba5b0036e47fb050940334d394bb217cdf81dcbdeea63e562db5b25048167c,2026-08-21,Synchro,SYNCHRO,SYNCHRO,AUXILIARY,PHT.95,ULTG CITRA RAYA,GI 150kV SINDANG JAYA,PHT 150kV SUVARNA SUTERA#2,#2,,150 kV/100 V,SYNCHRO,,,,,,,ASSET|GI 150KV SINDANG JAYA|PHT 150KV SUVARNA SUTERA#2|#2|?|?|SYNCHRO,LOW,incomplete exact attributes; no fuzzy merge
Data Setting Penghantar UPT DKSBI.xlsx,SYNCHRO,106,f0ba5b0036e47fb050940334d394bb217cdf81dcbdeea63e562db5b25048167c,2026-08-21,Synchro,SYNCHRO,SYNCHRO,AUXILIARY,PHT.96,ULTG CITRA RAYA,GI 150kV TANGERANG BARU,PHT 150kV LONTAR#1,#1,,150 kV/100 V,SYNCHRO,,,,,,,ASSET|GI 150KV TANGERANG BARU|PHT 150KV LONTAR#1|#1|?|?|SYNCHRO,LOW,incomplete exact attributes; no fuzzy merge
Data Setting Penghantar UPT DKSBI.xlsx,SYNCHRO,107,f0ba5b0036e47fb050940334d394bb217cdf81dcbdeea63e562db5b25048167c,2026-08-21,Synchro,SYNCHRO,SYNCHRO,AUXILIARY,PHT.97,ULTG CITRA RAYA,GI 150kV TANGERANG BARU,PHT 150kV LONTAR#2,#2,,150 kV/100 V,SYNCHRO,,,,,,,ASSET|GI 150KV TANGERANG BARU|PHT 150KV LONTAR#2|#2|?|?|SYNCHRO,LOW,incomplete exact attributes; no fuzzy merge
Data Setting Penghantar UPT DKSBI.xlsx,SYNCHRO,108,f0ba5b0036e47fb050940334d394bb217cdf81dcbdeea63e562db5b25048167c,2026-08-21,Synchro,SYNCHRO,SYNCHRO,AUXILIARY,PHT.98,ULTG CITRA RAYA,GI 150kV TANGERANG BARU,PHT 150kV ITS,#1,,150 kV/100 V,SYNCHRO,,,,,,,ASSET|GI 150KV TANGERANG BARU|PHT 150KV ITS|#1|?|?|SYNCHRO,LOW,incomplete exact attributes; no fuzzy merge
Data Setting Penghantar UPT DKSBI.xlsx,SYNCHRO,109,f0ba5b0036e47fb050940334d394bb217cdf81dcbdeea63e562db5b25048167c,2026-08-21,Synchro,SYNCHRO,SYNCHRO,AUXILIARY,PHT.99,ULTG CITRA RAYA,GI 150kV TANGERANG BARU,PHT 150kV CENGKARENG BARU,#1,,150 kV/100 V,SYNCHRO,,,,,,,ASSET|GI 150KV TANGERANG BARU|PHT 150KV CENGKARENG BARU|#1|?|?|SYNCHRO,LOW,incomplete exact attributes; no fuzzy merge
Data Setting Penghantar UPT DKSBI.xlsx,SYNCHRO,110,f0ba5b0036e47fb050940334d394bb217cdf81dcbdeea63e562db5b25048167c,2026-08-21,Synchro,SYNCHRO,SYNCHRO,AUXILIARY,PHT.100,ULTG CITRA RAYA,GI 150kV TELUK NAGA,PHT 150kV DADAP#1,#1,,150 kV/100 V,SYNCHRO,,,,,,,ASSET|GI 150KV TELUK NAGA|PHT 150KV DADAP#1|#1|?|?|SYNCHRO,LOW,incomplete exact attributes; no fuzzy merge
Data Setting Penghantar UPT DKSBI.xlsx,SYNCHRO,111,f0ba5b0036e47fb050940334d394bb217cdf81dcbdeea63e562db5b25048167c,2026-08-21,Synchro,SYNCHRO,SYNCHRO,AUXILIARY,PHT.101,ULTG CITRA RAYA,GI 150kV TELUK NAGA,PHT 150kV DADAP#2,#2,,150 kV/100 V,SYNCHRO,,,,,,,ASSET|GI 150KV TELUK NAGA|PHT 150KV DADAP#2|#2|?|?|SYNCHRO,LOW,incomplete exact attributes; no fuzzy merge
Data Setting Penghantar UPT DKSBI.xlsx,SYNCHRO,112,f0ba5b0036e47fb050940334d394bb217cdf81dcbdeea63e562db5b25048167c,2026-08-21,Synchro,SYNCHRO,SYNCHRO,AUXILIARY,PHT.102,ULTG CITRA RAYA,GI 150kV TELUK NAGA,PHT 150kV SEPATAN#1,#1,,150 kV/100 V,SYNCHRO,,,,,,,ASSET|GI 150KV TELUK NAGA|PHT 150KV SEPATAN#1|#1|?|?|SYNCHRO,LOW,incomplete exact attributes; no fuzzy merge
Data Setting Penghantar UPT DKSBI.xlsx,SYNCHRO,113,f0ba5b0036e47fb050940334d394bb217cdf81dcbdeea63e562db5b25048167c,2026-08-21,Synchro,SYNCHRO,SYNCHRO,AUXILIARY,PHT.103,ULTG CITRA RAYA,GI 150kV TELUK NAGA,PHT 150kV SEPATAN#2,#2,,150 kV/100 V,SYNCHRO,,,,,,,ASSET|GI 150KV TELUK NAGA|PHT 150KV SEPATAN#2|#2|?|?|SYNCHRO,LOW,incomplete exact attributes; no fuzzy merge
Data Setting Penghantar UPT DKSBI.xlsx,SYNCHRO,114,f0ba5b0036e47fb050940334d394bb217cdf81dcbdeea63e562db5b25048167c,2026-08-21,Synchro,SYNCHRO,SYNCHRO,AUXILIARY,PHT.104,ULTG CITRA RAYA,GIS 150kV JATAKE BARU,PHT 150kV JATAKE#1,#1,,150 kV/100 V,SYNCHRO,,,,,,,ASSET|GIS 150KV JATAKE BARU|PHT 150KV JATAKE#1|#1|?|?|SYNCHRO,LOW,incomplete exact attributes; no fuzzy merge
Data Setting Penghantar UPT DKSBI.xlsx,SYNCHRO,115,f0ba5b0036e47fb050940334d394bb217cdf81dcbdeea63e562db5b25048167c,2026-08-21,Synchro,SYNCHRO,SYNCHRO,AUXILIARY,PHT.105,ULTG CITRA RAYA,GIS 150kV JATAKE BARU,PHT 150kV JATAKE#2,#2,,150 kV/100 V,SYNCHRO,,,,,,,ASSET|GIS 150KV JATAKE BARU|PHT 150KV JATAKE#2|#2|?|?|SYNCHRO,LOW,incomplete exact attributes; no fuzzy merge
Data Setting Penghantar UPT DKSBI.xlsx,SYNCHRO,116,f0ba5b0036e47fb050940334d394bb217cdf81dcbdeea63e562db5b25048167c,2026-08-21,Synchro,SYNCHRO,SYNCHRO,AUXILIARY,PHT.106,ULTG CITRA RAYA,GIS 150kV JATAKE BARU,PHT 150kV TANGERANG#1,#1,,150 kV/100 V,SYNCHRO,,,,,,,ASSET|GIS 150KV JATAKE BARU|PHT 150KV TANGERANG#1|#1|?|?|SYNCHRO,LOW,incomplete exact attributes; no fuzzy merge
Data Setting Penghantar UPT DKSBI.xlsx,SYNCHRO,117,f0ba5b0036e47fb050940334d394bb217cdf81dcbdeea63e562db5b25048167c,2026-08-21,Synchro,SYNCHRO,SYNCHRO,AUXILIARY,PHT.107,ULTG CITRA RAYA,GIS 150kV JATAKE BARU,PHT 150kV TANGERANG#2,#2,,150 kV/100 V,SYNCHRO,,,,,,,ASSET|GIS 150KV JATAKE BARU|PHT 150KV TANGERANG#2|#2|?|?|SYNCHRO,LOW,incomplete exact attributes; no fuzzy merge
Data Setting Penghantar UPT DKSBI.xlsx,SYNCHRO,118,f0ba5b0036e47fb050940334d394bb217cdf81dcbdeea63e562db5b25048167c,2026-08-21,Synchro,SYNCHRO,SYNCHRO,AUXILIARY,PHT.108,ULTG CITRA RAYA,GIS 150kV LONTAR,PHT 150kV SINDANG JAYA#1,#1,,150 kV/100 V,SYNCHRO,,,,,,,ASSET|GIS 150KV LONTAR|PHT 150KV SINDANG JAYA#1|#1|?|?|SYNCHRO,LOW,incomplete exact attributes; no fuzzy merge
Data Setting Penghantar UPT DKSBI.xlsx,SYNCHRO,119,f0ba5b0036e47fb050940334d394bb217cdf81dcbdeea63e562db5b25048167c,2026-08-21,Synchro,SYNCHRO,SYNCHRO,AUXILIARY,PHT.109,ULTG CITRA RAYA,GIS 150kV LONTAR,PHT 150kV SINDANG JAYA#2,#2,,150 kV/100 V,SYNCHRO,,,,,,,ASSET|GIS 150KV LONTAR|PHT 150KV SINDANG JAYA#2|#2|?|?|SYNCHRO,LOW,incomplete exact attributes; no fuzzy merge
Data Setting Penghantar UPT DKSBI.xlsx,SYNCHRO,120,f0ba5b0036e47fb050940334d394bb217cdf81dcbdeea63e562db5b25048167c,2026-08-21,Synchro,SYNCHRO,SYNCHRO,AUXILIARY,PHT.110,ULTG CITRA RAYA,GIS 150kV LONTAR,PHT 150kV DADAP#1,#1,,150 kV/100 V,SYNCHRO,,,,,,,ASSET|GIS 150KV LONTAR|PHT 150KV DADAP#1|#1|?|?|SYNCHRO,LOW,incomplete exact attributes; no fuzzy merge
Data Setting Penghantar UPT DKSBI.xlsx,SYNCHRO,121,f0ba5b0036e47fb050940334d394bb217cdf81dcbdeea63e562db5b25048167c,2026-08-21,Synchro,SYNCHRO,SYNCHRO,AUXILIARY,PHT.111,ULTG CITRA RAYA,GIS 150kV LONTAR,PHT 150kV DADAP#2,#2,,150 kV/100 V,SYNCHRO,,,,,,,ASSET|GIS 150KV LONTAR|PHT 150KV DADAP#2|#2|?|?|SYNCHRO,LOW,incomplete exact attributes; no fuzzy merge
Data Setting Penghantar UPT DKSBI.xlsx,SYNCHRO,122,f0ba5b0036e47fb050940334d394bb217cdf81dcbdeea63e562db5b25048167c,2026-08-21,Synchro,SYNCHRO,SYNCHRO,AUXILIARY,PHT.112,ULTG CITRA RAYA,GIS 150kV LONTAR,PHT 150kV TANGERANG BARU#1,#1,,150 kV/100 V,SYNCHRO,,,,,,,ASSET|GIS 150KV LONTAR|PHT 150KV TANGERANG BARU#1|#1|?|?|SYNCHRO,LOW,incomplete exact attributes; no fuzzy merge
Data Setting Penghantar UPT DKSBI.xlsx,SYNCHRO,123,f0ba5b0036e47fb050940334d394bb217cdf81dcbdeea63e562db5b25048167c,2026-08-21,Synchro,SYNCHRO,SYNCHRO,AUXILIARY,PHT.113,ULTG CITRA RAYA,GIS 150kV LONTAR,PHT 150kV TANGERANG BARU#2,#2,,150 kV/100 V,SYNCHRO,,,,,,,ASSET|GIS 150KV LONTAR|PHT 150KV TANGERANG BARU#2|#2|?|?|SYNCHRO,LOW,incomplete exact attributes; no fuzzy merge
Data Setting Penghantar UPT DKSBI.xlsx,SYNCHRO,124,f0ba5b0036e47fb050940334d394bb217cdf81dcbdeea63e562db5b25048167c,2026-08-21,Synchro,SYNCHRO,SYNCHRO,AUXILIARY,PHT.114,ULTG DURIKOSAMBI,GI 150kV CENGKARENG,PHT 150kV DURIKOSAMBI#1,#1,,150 kV/100 V,SYNCHRO,,,,,,,ASSET|GI 150KV CENGKARENG|PHT 150KV DURIKOSAMBI#1|#1|?|?|SYNCHRO,LOW,incomplete exact attributes; no fuzzy merge
Data Setting Penghantar UPT DKSBI.xlsx,SYNCHRO,125,f0ba5b0036e47fb050940334d394bb217cdf81dcbdeea63e562db5b25048167c,2026-08-21,Synchro,SYNCHRO,SYNCHRO,AUXILIARY,PHT.115,ULTG DURIKOSAMBI,GI 150kV CENGKARENG,PHT 150kV DURIKOSAMBI#2,#2,,150 kV/100 V,SYNCHRO,,,,,,,ASSET|GI 150KV CENGKARENG|PHT 150KV DURIKOSAMBI#2|#2|?|?|SYNCHRO,LOW,incomplete exact attributes; no fuzzy merge
Data Setting Penghantar UPT DKSBI.xlsx,SYNCHRO,126,f0ba5b0036e47fb050940334d394bb217cdf81dcbdeea63e562db5b25048167c,2026-08-21,Synchro,SYNCHRO,SYNCHRO,AUXILIARY,PHT.116,ULTG DURIKOSAMBI,GI 150kV CENGKARENG,PHT 150kV CENGKARENG BARU#1,#1,,150 kV/100 V,SYNCHRO,,,,,,,ASSET|GI 150KV CENGKARENG|PHT 150KV CENGKARENG BARU#1|#1|?|?|SYNCHRO,LOW,incomplete exact attributes; no fuzzy merge
Data Setting Penghantar UPT DKSBI.xlsx,SYNCHRO,127,f0ba5b0036e47fb050940334d394bb217cdf81dcbdeea63e562db5b25048167c,2026-08-21,Synchro,SYNCHRO,SYNCHRO,AUXILIARY,PHT.117,ULTG DURIKOSAMBI,GI 150kV CENGKARENG,PHT 150kV CENGKARENG BARU#2,#2,,150 kV/100 V,SYNCHRO,,,,,,,ASSET|GI 150KV CENGKARENG|PHT 150KV CENGKARENG BARU#2|#2|?|?|SYNCHRO,LOW,incomplete exact attributes; no fuzzy merge
Data Setting Penghantar UPT DKSBI.xlsx,SYNCHRO,128,f0ba5b0036e47fb050940334d394bb217cdf81dcbdeea63e562db5b25048167c,2026-08-21,Synchro,SYNCHRO,SYNCHRO,AUXILIARY,PHT.118,ULTG DURIKOSAMBI,GI 150kV CENGKARENG,PHT 150kV TANGERANG#1,#1,,150 kV/100 V,SYNCHRO,,,,,,,ASSET|GI 150KV CENGKARENG|PHT 150KV TANGERANG#1|#1|?|?|SYNCHRO,LOW,incomplete exact attributes; no fuzzy merge
Data Setting Penghantar UPT DKSBI.xlsx,SYNCHRO,129,f0ba5b0036e47fb050940334d394bb217cdf81dcbdeea63e562db5b25048167c,2026-08-21,Synchro,SYNCHRO,SYNCHRO,AUXILIARY,PHT.119,ULTG DURIKOSAMBI,GI 150kV CENGKARENG,PHT 150kV TANGERANG#2,#2,,150 kV/100 V,SYNCHRO,,,,,,,ASSET|GI 150KV CENGKARENG|PHT 150KV TANGERANG#2|#2|?|?|SYNCHRO,LOW,incomplete exact attributes; no fuzzy merge
Data Setting Penghantar UPT DKSBI.xlsx,SYNCHRO,130,f0ba5b0036e47fb050940334d394bb217cdf81dcbdeea63e562db5b25048167c,2026-08-21,Synchro,SYNCHRO,SYNCHRO,AUXILIARY,PHT.120,ULTG DURIKOSAMBI,GI 150kV CENGKARENG BARU,PHT 150kV BANDARA SOEKARNO HATTA#1,#1,,150 kV/100 V,SYNCHRO,,,,,,,ASSET|GI 150KV CENGKARENG BARU|PHT 150KV BANDARA SOEKARNO HATTA#1|#1|?|?|SYNCHRO,LOW,incomplete exact attributes; no fuzzy merge
Data Setting Penghantar UPT DKSBI.xlsx,SYNCHRO,131,f0ba5b0036e47fb050940334d394bb217cdf81dcbdeea63e562db5b25048167c,2026-08-21,Synchro,SYNCHRO,SYNCHRO,AUXILIARY,PHT.121,ULTG DURIKOSAMBI,GI 150kV CENGKARENG BARU,PHT 150kV BANDARA SOEKARNO HATTA#2,#2,,150 kV/100 V,SYNCHRO,,,,,,,ASSET|GI 150KV CENGKARENG BARU|PHT 150KV BANDARA SOEKARNO HATTA#2|#2|?|?|SYNCHRO,LOW,incomplete exact attributes; no fuzzy merge
Data Setting Penghantar UPT DKSBI.xlsx,SYNCHRO,132,f0ba5b0036e47fb050940334d394bb217cdf81dcbdeea63e562db5b25048167c,2026-08-21,Synchro,SYNCHRO,SYNCHRO,AUXILIARY,PHT.122,ULTG DURIKOSAMBI,GI 150kV CENGKARENG BARU,PHT 150kV CENGKARENG#1,#1,,150 kV/100 V,SYNCHRO,,,,,,,ASSET|GI 150KV CENGKARENG BARU|PHT 150KV CENGKARENG#1|#1|?|?|SYNCHRO,LOW,incomplete exact attributes; no fuzzy merge
Data Setting Penghantar UPT DKSBI.xlsx,SYNCHRO,133,f0ba5b0036e47fb050940334d394bb217cdf81dcbdeea63e562db5b25048167c,2026-08-21,Synchro,SYNCHRO,SYNCHRO,AUXILIARY,PHT.123,ULTG DURIKOSAMBI,GI 150kV CENGKARENG BARU,PHT 150kV CENGKARENG#2,#2,,150 kV/100 V,SYNCHRO,,,,,,,ASSET|GI 150KV CENGKARENG BARU|PHT 150KV CENGKARENG#2|#2|?|?|SYNCHRO,LOW,incomplete exact attributes; no fuzzy merge
Data Setting Penghantar UPT DKSBI.xlsx,SYNCHRO,134,f0ba5b0036e47fb050940334d394bb217cdf81dcbdeea63e562db5b25048167c,2026-08-21,Synchro,SYNCHRO,SYNCHRO,AUXILIARY,PHT.124,ULTG DURIKOSAMBI,GI 150kV CENGKARENG BARU,PHT 150kV ITS,#1,,150 kV/100 V,SYNCHRO,,,,,,,ASSET|GI 150KV CENGKARENG BARU|PHT 150KV ITS|#1|?|?|SYNCHRO,LOW,incomplete exact attributes; no fuzzy merge
Data Setting Penghantar UPT DKSBI.xlsx,SYNCHRO,135,f0ba5b0036e47fb050940334d394bb217cdf81dcbdeea63e562db5b25048167c,2026-08-21,Synchro,SYNCHRO,SYNCHRO,AUXILIARY,PHT.125,ULTG DURIKOSAMBI,GI 150kV CENGKARENG BARU,PHT 150kV TANGERANG BARU,#1,,150 kV/100 V,SYNCHRO,,,,,,,ASSET|GI 150KV CENGKARENG BARU|PHT 150KV TANGERANG BARU|#1|?|?|SYNCHRO,LOW,incomplete exact attributes; no fuzzy merge
Data Setting Penghantar UPT DKSBI.xlsx,SYNCHRO,136,f0ba5b0036e47fb050940334d394bb217cdf81dcbdeea63e562db5b25048167c,2026-08-21,Synchro,SYNCHRO,SYNCHRO,AUXILIARY,PHT.126,ULTG DURIKOSAMBI,GI 150kV CILEDUG,PHT 150kV ALAM SUTERA#1,#1,,150 kV/100 V,SYNCHRO,,,,,,,ASSET|GI 150KV CILEDUG|PHT 150KV ALAM SUTERA#1|#1|?|?|SYNCHRO,LOW,incomplete exact attributes; no fuzzy merge
Data Setting Penghantar UPT DKSBI.xlsx,SYNCHRO,137,f0ba5b0036e47fb050940334d394bb217cdf81dcbdeea63e562db5b25048167c,2026-08-21,Synchro,SYNCHRO,SYNCHRO,AUXILIARY,PHT.127,ULTG DURIKOSAMBI,GI 150kV CILEDUG,PHT 150kV ALAM SUTERA#2,#2,,150 kV/100 V,SYNCHRO,,,,,,,ASSET|GI 150KV CILEDUG|PHT 150KV ALAM SUTERA#2|#2|?|?|SYNCHRO,LOW,incomplete exact attributes; no fuzzy merge
Data Setting Penghantar UPT DKSBI.xlsx,SYNCHRO,138,f0ba5b0036e47fb050940334d394bb217cdf81dcbdeea63e562db5b25048167c,2026-08-21,Synchro,SYNCHRO,SYNCHRO,AUXILIARY,PHT.128,ULTG DURIKOSAMBI,GI 150kV CILEDUG,PHT 150kV METLAND#1,#1,,150 kV/100 V,SYNCHRO,,,,,,,ASSET|GI 150KV CILEDUG|PHT 150KV METLAND#1|#1|?|?|SYNCHRO,LOW,incomplete exact attributes; no fuzzy merge
Data Setting Penghantar UPT DKSBI.xlsx,SYNCHRO,139,f0ba5b0036e47fb050940334d394bb217cdf81dcbdeea63e562db5b25048167c,2026-08-21,Synchro,SYNCHRO,SYNCHRO,AUXILIARY,PHT.129,ULTG DURIKOSAMBI,GI 150kV CILEDUG,PHT 150kV METLAND#2,#2,,150 kV/100 V,SYNCHRO,,,,,,,ASSET|GI 150KV CILEDUG|PHT 150KV METLAND#2|#2|?|?|SYNCHRO,LOW,incomplete exact attributes; no fuzzy merge
Data Setting Penghantar UPT DKSBI.xlsx,SYNCHRO,140,f0ba5b0036e47fb050940334d394bb217cdf81dcbdeea63e562db5b25048167c,2026-08-21,Synchro,SYNCHRO,SYNCHRO,AUXILIARY,PHT.130,ULTG DURIKOSAMBI,GI 150kV DURIKOSAMBI,PHT 150kV CENGKARENG#1,#1,,150 kV/100 V,SYNCHRO,,,,,,,ASSET|GI 150KV DURIKOSAMBI|PHT 150KV CENGKARENG#1|#1|?|?|SYNCHRO,LOW,incomplete exact attributes; no fuzzy merge
Data Setting Penghantar UPT DKSBI.xlsx,SYNCHRO,141,f0ba5b0036e47fb050940334d394bb217cdf81dcbdeea63e562db5b25048167c,2026-08-21,Synchro,SYNCHRO,SYNCHRO,AUXILIARY,PHT.131,ULTG DURIKOSAMBI,GI 150kV DURIKOSAMBI,PHT 150kV CENGKARENG#2,#2,,150 kV/100 V,SYNCHRO,,,,,,,ASSET|GI 150KV DURIKOSAMBI|PHT 150KV CENGKARENG#2|#2|?|?|SYNCHRO,LOW,incomplete exact attributes; no fuzzy merge
Data Setting Penghantar UPT DKSBI.xlsx,SYNCHRO,142,f0ba5b0036e47fb050940334d394bb217cdf81dcbdeea63e562db5b25048167c,2026-08-21,Synchro,SYNCHRO,SYNCHRO,AUXILIARY,PHT.132,ULTG DURIKOSAMBI,GI 150kV DURIKOSAMBI,PHT 150kV LMK,#1,,150 kV/100 V,SYNCHRO,,,,,,,ASSET|GI 150KV DURIKOSAMBI|PHT 150KV LMK|#1|?|?|SYNCHRO,LOW,incomplete exact attributes; no fuzzy merge
Data Setting Penghantar UPT DKSBI.xlsx,SYNCHRO,143,f0ba5b0036e47fb050940334d394bb217cdf81dcbdeea63e562db5b25048167c,2026-08-21,Synchro,SYNCHRO,SYNCHRO,AUXILIARY,PHT.133,ULTG DURIKOSAMBI,GI 150kV DURIKOSAMBI,PHT 150kV GROGOL BARU#1,#1,,150 kV/100 V,SYNCHRO,,,,,,,ASSET|GI 150KV DURIKOSAMBI|PHT 150KV GROGOL BARU#1|#1|?|?|SYNCHRO,LOW,incomplete exact attributes; no fuzzy merge
Data Setting Penghantar UPT DKSBI.xlsx,SYNCHRO,144,f0ba5b0036e47fb050940334d394bb217cdf81dcbdeea63e562db5b25048167c,2026-08-21,Synchro,SYNCHRO,SYNCHRO,AUXILIARY,PHT.134,ULTG DURIKOSAMBI,GI 150kV DURIKOSAMBI,PHT 150kV GROGOL BARU#2,#2,,150 kV/100 V,SYNCHRO,,,,,,,ASSET|GI 150KV DURIKOSAMBI|PHT 150KV GROGOL BARU#2|#2|?|?|SYNCHRO,LOW,incomplete exact attributes; no fuzzy merge
Data Setting Penghantar UPT DKSBI.xlsx,SYNCHRO,145,f0ba5b0036e47fb050940334d394bb217cdf81dcbdeea63e562db5b25048167c,2026-08-21,Synchro,SYNCHRO,SYNCHRO,AUXILIARY,PHT.135,ULTG DURIKOSAMBI,GI 150kV DURIKOSAMBI,PHT 150kV KEBON JERUK#1,#1,,150 kV/100 V,SYNCHRO,,,,,,,ASSET|GI 150KV DURIKOSAMBI|PHT 150KV KEBON JERUK#1|#1|?|?|SYNCHRO,LOW,incomplete exact attributes; no fuzzy merge
Data Setting Penghantar UPT DKSBI.xlsx,SYNCHRO,146,f0ba5b0036e47fb050940334d394bb217cdf81dcbdeea63e562db5b25048167c,2026-08-21,Synchro,SYNCHRO,SYNCHRO,AUXILIARY,PHT.136,ULTG DURIKOSAMBI,GI 150kV DURIKOSAMBI,PHT 150kV KEBON JERUK#2,#2,,150 kV/100 V,SYNCHRO,,,,,,,ASSET|GI 150KV DURIKOSAMBI|PHT 150KV KEBON JERUK#2|#2|?|?|SYNCHRO,LOW,incomplete exact attributes; no fuzzy merge
Data Setting Penghantar UPT DKSBI.xlsx,SYNCHRO,147,f0ba5b0036e47fb050940334d394bb217cdf81dcbdeea63e562db5b25048167c,2026-08-21,Synchro,SYNCHRO,SYNCHRO,AUXILIARY,PHT.137,ULTG DURIKOSAMBI,GI 150kV DURIKOSAMBI,PHT 150kV KEMBANGAN#1,#1,,150 kV/100 V,SYNCHRO,,,,,,,ASSET|GI 150KV DURIKOSAMBI|PHT 150KV KEMBANGAN#1|#1|?|?|SYNCHRO,LOW,incomplete exact attributes; no fuzzy merge
Data Setting Penghantar UPT DKSBI.xlsx,SYNCHRO,148,f0ba5b0036e47fb050940334d394bb217cdf81dcbdeea63e562db5b25048167c,2026-08-21,Synchro,SYNCHRO,SYNCHRO,AUXILIARY,PHT.138,ULTG DURIKOSAMBI,GI 150kV DURIKOSAMBI,PHT 150kV KEMBANGAN#2,#2,,150 kV/100 V,SYNCHRO,,,,,,,ASSET|GI 150KV DURIKOSAMBI|PHT 150KV KEMBANGAN#2|#2|?|?|SYNCHRO,LOW,incomplete exact attributes; no fuzzy merge
Data Setting Penghantar UPT DKSBI.xlsx,SYNCHRO,149,f0ba5b0036e47fb050940334d394bb217cdf81dcbdeea63e562db5b25048167c,2026-08-21,Synchro,SYNCHRO,SYNCHRO,AUXILIARY,PHT.139,ULTG DURIKOSAMBI,GI 150kV DURIKOSAMBI,PHT 150kV DAAN MOGOT#1,#1,,150 kV/100 V,SYNCHRO,,,,,,,ASSET|GI 150KV DURIKOSAMBI|PHT 150KV DAAN MOGOT#1|#1|?|?|SYNCHRO,LOW,incomplete exact attributes; no fuzzy merge
Data Setting Penghantar UPT DKSBI.xlsx,SYNCHRO,150,f0ba5b0036e47fb050940334d394bb217cdf81dcbdeea63e562db5b25048167c,2026-08-21,Synchro,SYNCHRO,SYNCHRO,AUXILIARY,PHT.140,ULTG DURIKOSAMBI,GI 150kV DURIKOSAMBI,PHT 150kV DAAN MOGOT#2,#2,,150 kV/100 V,SYNCHRO,,,,,,,ASSET|GI 150KV DURIKOSAMBI|PHT 150KV DAAN MOGOT#2|#2|?|?|SYNCHRO,LOW,incomplete exact attributes; no fuzzy merge
Data Setting Penghantar UPT DKSBI.xlsx,SYNCHRO,151,f0ba5b0036e47fb050940334d394bb217cdf81dcbdeea63e562db5b25048167c,2026-08-21,Synchro,SYNCHRO,SYNCHRO,AUXILIARY,PHT.141,ULTG DURIKOSAMBI,GI 150kV TANGERANG,PHT 150kV CENGKARENG#1,#1,,150 kV/100 V,SYNCHRO,,,,,,,ASSET|GI 150KV TANGERANG|PHT 150KV CENGKARENG#1|#1|?|?|SYNCHRO,LOW,incomplete exact attributes; no fuzzy merge
Data Setting Penghantar UPT DKSBI.xlsx,SYNCHRO,152,f0ba5b0036e47fb050940334d394bb217cdf81dcbdeea63e562db5b25048167c,2026-08-21,Synchro,SYNCHRO,SYNCHRO,AUXILIARY,PHT.142,ULTG DURIKOSAMBI,GI 150kV TANGERANG,PHT 150kV CENGKARENG#2,#2,,150 kV/100 V,SYNCHRO,,,,,,,ASSET|GI 150KV TANGERANG|PHT 150KV CENGKARENG#2|#2|?|?|SYNCHRO,LOW,incomplete exact attributes; no fuzzy merge
Data Setting Penghantar UPT DKSBI.xlsx,SYNCHRO,153,f0ba5b0036e47fb050940334d394bb217cdf81dcbdeea63e562db5b25048167c,2026-08-21,Synchro,SYNCHRO,SYNCHRO,AUXILIARY,PHT.143,ULTG DURIKOSAMBI,GI 150kV TANGERANG,PHT 150kV JATAKE BARU#1,#1,,150 kV/100 V,SYNCHRO,,,,,,,ASSET|GI 150KV TANGERANG|PHT 150KV JATAKE BARU#1|#1|?|?|SYNCHRO,LOW,incomplete exact attributes; no fuzzy merge
Data Setting Penghantar UPT DKSBI.xlsx,SYNCHRO,154,f0ba5b0036e47fb050940334d394bb217cdf81dcbdeea63e562db5b25048167c,2026-08-21,Synchro,SYNCHRO,SYNCHRO,AUXILIARY,PHT.144,ULTG DURIKOSAMBI,GI 150kV TANGERANG,PHT 150kV JATAKE BARU#2,#2,,150 kV/100 V,SYNCHRO,,,,,,,ASSET|GI 150KV TANGERANG|PHT 150KV JATAKE BARU#2|#2|?|?|SYNCHRO,LOW,incomplete exact attributes; no fuzzy merge
Data Setting Penghantar UPT DKSBI.xlsx,SYNCHRO,155,f0ba5b0036e47fb050940334d394bb217cdf81dcbdeea63e562db5b25048167c,2026-08-21,Synchro,SYNCHRO,SYNCHRO,AUXILIARY,PHT.145,ULTG DURIKOSAMBI,GIS 150kV ALAM SUTERA,PHT 150kV CILEDUG#1,#1,,150 kV/100 V,SYNCHRO,,,,,,,ASSET|GIS 150KV ALAM SUTERA|PHT 150KV CILEDUG#1|#1|?|?|SYNCHRO,LOW,incomplete exact attributes; no fuzzy merge
Data Setting Penghantar UPT DKSBI.xlsx,SYNCHRO,156,f0ba5b0036e47fb050940334d394bb217cdf81dcbdeea63e562db5b25048167c,2026-08-21,Synchro,SYNCHRO,SYNCHRO,AUXILIARY,PHT.146,ULTG DURIKOSAMBI,GIS 150kV ALAM SUTERA,PHT 150kV CILEDUG#2,#2,,150 kV/100 V,SYNCHRO,,,,,,,ASSET|GIS 150KV ALAM SUTERA|PHT 150KV CILEDUG#2|#2|?|?|SYNCHRO,LOW,incomplete exact attributes; no fuzzy merge
Data Setting Penghantar UPT DKSBI.xlsx,SYNCHRO,157,f0ba5b0036e47fb050940334d394bb217cdf81dcbdeea63e562db5b25048167c,2026-08-21,Synchro,SYNCHRO,SYNCHRO,AUXILIARY,PHT.147,ULTG DURIKOSAMBI,GIS 150kV ALAM SUTERA,PHT 150kV SUMMARECON GADING SERPONG#1,#1,,150 kV/100 V,SYNCHRO,,,,,,,ASSET|GIS 150KV ALAM SUTERA|PHT 150KV SUMMARECON GADING SERPONG#1|#1|?|?|SYNCHRO,LOW,incomplete exact attributes; no fuzzy merge
Data Setting Penghantar UPT DKSBI.xlsx,SYNCHRO,158,f0ba5b0036e47fb050940334d394bb217cdf81dcbdeea63e562db5b25048167c,2026-08-21,Synchro,SYNCHRO,SYNCHRO,AUXILIARY,PHT.148,ULTG DURIKOSAMBI,GIS 150kV ALAM SUTERA,PHT 150kV SUMMARECON GADING SERPONG#2,#2,,150 kV/100 V,SYNCHRO,,,,,,,ASSET|GIS 150KV ALAM SUTERA|PHT 150KV SUMMARECON GADING SERPONG#2|#2|?|?|SYNCHRO,LOW,incomplete exact attributes; no fuzzy merge
Data Setting Penghantar UPT DKSBI.xlsx,SYNCHRO,159,f0ba5b0036e47fb050940334d394bb217cdf81dcbdeea63e562db5b25048167c,2026-08-21,Synchro,SYNCHRO,SYNCHRO,AUXILIARY,PHT.149,ULTG DURIKOSAMBI,GIS 150kV KEMBANGAN,PHT 150kV METLAND#1,#1,,150 kV/100 V,SYNCHRO,,,,,,,ASSET|GIS 150KV KEMBANGAN|PHT 150KV METLAND#1|#1|?|?|SYNCHRO,LOW,incomplete exact attributes; no fuzzy merge
Data Setting Penghantar UPT DKSBI.xlsx,SYNCHRO,160,f0ba5b0036e47fb050940334d394bb217cdf81dcbdeea63e562db5b25048167c,2026-08-21,Synchro,SYNCHRO,SYNCHRO,AUXILIARY,PHT.150,ULTG DURIKOSAMBI,GIS 150kV KEMBANGAN,PHT 150kV METLAND#2,#2,,150 kV/100 V,SYNCHRO,,,,,,,ASSET|GIS 150KV KEMBANGAN|PHT 150KV METLAND#2|#2|?|?|SYNCHRO,LOW,incomplete exact attributes; no fuzzy merge
Data Setting Penghantar UPT DKSBI.xlsx,SYNCHRO,161,f0ba5b0036e47fb050940334d394bb217cdf81dcbdeea63e562db5b25048167c,2026-08-21,Synchro,SYNCHRO,SYNCHRO,AUXILIARY,PHT.151,ULTG DURIKOSAMBI,GIS 150kV KEMBANGAN,PHT 150kV DURIKOSAMBI#1,#1,,150 kV/100 V,SYNCHRO,,,,,,,ASSET|GIS 150KV KEMBANGAN|PHT 150KV DURIKOSAMBI#1|#1|?|?|SYNCHRO,LOW,incomplete exact attributes; no fuzzy merge
Data Setting Penghantar UPT DKSBI.xlsx,SYNCHRO,162,f0ba5b0036e47fb050940334d394bb217cdf81dcbdeea63e562db5b25048167c,2026-08-21,Synchro,SYNCHRO,SYNCHRO,AUXILIARY,PHT.152,ULTG DURIKOSAMBI,GIS 150kV KEMBANGAN,PHT 150kV DURIKOSAMBI#2,#2,,150 kV/100 V,SYNCHRO,,,,,,,ASSET|GIS 150KV KEMBANGAN|PHT 150KV DURIKOSAMBI#2|#2|?|?|SYNCHRO,LOW,incomplete exact attributes; no fuzzy merge
Data Setting Penghantar UPT DKSBI.xlsx,SYNCHRO,163,f0ba5b0036e47fb050940334d394bb217cdf81dcbdeea63e562db5b25048167c,2026-08-21,Synchro,SYNCHRO,SYNCHRO,AUXILIARY,PHT.153,ULTG DURIKOSAMBI,GIS 150kV KEMBANGAN,PHT 150kV NEW SENAYAN#1,#1,,150 kV/100 V,SYNCHRO,,,,,,,ASSET|GIS 150KV KEMBANGAN|PHT 150KV NEW SENAYAN#1|#1|?|?|SYNCHRO,LOW,incomplete exact attributes; no fuzzy merge
Data Setting Penghantar UPT DKSBI.xlsx,SYNCHRO,164,f0ba5b0036e47fb050940334d394bb217cdf81dcbdeea63e562db5b25048167c,2026-08-21,Synchro,SYNCHRO,SYNCHRO,AUXILIARY,PHT.154,ULTG DURIKOSAMBI,GIS 150kV KEMBANGAN,PHT 150kV NEW SENAYAN#2,#2,,150 kV/100 V,SYNCHRO,,,,,,,ASSET|GIS 150KV KEMBANGAN|PHT 150KV NEW SENAYAN#2|#2|?|?|SYNCHRO,LOW,incomplete exact attributes; no fuzzy merge
Data Setting Penghantar UPT DKSBI.xlsx,SYNCHRO,165,f0ba5b0036e47fb050940334d394bb217cdf81dcbdeea63e562db5b25048167c,2026-08-21,Synchro,SYNCHRO,SYNCHRO,AUXILIARY,PHT.155,ULTG DURIKOSAMBI,GIS 150kV KEMBANGAN,PHT 150kV PETUKANGAN#1,#1,,150 kV/100 V,SYNCHRO,,,,,,,ASSET|GIS 150KV KEMBANGAN|PHT 150KV PETUKANGAN#1|#1|?|?|SYNCHRO,LOW,incomplete exact attributes; no fuzzy merge
Data Setting Penghantar UPT DKSBI.xlsx,SYNCHRO,166,f0ba5b0036e47fb050940334d394bb217cdf81dcbdeea63e562db5b25048167c,2026-08-21,Synchro,SYNCHRO,SYNCHRO,AUXILIARY,PHT.156,ULTG DURIKOSAMBI,GIS 150kV KEMBANGAN,PHT 150kV PETUKANGAN#2,#2,,150 kV/100 V,SYNCHRO,,,,,,,ASSET|GIS 150KV KEMBANGAN|PHT 150KV PETUKANGAN#2|#2|?|?|SYNCHRO,LOW,incomplete exact attributes; no fuzzy merge
Data Setting Penghantar UPT DKSBI.xlsx,SYNCHRO,167,f0ba5b0036e47fb050940334d394bb217cdf81dcbdeea63e562db5b25048167c,2026-08-21,Synchro,SYNCHRO,SYNCHRO,AUXILIARY,PHT.157,ULTG DURIKOSAMBI,GIS 150kV METLAND,PHT 150kV KEMBANGAN#1,#1,,150 kV/100 V,SYNCHRO,,,,,,,ASSET|GIS 150KV METLAND|PHT 150KV KEMBANGAN#1|#1|?|?|SYNCHRO,LOW,incomplete exact attributes; no fuzzy merge
Data Setting Penghantar UPT DKSBI.xlsx,SYNCHRO,168,f0ba5b0036e47fb050940334d394bb217cdf81dcbdeea63e562db5b25048167c,2026-08-21,Synchro,SYNCHRO,SYNCHRO,AUXILIARY,PHT.158,ULTG DURIKOSAMBI,GIS 150kV METLAND,PHT 150kV KEMBANGAN#2,#2,,150 kV/100 V,SYNCHRO,,,,,,,ASSET|GIS 150KV METLAND|PHT 150KV KEMBANGAN#2|#2|?|?|SYNCHRO,LOW,incomplete exact attributes; no fuzzy merge
Data Setting Penghantar UPT DKSBI.xlsx,SYNCHRO,169,f0ba5b0036e47fb050940334d394bb217cdf81dcbdeea63e562db5b25048167c,2026-08-21,Synchro,SYNCHRO,SYNCHRO,AUXILIARY,PHT.159,ULTG DURIKOSAMBI,GIS 150kV METLAND,PHT 150kV CILEDUG#1,#1,,150 kV/100 V,SYNCHRO,,,,,,,ASSET|GIS 150KV METLAND|PHT 150KV CILEDUG#1|#1|?|?|SYNCHRO,LOW,incomplete exact attributes; no fuzzy merge
Data Setting Penghantar UPT DKSBI.xlsx,SYNCHRO,170,f0ba5b0036e47fb050940334d394bb217cdf81dcbdeea63e562db5b25048167c,2026-08-21,Synchro,SYNCHRO,SYNCHRO,AUXILIARY,PHT.160,ULTG DURIKOSAMBI,GIS 150kV METLAND,PHT 150kV CILEDUG#2,#2,,150 kV/100 V,SYNCHRO,,,,,,,ASSET|GIS 150KV METLAND|PHT 150KV CILEDUG#2|#2|?|?|SYNCHRO,LOW,incomplete exact attributes; no fuzzy merge
Data Setting Penghantar UPT DKSBI.xlsx,SYNCHRO,171,f0ba5b0036e47fb050940334d394bb217cdf81dcbdeea63e562db5b25048167c,2026-08-21,Synchro,SYNCHRO,SYNCHRO,AUXILIARY,PHT.161,ULTG DURIKOSAMBI,GIS 150kV SUMMARECON GADING SERPONG,PHT 150kV ALAM SUTERA#1,#1,,150 kV/100 V,SYNCHRO,,,,,,,ASSET|GIS 150KV SUMMARECON GADING SERPONG|PHT 150KV ALAM SUTERA#1|#1|?|?|SYNCHRO,LOW,incomplete exact attributes; no fuzzy merge
Data Setting Penghantar UPT DKSBI.xlsx,SYNCHRO,172,f0ba5b0036e47fb050940334d394bb217cdf81dcbdeea63e562db5b25048167c,2026-08-21,Synchro,SYNCHRO,SYNCHRO,AUXILIARY,PHT.162,ULTG DURIKOSAMBI,GIS 150kV SUMMARECON GADING SERPONG,PHT 150kV ALAM SUTERA#2,#2,,150 kV/100 V,SYNCHRO,,,,,,,ASSET|GIS 150KV SUMMARECON GADING SERPONG|PHT 150KV ALAM SUTERA#2|#2|?|?|SYNCHRO,LOW,incomplete exact attributes; no fuzzy merge
Data Setting Penghantar UPT DKSBI.xlsx,SYNCHRO,173,f0ba5b0036e47fb050940334d394bb217cdf81dcbdeea63e562db5b25048167c,2026-08-21,Synchro,SYNCHRO,SYNCHRO,AUXILIARY,PHT.163,ULTG DURIKOSAMBI,GIS 150kV SUMMARECON GADING SERPONG,PHT 150kV CURUG#1,#1,,150 kV/100 V,SYNCHRO,,,,,,,ASSET|GIS 150KV SUMMARECON GADING SERPONG|PHT 150KV CURUG#1|#1|?|?|SYNCHRO,LOW,incomplete exact attributes; no fuzzy merge
Data Setting Penghantar UPT DKSBI.xlsx,SYNCHRO,174,f0ba5b0036e47fb050940334d394bb217cdf81dcbdeea63e562db5b25048167c,2026-08-21,Synchro,SYNCHRO,SYNCHRO,AUXILIARY,PHT.164,ULTG DURIKOSAMBI,GIS 150kV SUMMARECON GADING SERPONG,PHT 150kV CURUG#2,#2,,150 kV/100 V,SYNCHRO,,,,,,,ASSET|GIS 150KV SUMMARECON GADING SERPONG|PHT 150KV CURUG#2|#2|?|?|SYNCHRO,LOW,incomplete exact attributes; no fuzzy merge
Data Setting Penghantar UPT DKSBI.xlsx,SYNCHRO,175,f0ba5b0036e47fb050940334d394bb217cdf81dcbdeea63e562db5b25048167c,2026-08-21,Synchro,SYNCHRO,SYNCHRO,AUXILIARY,PHT.165,ULTG DURIKOSAMBI,GISTET 500kV DURIKOSAMBI,PHT 500kV GANDUL#1,#1,,500 kV/100 V,SYNCHRO,,,,,,,ASSET|GISTET 500KV DURIKOSAMBI|PHT 500KV GANDUL#1|#1|?|?|SYNCHRO,LOW,incomplete exact attributes; no fuzzy merge
Data Setting Penghantar UPT DKSBI.xlsx,SYNCHRO,176,f0ba5b0036e47fb050940334d394bb217cdf81dcbdeea63e562db5b25048167c,2026-08-21,Synchro,SYNCHRO,SYNCHRO,AUXILIARY,PHT.166,ULTG DURIKOSAMBI,GISTET 500kV DURIKOSAMBI,PHT 500kV KEMBANGAN#2,#2,,500 kV/100 V,SYNCHRO,,,,,,,ASSET|GISTET 500KV DURIKOSAMBI|PHT 500KV KEMBANGAN#2|#2|?|?|SYNCHRO,LOW,incomplete exact attributes; no fuzzy merge
Data Setting Penghantar UPT DKSBI.xlsx,SYNCHRO,177,f0ba5b0036e47fb050940334d394bb217cdf81dcbdeea63e562db5b25048167c,2026-08-21,Synchro,SYNCHRO,SYNCHRO,AUXILIARY,PHT.167,ULTG DURIKOSAMBI,GISTET 500kV DURIKOSAMBI,PHT 500kV MUARAKARANG#1,#1,,500 kV/100 V,SYNCHRO,,,,,,,ASSET|GISTET 500KV DURIKOSAMBI|PHT 500KV MUARAKARANG#1|#1|?|?|SYNCHRO,LOW,incomplete exact attributes; no fuzzy merge
Data Setting Penghantar UPT DKSBI.xlsx,SYNCHRO,178,f0ba5b0036e47fb050940334d394bb217cdf81dcbdeea63e562db5b25048167c,2026-08-21,Synchro,SYNCHRO,SYNCHRO,AUXILIARY,PHT.168,ULTG DURIKOSAMBI,GISTET 500kV DURIKOSAMBI,PHT 500kV MUARAKARANG#2,#2,,500 kV/100 V,SYNCHRO,,,,,,,ASSET|GISTET 500KV DURIKOSAMBI|PHT 500KV MUARAKARANG#2|#2|?|?|SYNCHRO,LOW,incomplete exact attributes; no fuzzy merge
Data Setting Penghantar UPT DKSBI.xlsx,SYNCHRO,179,f0ba5b0036e47fb050940334d394bb217cdf81dcbdeea63e562db5b25048167c,2026-08-21,Synchro,SYNCHRO,SYNCHRO,AUXILIARY,PHT.169,ULTG DURIKOSAMBI,GISTET 500kV DURIKOSAMBI,PHT 500kV GANDUL#1,#1,,500 kV/100 V,SYNCHRO,,,,,,,ASSET|GISTET 500KV DURIKOSAMBI|PHT 500KV GANDUL#1|#1|?|?|SYNCHRO,LOW,incomplete exact attributes; no fuzzy merge
Data Setting Penghantar UPT DKSBI.xlsx,SYNCHRO,180,f0ba5b0036e47fb050940334d394bb217cdf81dcbdeea63e562db5b25048167c,2026-08-21,Synchro,SYNCHRO,SYNCHRO,AUXILIARY,PHT.170,ULTG DURIKOSAMBI,GISTET 500kV DURIKOSAMBI,PHT 500kV KEMBANGAN#2,#2,,500 kV/100 V,SYNCHRO,,,,,,,ASSET|GISTET 500KV DURIKOSAMBI|PHT 500KV KEMBANGAN#2|#2|?|?|SYNCHRO,LOW,incomplete exact attributes; no fuzzy merge
Data Setting Penghantar UPT DKSBI.xlsx,SYNCHRO,181,f0ba5b0036e47fb050940334d394bb217cdf81dcbdeea63e562db5b25048167c,2026-08-21,Synchro,SYNCHRO,SYNCHRO,AUXILIARY,PHT.171,ULTG DURIKOSAMBI,GISTET 500kV DURIKOSAMBI,PHT 500kV MUARAKARANG#1,#1,,500 kV/100 V,SYNCHRO,,,,,,,ASSET|GISTET 500KV DURIKOSAMBI|PHT 500KV MUARAKARANG#1|#1|?|?|SYNCHRO,LOW,incomplete exact attributes; no fuzzy merge
Data Setting Penghantar UPT DKSBI.xlsx,SYNCHRO,182,f0ba5b0036e47fb050940334d394bb217cdf81dcbdeea63e562db5b25048167c,2026-08-21,Synchro,SYNCHRO,SYNCHRO,AUXILIARY,PHT.172,ULTG DURIKOSAMBI,GISTET 500kV DURIKOSAMBI,PHT 500kV MUARAKARANG#2,#2,,500 kV/100 V,SYNCHRO,,,,,,,ASSET|GISTET 500KV DURIKOSAMBI|PHT 500KV MUARAKARANG#2|#2|?|?|SYNCHRO,LOW,incomplete exact attributes; no fuzzy merge
Data Setting Penghantar UPT DKSBI.xlsx,SYNCHRO,183,f0ba5b0036e47fb050940334d394bb217cdf81dcbdeea63e562db5b25048167c,2026-08-21,Synchro,SYNCHRO,SYNCHRO,AUXILIARY,PHT.173,ULTG DURIKOSAMBI,GISTET 500kV KEMBANGAN,PHT 500kV DURIKOSAMBI#1,#1,,500 kV/100 V,SYNCHRO,,,,,,,ASSET|GISTET 500KV KEMBANGAN|PHT 500KV DURIKOSAMBI#1|#1|?|?|SYNCHRO,LOW,incomplete exact attributes; no fuzzy merge
Data Setting Penghantar UPT DKSBI.xlsx,SYNCHRO,184,f0ba5b0036e47fb050940334d394bb217cdf81dcbdeea63e562db5b25048167c,2026-08-21,Synchro,SYNCHRO,SYNCHRO,AUXILIARY,PHT.174,ULTG DURIKOSAMBI,GISTET 500kV KEMBANGAN,PHT 500kV DURIKOSAMBI#2,#2,,500 kV/100 V,SYNCHRO,,,,,,,ASSET|GISTET 500KV KEMBANGAN|PHT 500KV DURIKOSAMBI#2|#2|?|?|SYNCHRO,LOW,incomplete exact attributes; no fuzzy merge
Data Setting Penghantar UPT DKSBI.xlsx,SYNCHRO,185,f0ba5b0036e47fb050940334d394bb217cdf81dcbdeea63e562db5b25048167c,2026-08-21,Synchro,SYNCHRO,SYNCHRO,AUXILIARY,PHT.175,ULTG DURIKOSAMBI,GISTET 500kV KEMBANGAN,PHT 500kV BALARAJA#1,#1,,500 kV/100 V,SYNCHRO,,,,,,,ASSET|GISTET 500KV KEMBANGAN|PHT 500KV BALARAJA#1|#1|?|?|SYNCHRO,LOW,incomplete exact attributes; no fuzzy merge
Data Setting Penghantar UPT DKSBI.xlsx,SYNCHRO,186,f0ba5b0036e47fb050940334d394bb217cdf81dcbdeea63e562db5b25048167c,2026-08-21,Synchro,SYNCHRO,SYNCHRO,AUXILIARY,PHT.176,ULTG DURIKOSAMBI,GISTET 500kV KEMBANGAN,PHT 500kV BALARAJA#2,#2,,500 kV/100 V,SYNCHRO,,,,,,,ASSET|GISTET 500KV KEMBANGAN|PHT 500KV BALARAJA#2|#2|?|?|SYNCHRO,LOW,incomplete exact attributes; no fuzzy merge
Data Setting Penghantar UPT DKSBI.xlsx,SYNCHRO,187,f0ba5b0036e47fb050940334d394bb217cdf81dcbdeea63e562db5b25048167c,2026-08-21,Synchro,SYNCHRO,SYNCHRO,AUXILIARY,PHT.177,ULTG DURIKOSAMBI,GISTET 500kV KEMBANGAN,PHT 500kV GANDUL#1,#1,,500 kV/100 V,SYNCHRO,,,,,,,ASSET|GISTET 500KV KEMBANGAN|PHT 500KV GANDUL#1|#1|?|?|SYNCHRO,LOW,incomplete exact attributes; no fuzzy merge
Data Setting Penghantar UPT DKSBI.xlsx,SYNCHRO,188,f0ba5b0036e47fb050940334d394bb217cdf81dcbdeea63e562db5b25048167c,2026-08-21,Synchro,SYNCHRO,SYNCHRO,AUXILIARY,PHT.178,ULTG DURIKOSAMBI,GISTET 500kV KEMBANGAN,PHT 500kV GANDUL#2,#2,,500 kV/100 V,SYNCHRO,,,,,,,ASSET|GISTET 500KV KEMBANGAN|PHT 500KV GANDUL#2|#2|?|?|SYNCHRO,LOW,incomplete exact attributes; no fuzzy merge
Data Setting Penghantar UPT DKSBI.xlsx,SYNCHRO,189,f0ba5b0036e47fb050940334d394bb217cdf81dcbdeea63e562db5b25048167c,2026-08-21,Synchro,SYNCHRO,SYNCHRO,AUXILIARY,PHT.179,ULTG DURIKOSAMBI,GISTET 500kV KEMBANGAN,PHT 500kV DURIKOSAMBI#1,#1,,500 kV/100 V,SYNCHRO,,,,,,,ASSET|GISTET 500KV KEMBANGAN|PHT 500KV DURIKOSAMBI#1|#1|?|?|SYNCHRO,LOW,incomplete exact attributes; no fuzzy merge
Data Setting Penghantar UPT DKSBI.xlsx,SYNCHRO,190,f0ba5b0036e47fb050940334d394bb217cdf81dcbdeea63e562db5b25048167c,2026-08-21,Synchro,SYNCHRO,SYNCHRO,AUXILIARY,PHT.180,ULTG DURIKOSAMBI,GISTET 500kV KEMBANGAN,PHT 500kV DURIKOSAMBI#2,#2,,500 kV/100 V,SYNCHRO,,,,,,,ASSET|GISTET 500KV KEMBANGAN|PHT 500KV DURIKOSAMBI#2|#2|?|?|SYNCHRO,LOW,incomplete exact attributes; no fuzzy merge
Data Setting Penghantar UPT DKSBI.xlsx,SYNCHRO,191,f0ba5b0036e47fb050940334d394bb217cdf81dcbdeea63e562db5b25048167c,2026-08-21,Synchro,SYNCHRO,SYNCHRO,AUXILIARY,PHT.181,ULTG DURIKOSAMBI,GISTET 500kV KEMBANGAN,PHT 500kV BALARAJA#1,#1,,500 kV/100 V,SYNCHRO,,,,,,,ASSET|GISTET 500KV KEMBANGAN|PHT 500KV BALARAJA#1|#1|?|?|SYNCHRO,LOW,incomplete exact attributes; no fuzzy merge
Data Setting Penghantar UPT DKSBI.xlsx,SYNCHRO,192,f0ba5b0036e47fb050940334d394bb217cdf81dcbdeea63e562db5b25048167c,2026-08-21,Synchro,SYNCHRO,SYNCHRO,AUXILIARY,PHT.182,ULTG DURIKOSAMBI,GISTET 500kV KEMBANGAN,PHT 500kV BALARAJA#2,#2,,500 kV/100 V,SYNCHRO,,,,,,,ASSET|GISTET 500KV KEMBANGAN|PHT 500KV BALARAJA#2|#2|?|?|SYNCHRO,LOW,incomplete exact attributes; no fuzzy merge
Data Setting Penghantar UPT DKSBI.xlsx,SYNCHRO,193,f0ba5b0036e47fb050940334d394bb217cdf81dcbdeea63e562db5b25048167c,2026-08-21,Synchro,SYNCHRO,SYNCHRO,AUXILIARY,PHT.183,ULTG DURIKOSAMBI,GISTET 500kV KEMBANGAN,PHT 500kV GANDUL#1,#1,,500 kV/100 V,SYNCHRO,,,,,,,ASSET|GISTET 500KV KEMBANGAN|PHT 500KV GANDUL#1|#1|?|?|SYNCHRO,LOW,incomplete exact attributes; no fuzzy merge
Data Setting Penghantar UPT DKSBI.xlsx,SYNCHRO,194,f0ba5b0036e47fb050940334d394bb217cdf81dcbdeea63e562db5b25048167c,2026-08-21,Synchro,SYNCHRO,SYNCHRO,AUXILIARY,PHT.184,ULTG DURIKOSAMBI,GISTET 500kV KEMBANGAN,PHT 500kV GANDUL#2,#2,,500 kV/100 V,SYNCHRO,,,,,,,ASSET|GISTET 500KV KEMBANGAN|PHT 500KV GANDUL#2|#2|?|?|SYNCHRO,LOW,incomplete exact attributes; no fuzzy merge
Data Setting Penghantar UPT DKSBI.xlsx,SZP,10,f0ba5b0036e47fb050940334d394bb217cdf81dcbdeea63e562db5b25048167c,2026-08-21,SZP,SZP,SZP,AUXILIARY,,ULTG CIKUPA,GITET 500KV BALARAJA,IBT,#1,2000 / 1,,SZP,Areva,MiCom P821,3307182.0,Numerik,,,SERIAL|3307182,HIGH,exact normalized serial
Data Setting Penghantar UPT DKSBI.xlsx,SZP,11,f0ba5b0036e47fb050940334d394bb217cdf81dcbdeea63e562db5b25048167c,2026-08-21,SZP,SZP,SZP,AUXILIARY,,ULTG CIKUPA,GITET 500KV BALARAJA,IBT,#2,2000 / 1,,SZP,Areva,MiCom P821,3307172.0,Numerik,,,SERIAL|3307172,HIGH,exact normalized serial
Data Setting Penghantar UPT DKSBI.xlsx,SZP,12,f0ba5b0036e47fb050940334d394bb217cdf81dcbdeea63e562db5b25048167c,2026-08-21,SZP,SZP,SZP,AUXILIARY,,ULTG CIKUPA,GITET 500KV BALARAJA,IBT,#3,1000 / 1,,SZP,Siemens,7VK61,BF1201064272,Numerik,,,SERIAL|BF1201064272,HIGH,exact normalized serial
Data Setting Penghantar UPT DKSBI.xlsx,SZP,13,f0ba5b0036e47fb050940334d394bb217cdf81dcbdeea63e562db5b25048167c,2026-08-21,SZP,SZP,SZP,AUXILIARY,,ULTG CIKUPA,GITET 500KV BALARAJA,IBT,#4,2000 / 1,,SZP,Areva,MiCom P821,32687102/10/13,Numerik,,,SERIAL|32687102/10/13,HIGH,exact normalized serial
Data Setting Penghantar UPT DKSBI.xlsx,SZP,14,f0ba5b0036e47fb050940334d394bb217cdf81dcbdeea63e562db5b25048167c,2026-08-21,SZP,SZP,SZP,AUXILIARY,,ULTG CIKUPA,GITET 500KV BALARAJA,PHT 500kV JAWA 7,#1,2000 / 1,,SZP,Areva,MiCom P821,3307181.0,Numerik,,,SERIAL|3307181,HIGH,exact normalized serial
Data Setting Penghantar UPT DKSBI.xlsx,SZP,15,f0ba5b0036e47fb050940334d394bb217cdf81dcbdeea63e562db5b25048167c,2026-08-21,SZP,SZP,SZP,AUXILIARY,,ULTG CIKUPA,GITET 500KV BALARAJA,PHT 500kV JAWA 7,#2,2000 / 1,,SZP,Areva,MiCom P821,3307175.0,Numerik,,,SERIAL|3307175,HIGH,exact normalized serial
Data Setting Penghantar UPT DKSBI.xlsx,SZP,16,f0ba5b0036e47fb050940334d394bb217cdf81dcbdeea63e562db5b25048167c,2026-08-21,SZP,SZP,SZP,AUXILIARY,,ULTG CIKUPA,GITET 500KV BALARAJA,PHT 500kV LENGKONG,#1,2000 / 1,,SZP,Areva,MiCom P821,3307179.0,Numerik,,,SERIAL|3307179,HIGH,exact normalized serial
Data Setting Penghantar UPT DKSBI.xlsx,SZP,17,f0ba5b0036e47fb050940334d394bb217cdf81dcbdeea63e562db5b25048167c,2026-08-21,SZP,SZP,SZP,AUXILIARY,,ULTG CIKUPA,GITET 500KV BALARAJA,PHT 500kV LENGKONG,#2,2000 / 1,,SZP,Areva,MiCom P821,3307174.0,Numerik,,,SERIAL|3307174,HIGH,exact normalized serial
Data Setting Penghantar UPT DKSBI.xlsx,SZP,18,f0ba5b0036e47fb050940334d394bb217cdf81dcbdeea63e562db5b25048167c,2026-08-21,SZP,SZP,SZP,AUXILIARY,,ULTG CIKUPA,GITET 500KV BALARAJA,PHT 500kV SURALAYA,#1,2000 / 1,,SZP,Areva,MiCom P821,3307178.0,Numerik,,,SERIAL|3307178,HIGH,exact normalized serial
Data Setting Penghantar UPT DKSBI.xlsx,SZP,19,f0ba5b0036e47fb050940334d394bb217cdf81dcbdeea63e562db5b25048167c,2026-08-21,SZP,SZP,SZP,AUXILIARY,,ULTG CIKUPA,GITET 500KV BALARAJA,PHT 500kV SURALAYA,#2,2000 / 1,,SZP,Areva,MiCom P821,3307180.0,Numerik,,,SERIAL|3307180,HIGH,exact normalized serial
Data Setting Penghantar UPT DKSBI.xlsx,SZP,20,f0ba5b0036e47fb050940334d394bb217cdf81dcbdeea63e562db5b25048167c,2026-08-21,SZP,SZP,SZP,AUXILIARY,,ULTG CIKUPA,GITET 500KV BALARAJA,PHT 500kV KEMBANGAN (FUTURE),#1,,,SZP,,,,,,,ASSET|GITET 500KV BALARAJA|PHT 500KV KEMBANGAN (FUTURE)|#1|?|?|SZP,LOW,incomplete exact attributes; no fuzzy merge
Data Setting Penghantar UPT DKSBI.xlsx,SZP,21,f0ba5b0036e47fb050940334d394bb217cdf81dcbdeea63e562db5b25048167c,2026-08-21,SZP,SZP,SZP,AUXILIARY,,ULTG CIKUPA,GITET 500KV BALARAJA,PHT 500kV KEMBANGAN (FUTURE),#2,,,SZP,,,,,,,ASSET|GITET 500KV BALARAJA|PHT 500KV KEMBANGAN (FUTURE)|#2|?|?|SZP,LOW,incomplete exact attributes; no fuzzy merge
Data Setting Penghantar UPT DKSBI.xlsx,SZP,22,f0ba5b0036e47fb050940334d394bb217cdf81dcbdeea63e562db5b25048167c,2026-08-21,SZP,SZP,SZP,AUXILIARY,,ULTG CIKUPA,GITET 500KV BALARAJA,,,2000 / 1,,SZP,Areva,MiCom P821,3307173.0,Numerik,,,SERIAL|3307173,HIGH,exact normalized serial
Data Setting Penghantar UPT DKSBI.xlsx,SZP,23,f0ba5b0036e47fb050940334d394bb217cdf81dcbdeea63e562db5b25048167c,2026-08-21,SZP,SZP,SZP,AUXILIARY,,ULTG CIKUPA,GITET 500KV BALARAJA,,,2000 / 1,,SZP,Areva,MiCom P821,3307171.0,Numerik,,,SERIAL|3307171,HIGH,exact normalized serial
Data Setting Penghantar UPT DKSBI.xlsx,SZP,24,f0ba5b0036e47fb050940334d394bb217cdf81dcbdeea63e562db5b25048167c,2026-08-21,SZP,SZP,SZP,AUXILIARY,,ULTG CIKUPA,GITET 500KV BALARAJA,,,2000 / 1,,SZP,Areva,MiCom P821,3307176.0,Numerik,,,SERIAL|3307176,HIGH,exact normalized serial
Data Setting Penghantar UPT DKSBI.xlsx,SZP,25,f0ba5b0036e47fb050940334d394bb217cdf81dcbdeea63e562db5b25048167c,2026-08-21,SZP,SZP,SZP,AUXILIARY,,ULTG CIKUPA,GITET 500KV BALARAJA,,,2000 / 1,,SZP,Areva,MiCom P821,3307177.0,Numerik,,,SERIAL|3307177,HIGH,exact normalized serial
Data Setting Penghantar UPT DKSBI.xlsx,SZP,26,f0ba5b0036e47fb050940334d394bb217cdf81dcbdeea63e562db5b25048167c,2026-08-21,SZP,SZP,SZP,AUXILIARY,,ULTG CIKUPA,GITET 500KV BALARAJA,,,2000 / 1,,SZP,Siemens,7VK61,BF1201064277,Numerik,,,SERIAL|BF1201064277,HIGH,exact normalized serial
Data Setting Penghantar UPT DKSBI.xlsx,SZP,27,f0ba5b0036e47fb050940334d394bb217cdf81dcbdeea63e562db5b25048167c,2026-08-21,SZP,SZP,SZP,AUXILIARY,,ULTG CIKUPA,GITET 500KV BALARAJA,,,2000 / 1,,SZP,Areva,MiCom P821,32687103/10/13,Numerik,,,SERIAL|32687103/10/13,HIGH,exact normalized serial
Data Setting Penghantar UPT DKSBI.xlsx,SZP,28,f0ba5b0036e47fb050940334d394bb217cdf81dcbdeea63e562db5b25048167c,2026-08-21,SZP,SZP,SZP,AUXILIARY,,ULTG DURIKOSAMBI,GISTET 500KV DURIKOSAMBI,IBT,#1,,,SZP,,,,,,,ASSET|GISTET 500KV DURIKOSAMBI|IBT|#1|?|?|SZP,LOW,incomplete exact attributes; no fuzzy merge
Data Setting Penghantar UPT DKSBI.xlsx,SZP,29,f0ba5b0036e47fb050940334d394bb217cdf81dcbdeea63e562db5b25048167c,2026-08-21,SZP,SZP,SZP,AUXILIARY,,ULTG DURIKOSAMBI,GISTET 500KV DURIKOSAMBI,IBT,#2,,,SZP,,,,,,,ASSET|GISTET 500KV DURIKOSAMBI|IBT|#2|?|?|SZP,LOW,incomplete exact attributes; no fuzzy merge
Data Setting Penghantar UPT DKSBI.xlsx,SZP,30,f0ba5b0036e47fb050940334d394bb217cdf81dcbdeea63e562db5b25048167c,2026-08-21,SZP,SZP,SZP,AUXILIARY,,ULTG DURIKOSAMBI,GISTET 500KV DURIKOSAMBI,PHT 500kV GANDUL,#1,,,SZP,,,,,,,ASSET|GISTET 500KV DURIKOSAMBI|PHT 500KV GANDUL|#1|?|?|SZP,LOW,incomplete exact attributes; no fuzzy merge
Data Setting Penghantar UPT DKSBI.xlsx,SZP,31,f0ba5b0036e47fb050940334d394bb217cdf81dcbdeea63e562db5b25048167c,2026-08-21,SZP,SZP,SZP,AUXILIARY,,ULTG DURIKOSAMBI,GISTET 500KV DURIKOSAMBI,PHT 500kV KEMBANGAN,#2,,,SZP,,,,,,,ASSET|GISTET 500KV DURIKOSAMBI|PHT 500KV KEMBANGAN|#2|?|?|SZP,LOW,incomplete exact attributes; no fuzzy merge
Data Setting Penghantar UPT DKSBI.xlsx,SZP,32,f0ba5b0036e47fb050940334d394bb217cdf81dcbdeea63e562db5b25048167c,2026-08-21,SZP,SZP,SZP,AUXILIARY,,ULTG DURIKOSAMBI,GISTET 500KV DURIKOSAMBI,IBT (FUTURE),#3,,,SZP,,,,,,,ASSET|GISTET 500KV DURIKOSAMBI|IBT (FUTURE)|#3|?|?|SZP,LOW,incomplete exact attributes; no fuzzy merge
Data Setting Penghantar UPT DKSBI.xlsx,SZP,33,f0ba5b0036e47fb050940334d394bb217cdf81dcbdeea63e562db5b25048167c,2026-08-21,SZP,SZP,SZP,AUXILIARY,,ULTG DURIKOSAMBI,GISTET 500KV DURIKOSAMBI,IBT (FUTURE),#4,,,SZP,,,,,,,ASSET|GISTET 500KV DURIKOSAMBI|IBT (FUTURE)|#4|?|?|SZP,LOW,incomplete exact attributes; no fuzzy merge
Data Setting Penghantar UPT DKSBI.xlsx,SZP,34,f0ba5b0036e47fb050940334d394bb217cdf81dcbdeea63e562db5b25048167c,2026-08-21,SZP,SZP,SZP,AUXILIARY,,ULTG DURIKOSAMBI,GISTET 500KV DURIKOSAMBI,PHT 500kV MUARAKARANG (FUTURE),#1,,,SZP,,,,,,,ASSET|GISTET 500KV DURIKOSAMBI|PHT 500KV MUARAKARANG (FUTURE)|#1|?|?|SZP,LOW,incomplete exact attributes; no fuzzy merge
Data Setting Penghantar UPT DKSBI.xlsx,SZP,35,f0ba5b0036e47fb050940334d394bb217cdf81dcbdeea63e562db5b25048167c,2026-08-21,SZP,SZP,SZP,AUXILIARY,,ULTG DURIKOSAMBI,GISTET 500KV DURIKOSAMBI,PHT 500kV MUARAKARANG (FUTURE),#2,,,SZP,,,,,,,ASSET|GISTET 500KV DURIKOSAMBI|PHT 500KV MUARAKARANG (FUTURE)|#2|?|?|SZP,LOW,incomplete exact attributes; no fuzzy merge
Data Setting Penghantar UPT DKSBI.xlsx,SZP,36,f0ba5b0036e47fb050940334d394bb217cdf81dcbdeea63e562db5b25048167c,2026-08-21,SZP,SZP,SZP,AUXILIARY,,ULTG DURIKOSAMBI,GISTET 500KV DURIKOSAMBI,,,,,SZP,,,,,,,ASSET|GISTET 500KV DURIKOSAMBI|?|?|?|?|SZP,LOW,incomplete exact attributes; no fuzzy merge
Data Setting Penghantar UPT DKSBI.xlsx,SZP,37,f0ba5b0036e47fb050940334d394bb217cdf81dcbdeea63e562db5b25048167c,2026-08-21,SZP,SZP,SZP,AUXILIARY,,ULTG DURIKOSAMBI,GISTET 500KV DURIKOSAMBI,,,,,SZP,,,,,,,ASSET|GISTET 500KV DURIKOSAMBI|?|?|?|?|SZP,LOW,incomplete exact attributes; no fuzzy merge
Data Setting Penghantar UPT DKSBI.xlsx,SZP,38,f0ba5b0036e47fb050940334d394bb217cdf81dcbdeea63e562db5b25048167c,2026-08-21,SZP,SZP,SZP,AUXILIARY,,ULTG DURIKOSAMBI,GISTET 500KV DURIKOSAMBI,,,,,SZP,,,,,,,ASSET|GISTET 500KV DURIKOSAMBI|?|?|?|?|SZP,LOW,incomplete exact attributes; no fuzzy merge
Data Setting Penghantar UPT DKSBI.xlsx,SZP,39,f0ba5b0036e47fb050940334d394bb217cdf81dcbdeea63e562db5b25048167c,2026-08-21,SZP,SZP,SZP,AUXILIARY,,ULTG DURIKOSAMBI,GISTET 500KV DURIKOSAMBI,,,,,SZP,,,,,,,ASSET|GISTET 500KV DURIKOSAMBI|?|?|?|?|SZP,LOW,incomplete exact attributes; no fuzzy merge
Data Setting Penghantar UPT DKSBI.xlsx,SZP,40,f0ba5b0036e47fb050940334d394bb217cdf81dcbdeea63e562db5b25048167c,2026-08-21,SZP,SZP,SZP,AUXILIARY,,ULTG DURIKOSAMBI,GISTET 500KV KEMBANGAN,IBT,#1,,,SZP,,,,,,,ASSET|GISTET 500KV KEMBANGAN|IBT|#1|?|?|SZP,LOW,incomplete exact attributes; no fuzzy merge
Data Setting Penghantar UPT DKSBI.xlsx,SZP,41,f0ba5b0036e47fb050940334d394bb217cdf81dcbdeea63e562db5b25048167c,2026-08-21,SZP,SZP,SZP,AUXILIARY,,ULTG DURIKOSAMBI,GISTET 500KV KEMBANGAN,IBT,#2,,,SZP,,,,,,,ASSET|GISTET 500KV KEMBANGAN|IBT|#2|?|?|SZP,LOW,incomplete exact attributes; no fuzzy merge
Data Setting Penghantar UPT DKSBI.xlsx,SZP,42,f0ba5b0036e47fb050940334d394bb217cdf81dcbdeea63e562db5b25048167c,2026-08-21,SZP,SZP,SZP,AUXILIARY,,ULTG DURIKOSAMBI,GISTET 500KV KEMBANGAN,PHT 500kV DURIKOSAMBI,#1,,,SZP,,,,,,,ASSET|GISTET 500KV KEMBANGAN|PHT 500KV DURIKOSAMBI|#1|?|?|SZP,LOW,incomplete exact attributes; no fuzzy merge
Data Setting Penghantar UPT DKSBI.xlsx,SZP,43,f0ba5b0036e47fb050940334d394bb217cdf81dcbdeea63e562db5b25048167c,2026-08-21,SZP,SZP,SZP,AUXILIARY,,ULTG DURIKOSAMBI,GISTET 500KV KEMBANGAN,PHT 500kV DURIKOSAMBI,#2,,,SZP,,,,,,,ASSET|GISTET 500KV KEMBANGAN|PHT 500KV DURIKOSAMBI|#2|?|?|SZP,LOW,incomplete exact attributes; no fuzzy merge
Data Setting Penghantar UPT DKSBI.xlsx,SZP,44,f0ba5b0036e47fb050940334d394bb217cdf81dcbdeea63e562db5b25048167c,2026-08-21,SZP,SZP,SZP,AUXILIARY,,ULTG DURIKOSAMBI,GISTET 500KV KEMBANGAN,PHT 500kV GANDUL,#1,,,SZP,,,,,,,ASSET|GISTET 500KV KEMBANGAN|PHT 500KV GANDUL|#1|?|?|SZP,LOW,incomplete exact attributes; no fuzzy merge
Data Setting Penghantar UPT DKSBI.xlsx,SZP,45,f0ba5b0036e47fb050940334d394bb217cdf81dcbdeea63e562db5b25048167c,2026-08-21,SZP,SZP,SZP,AUXILIARY,,ULTG DURIKOSAMBI,GISTET 500KV KEMBANGAN,PHT 500kV GANDUL,#2,,,SZP,,,,,,,ASSET|GISTET 500KV KEMBANGAN|PHT 500KV GANDUL|#2|?|?|SZP,LOW,incomplete exact attributes; no fuzzy merge
Data Setting Penghantar UPT DKSBI.xlsx,SZP,46,f0ba5b0036e47fb050940334d394bb217cdf81dcbdeea63e562db5b25048167c,2026-08-21,SZP,SZP,SZP,AUXILIARY,,ULTG DURIKOSAMBI,GISTET 500KV KEMBANGAN,BALARAJA (FUTURE),#1,,,SZP,,,,,,,ASSET|GISTET 500KV KEMBANGAN|BALARAJA (FUTURE)|#1|?|?|SZP,LOW,incomplete exact attributes; no fuzzy merge
Data Setting Penghantar UPT DKSBI.xlsx,SZP,47,f0ba5b0036e47fb050940334d394bb217cdf81dcbdeea63e562db5b25048167c,2026-08-21,SZP,SZP,SZP,AUXILIARY,,ULTG DURIKOSAMBI,GISTET 500KV KEMBANGAN,BALARAJA (FUTURE),#2,,,SZP,,,,,,,ASSET|GISTET 500KV KEMBANGAN|BALARAJA (FUTURE)|#2|?|?|SZP,LOW,incomplete exact attributes; no fuzzy merge
Data Setting Penghantar UPT DKSBI.xlsx,SZP,48,f0ba5b0036e47fb050940334d394bb217cdf81dcbdeea63e562db5b25048167c,2026-08-21,SZP,SZP,SZP,AUXILIARY,,ULTG DURIKOSAMBI,GISTET 500KV KEMBANGAN,,,,,SZP,,,,,,,ASSET|GISTET 500KV KEMBANGAN|?|?|?|?|SZP,LOW,incomplete exact attributes; no fuzzy merge
Data Setting Penghantar UPT DKSBI.xlsx,SZP,49,f0ba5b0036e47fb050940334d394bb217cdf81dcbdeea63e562db5b25048167c,2026-08-21,SZP,SZP,SZP,AUXILIARY,,ULTG DURIKOSAMBI,GISTET 500KV KEMBANGAN,,,,,SZP,,,,,,,ASSET|GISTET 500KV KEMBANGAN|?|?|?|?|SZP,LOW,incomplete exact attributes; no fuzzy merge
Data Setting Penghantar UPT DKSBI.xlsx,SZP,50,f0ba5b0036e47fb050940334d394bb217cdf81dcbdeea63e562db5b25048167c,2026-08-21,SZP,SZP,SZP,AUXILIARY,,ULTG DURIKOSAMBI,GISTET 500KV KEMBANGAN,,,,,SZP,,,,,,,ASSET|GISTET 500KV KEMBANGAN|?|?|?|?|SZP,LOW,incomplete exact attributes; no fuzzy merge
Data Setting Penghantar UPT DKSBI.xlsx,SZP,51,f0ba5b0036e47fb050940334d394bb217cdf81dcbdeea63e562db5b25048167c,2026-08-21,SZP,SZP,SZP,AUXILIARY,,ULTG DURIKOSAMBI,GISTET 500KV KEMBANGAN,,,,,SZP,,,,,,,ASSET|GISTET 500KV KEMBANGAN|?|?|?|?|SZP,LOW,incomplete exact attributes; no fuzzy merge
